solid 구
 facet normal 0.00000 0.00000 0.00000
  outer loop
   vertex 0.0000 0.0000 0.0000
   vertex 0.0000 0.0000 0.0000
   vertex 5.7376 0.7554 0.3958
  endloop
 endfacet
 facet normal 0.06824 0.00447 -0.99766
  outer loop
   vertex 0.0000 0.0000 0.0000
   vertex 5.7376 0.7554 0.3958
   vertex 5.7871 0.0000 0.3958
  endloop
 endfacet
 facet normal 0.20344 0.01333 -0.97900
  outer loop
   vertex 5.7871 0.0000 0.3958
   vertex 5.7376 0.7554 0.3958
   vertex 11.3683 1.4967 1.5760
  endloop
 endfacet
 facet normal 0.20344 0.01333 -0.97900
  outer loop
   vertex 5.7871 0.0000 0.3958
   vertex 11.3683 1.4967 1.5760
   vertex 11.4664 0.0000 1.5760
  endloop
 endfacet
 facet normal 0.33480 0.02194 -0.94203
  outer loop
   vertex 11.4664 0.0000 1.5760
   vertex 11.3683 1.4967 1.5760
   vertex 16.7872 2.2101 3.5185
  endloop
 endfacet
 facet normal 0.33480 0.02194 -0.94203
  outer loop
   vertex 11.4664 0.0000 1.5760
   vertex 16.7872 2.2101 3.5185
   vertex 16.9320 0.0000 3.5185
  endloop
 endfacet
 facet normal 0.45986 0.03014 -0.88748
  outer loop
   vertex 16.9320 0.0000 3.5185
   vertex 16.7872 2.2101 3.5185
   vertex 21.8934 2.8823 6.1872
  endloop
 endfacet
 facet normal 0.45986 0.03014 -0.88748
  outer loop
   vertex 16.9320 0.0000 3.5185
   vertex 21.8934 2.8823 6.1872
   vertex 22.0823 0.0000 6.1872
  endloop
 endfacet
 facet normal 0.57627 0.03777 -0.81639
  outer loop
   vertex 22.0823 0.0000 6.1872
   vertex 21.8934 2.8823 6.1872
   vertex 26.5918 3.5009 9.5323
  endloop
 endfacet
 facet normal 0.57627 0.03777 -0.81639
  outer loop
   vertex 22.0823 0.0000 6.1872
   vertex 26.5918 3.5009 9.5323
   vertex 26.8212 0.0000 9.5323
  endloop
 endfacet
 facet normal 0.68187 0.04469 -0.73011
  outer loop
   vertex 26.8212 0.0000 9.5323
   vertex 26.5918 3.5009 9.5323
   vertex 30.7948 4.0542 13.4915
  endloop
 endfacet
 facet normal 0.68187 0.04469 -0.73011
  outer loop
   vertex 26.8212 0.0000 9.5323
   vertex 30.7948 4.0542 13.4915
   vertex 31.0605 0.0000 13.4915
  endloop
 endfacet
 facet normal 0.77471 0.05078 -0.63027
  outer loop
   vertex 31.0605 0.0000 13.4915
   vertex 30.7948 4.0542 13.4915
   vertex 34.4242 4.5320 17.9911
  endloop
 endfacet
 facet normal 0.77471 0.05078 -0.63027
  outer loop
   vertex 31.0605 0.0000 13.4915
   vertex 34.4242 4.5320 17.9911
   vertex 34.7212 0.0000 17.9911
  endloop
 endfacet
 facet normal 0.85308 0.05591 -0.51877
  outer loop
   vertex 34.7212 0.0000 17.9911
   vertex 34.4242 4.5320 17.9911
   vertex 37.4123 4.9254 22.9472
  endloop
 endfacet
 facet normal 0.85308 0.05591 -0.51877
  outer loop
   vertex 34.7212 0.0000 17.9911
   vertex 37.4123 4.9254 22.9472
   vertex 37.7351 0.0000 22.9472
  endloop
 endfacet
 facet normal 0.91556 0.06001 -0.39768
  outer loop
   vertex 37.7351 0.0000 22.9472
   vertex 37.4123 4.9254 22.9472
   vertex 39.7035 5.2271 28.2676
  endloop
 endfacet
 facet normal 0.91556 0.06001 -0.39768
  outer loop
   vertex 37.7351 0.0000 22.9472
   vertex 39.7035 5.2271 28.2676
   vertex 40.0461 0.0000 28.2676
  endloop
 endfacet
 facet normal 0.96101 0.06299 -0.26926
  outer loop
   vertex 40.0461 0.0000 28.2676
   vertex 39.7035 5.2271 28.2676
   vertex 41.2551 5.4313 33.8531
  endloop
 endfacet
 facet normal 0.96101 0.06299 -0.26926
  outer loop
   vertex 40.0461 0.0000 28.2676
   vertex 41.2551 5.4313 33.8531
   vertex 41.6111 0.0000 33.8531
  endloop
 endfacet
 facet normal 0.98860 0.06480 -0.13588
  outer loop
   vertex 41.6111 0.0000 33.8531
   vertex 41.2551 5.4313 33.8531
   vertex 42.0382 5.5344 39.5997
  endloop
 endfacet
 facet normal 0.98860 0.06480 -0.13588
  outer loop
   vertex 41.6111 0.0000 33.8531
   vertex 42.0382 5.5344 39.5997
   vertex 42.4009 0.0000 39.5997
  endloop
 endfacet
 facet normal 0.99786 0.06540 0.00000
  outer loop
   vertex 42.4009 0.0000 39.5997
   vertex 42.0382 5.5344 39.5997
   vertex 42.0382 5.5344 45.4003
  endloop
 endfacet
 facet normal 0.99786 0.06540 -0.00000
  outer loop
   vertex 42.4009 0.0000 39.5997
   vertex 42.0382 5.5344 45.4003
   vertex 42.4009 0.0000 45.4003
  endloop
 endfacet
 facet normal 0.98860 0.06480 0.13588
  outer loop
   vertex 42.4009 0.0000 45.4003
   vertex 42.0382 5.5344 45.4003
   vertex 41.2551 5.4313 51.1469
  endloop
 endfacet
 facet normal 0.98860 0.06480 0.13588
  outer loop
   vertex 42.4009 0.0000 45.4003
   vertex 41.2551 5.4313 51.1469
   vertex 41.6111 0.0000 51.1469
  endloop
 endfacet
 facet normal 0.96101 0.06299 0.26926
  outer loop
   vertex 41.6111 0.0000 51.1469
   vertex 41.2551 5.4313 51.1469
   vertex 39.7035 5.2271 56.7324
  endloop
 endfacet
 facet normal 0.96101 0.06299 0.26926
  outer loop
   vertex 41.6111 0.0000 51.1469
   vertex 39.7035 5.2271 56.7324
   vertex 40.0461 0.0000 56.7324
  endloop
 endfacet
 facet normal 0.91556 0.06001 0.39768
  outer loop
   vertex 40.0461 0.0000 56.7324
   vertex 39.7035 5.2271 56.7324
   vertex 37.4123 4.9254 62.0528
  endloop
 endfacet
 facet normal 0.91556 0.06001 0.39768
  outer loop
   vertex 40.0461 0.0000 56.7324
   vertex 37.4123 4.9254 62.0528
   vertex 37.7351 0.0000 62.0528
  endloop
 endfacet
 facet normal 0.85308 0.05591 0.51877
  outer loop
   vertex 37.7351 0.0000 62.0528
   vertex 37.4123 4.9254 62.0528
   vertex 34.4242 4.5320 67.0089
  endloop
 endfacet
 facet normal 0.85308 0.05591 0.51877
  outer loop
   vertex 37.7351 0.0000 62.0528
   vertex 34.4242 4.5320 67.0089
   vertex 34.7212 0.0000 67.0089
  endloop
 endfacet
 facet normal 0.77471 0.05078 0.63027
  outer loop
   vertex 34.7212 0.0000 67.0089
   vertex 34.4242 4.5320 67.0089
   vertex 30.7948 4.0542 71.5085
  endloop
 endfacet
 facet normal 0.77471 0.05078 0.63027
  outer loop
   vertex 34.7212 0.0000 67.0089
   vertex 30.7948 4.0542 71.5085
   vertex 31.0605 0.0000 71.5085
  endloop
 endfacet
 facet normal 0.68187 0.04469 0.73011
  outer loop
   vertex 31.0605 0.0000 71.5085
   vertex 30.7948 4.0542 71.5085
   vertex 26.5918 3.5009 75.4677
  endloop
 endfacet
 facet normal 0.68187 0.04469 0.73011
  outer loop
   vertex 31.0605 0.0000 71.5085
   vertex 26.5918 3.5009 75.4677
   vertex 26.8212 0.0000 75.4677
  endloop
 endfacet
 facet normal 0.57627 0.03777 0.81639
  outer loop
   vertex 26.8212 0.0000 75.4677
   vertex 26.5918 3.5009 75.4677
   vertex 21.8934 2.8823 78.8128
  endloop
 endfacet
 facet normal 0.57627 0.03777 0.81639
  outer loop
   vertex 26.8212 0.0000 75.4677
   vertex 21.8934 2.8823 78.8128
   vertex 22.0823 0.0000 78.8128
  endloop
 endfacet
 facet normal 0.45986 0.03014 0.88748
  outer loop
   vertex 22.0823 0.0000 78.8128
   vertex 21.8934 2.8823 78.8128
   vertex 16.7872 2.2101 81.4815
  endloop
 endfacet
 facet normal 0.45986 0.03014 0.88748
  outer loop
   vertex 22.0823 0.0000 78.8128
   vertex 16.7872 2.2101 81.4815
   vertex 16.9320 0.0000 81.4815
  endloop
 endfacet
 facet normal 0.33480 0.02194 0.94203
  outer loop
   vertex 16.9320 0.0000 81.4815
   vertex 16.7872 2.2101 81.4815
   vertex 11.3683 1.4967 83.4240
  endloop
 endfacet
 facet normal 0.33480 0.02194 0.94203
  outer loop
   vertex 16.9320 0.0000 81.4815
   vertex 11.3683 1.4967 83.4240
   vertex 11.4664 0.0000 83.4240
  endloop
 endfacet
 facet normal 0.20344 0.01333 0.97900
  outer loop
   vertex 11.4664 0.0000 83.4240
   vertex 11.3683 1.4967 83.4240
   vertex 5.7376 0.7554 84.6042
  endloop
 endfacet
 facet normal 0.20344 0.01333 0.97900
  outer loop
   vertex 11.4664 0.0000 83.4240
   vertex 5.7376 0.7554 84.6042
   vertex 5.7871 0.0000 84.6042
  endloop
 endfacet
 facet normal 0.06824 0.00447 0.99766
  outer loop
   vertex 5.7871 0.0000 84.6042
   vertex 5.7376 0.7554 84.6042
   vertex 0.0000 0.0000 85.0000
  endloop
 endfacet
 facet normal 0.00000 0.00000 0.00000
  outer loop
   vertex 5.7871 0.0000 84.6042
   vertex 0.0000 0.0000 85.0000
   vertex 0.0000 0.0000 85.0000
  endloop
 endfacet
 facet normal 0.00000 0.00000 0.00000
  outer loop
   vertex 0.0000 0.0000 0.0000
   vertex 0.0000 0.0000 0.0000
   vertex 5.5899 1.4978 0.3958
  endloop
 endfacet
 facet normal 0.06707 0.01334 -0.99766
  outer loop
   vertex 0.0000 0.0000 0.0000
   vertex 5.5899 1.4978 0.3958
   vertex 5.7376 0.7554 0.3958
  endloop
 endfacet
 facet normal 0.19996 0.03977 -0.97900
  outer loop
   vertex 5.7376 0.7554 0.3958
   vertex 5.5899 1.4978 0.3958
   vertex 11.0757 2.9677 1.5760
  endloop
 endfacet
 facet normal 0.19996 0.03977 -0.97900
  outer loop
   vertex 5.7376 0.7554 0.3958
   vertex 11.0757 2.9677 1.5760
   vertex 11.3683 1.4967 1.5760
  endloop
 endfacet
 facet normal 0.32907 0.06546 -0.94203
  outer loop
   vertex 11.3683 1.4967 1.5760
   vertex 11.0757 2.9677 1.5760
   vertex 16.3551 4.3823 3.5185
  endloop
 endfacet
 facet normal 0.32907 0.06546 -0.94203
  outer loop
   vertex 11.3683 1.4967 1.5760
   vertex 16.3551 4.3823 3.5185
   vertex 16.7872 2.2101 3.5185
  endloop
 endfacet
 facet normal 0.45199 0.08991 -0.88748
  outer loop
   vertex 16.7872 2.2101 3.5185
   vertex 16.3551 4.3823 3.5185
   vertex 21.3299 5.7153 6.1872
  endloop
 endfacet
 facet normal 0.45199 0.08991 -0.88748
  outer loop
   vertex 16.7872 2.2101 3.5185
   vertex 21.3299 5.7153 6.1872
   vertex 21.8934 2.8823 6.1872
  endloop
 endfacet
 facet normal 0.56641 0.11267 -0.81639
  outer loop
   vertex 21.8934 2.8823 6.1872
   vertex 21.3299 5.7153 6.1872
   vertex 25.9073 6.9418 9.5323
  endloop
 endfacet
 facet normal 0.56641 0.11267 -0.81639
  outer loop
   vertex 21.8934 2.8823 6.1872
   vertex 25.9073 6.9418 9.5323
   vertex 26.5918 3.5009 9.5323
  endloop
 endfacet
 facet normal 0.67020 0.13331 -0.73011
  outer loop
   vertex 26.5918 3.5009 9.5323
   vertex 25.9073 6.9418 9.5323
   vertex 30.0022 8.0391 13.4915
  endloop
 endfacet
 facet normal 0.67020 0.13331 -0.73011
  outer loop
   vertex 26.5918 3.5009 9.5323
   vertex 30.0022 8.0391 13.4915
   vertex 30.7948 4.0542 13.4915
  endloop
 endfacet
 facet normal 0.76146 0.15146 -0.63027
  outer loop
   vertex 30.7948 4.0542 13.4915
   vertex 30.0022 8.0391 13.4915
   vertex 33.5381 8.9865 17.9911
  endloop
 endfacet
 facet normal 0.76146 0.15146 -0.63027
  outer loop
   vertex 30.7948 4.0542 13.4915
   vertex 33.5381 8.9865 17.9911
   vertex 34.4242 4.5320 17.9911
  endloop
 endfacet
 facet normal 0.83849 0.16679 -0.51877
  outer loop
   vertex 34.4242 4.5320 17.9911
   vertex 33.5381 8.9865 17.9911
   vertex 36.4493 9.7666 22.9472
  endloop
 endfacet
 facet normal 0.83849 0.16679 -0.51877
  outer loop
   vertex 34.4242 4.5320 17.9911
   vertex 36.4493 9.7666 22.9472
   vertex 37.4123 4.9254 22.9472
  endloop
 endfacet
 facet normal 0.89989 0.17900 -0.39768
  outer loop
   vertex 37.4123 4.9254 22.9472
   vertex 36.4493 9.7666 22.9472
   vertex 38.6816 10.3647 28.2676
  endloop
 endfacet
 facet normal 0.89989 0.17900 -0.39768
  outer loop
   vertex 37.4123 4.9254 22.9472
   vertex 38.6816 10.3647 28.2676
   vertex 39.7035 5.2271 28.2676
  endloop
 endfacet
 facet normal 0.94456 0.18789 -0.26926
  outer loop
   vertex 39.7035 5.2271 28.2676
   vertex 38.6816 10.3647 28.2676
   vertex 40.1932 10.7697 33.8531
  endloop
 endfacet
 facet normal 0.94456 0.18789 -0.26926
  outer loop
   vertex 39.7035 5.2271 28.2676
   vertex 40.1932 10.7697 33.8531
   vertex 41.2551 5.4313 33.8531
  endloop
 endfacet
 facet normal 0.97169 0.19328 -0.13588
  outer loop
   vertex 41.2551 5.4313 33.8531
   vertex 40.1932 10.7697 33.8531
   vertex 40.9561 10.9742 39.5997
  endloop
 endfacet
 facet normal 0.97169 0.19328 -0.13588
  outer loop
   vertex 41.2551 5.4313 33.8531
   vertex 40.9561 10.9742 39.5997
   vertex 42.0382 5.5344 39.5997
  endloop
 endfacet
 facet normal 0.98079 0.19509 0.00000
  outer loop
   vertex 42.0382 5.5344 39.5997
   vertex 40.9561 10.9742 39.5997
   vertex 40.9561 10.9742 45.4003
  endloop
 endfacet
 facet normal 0.98079 0.19509 -0.00000
  outer loop
   vertex 42.0382 5.5344 39.5997
   vertex 40.9561 10.9742 45.4003
   vertex 42.0382 5.5344 45.4003
  endloop
 endfacet
 facet normal 0.97169 0.19328 0.13588
  outer loop
   vertex 42.0382 5.5344 45.4003
   vertex 40.9561 10.9742 45.4003
   vertex 40.1932 10.7697 51.1469
  endloop
 endfacet
 facet normal 0.97169 0.19328 0.13588
  outer loop
   vertex 42.0382 5.5344 45.4003
   vertex 40.1932 10.7697 51.1469
   vertex 41.2551 5.4313 51.1469
  endloop
 endfacet
 facet normal 0.94456 0.18789 0.26926
  outer loop
   vertex 41.2551 5.4313 51.1469
   vertex 40.1932 10.7697 51.1469
   vertex 38.6816 10.3647 56.7324
  endloop
 endfacet
 facet normal 0.94456 0.18789 0.26926
  outer loop
   vertex 41.2551 5.4313 51.1469
   vertex 38.6816 10.3647 56.7324
   vertex 39.7035 5.2271 56.7324
  endloop
 endfacet
 facet normal 0.89989 0.17900 0.39768
  outer loop
   vertex 39.7035 5.2271 56.7324
   vertex 38.6816 10.3647 56.7324
   vertex 36.4493 9.7666 62.0528
  endloop
 endfacet
 facet normal 0.89989 0.17900 0.39768
  outer loop
   vertex 39.7035 5.2271 56.7324
   vertex 36.4493 9.7666 62.0528
   vertex 37.4123 4.9254 62.0528
  endloop
 endfacet
 facet normal 0.83849 0.16679 0.51877
  outer loop
   vertex 37.4123 4.9254 62.0528
   vertex 36.4493 9.7666 62.0528
   vertex 33.5381 8.9865 67.0089
  endloop
 endfacet
 facet normal 0.83849 0.16679 0.51877
  outer loop
   vertex 37.4123 4.9254 62.0528
   vertex 33.5381 8.9865 67.0089
   vertex 34.4242 4.5320 67.0089
  endloop
 endfacet
 facet normal 0.76146 0.15146 0.63027
  outer loop
   vertex 34.4242 4.5320 67.0089
   vertex 33.5381 8.9865 67.0089
   vertex 30.0022 8.0391 71.5085
  endloop
 endfacet
 facet normal 0.76146 0.15146 0.63027
  outer loop
   vertex 34.4242 4.5320 67.0089
   vertex 30.0022 8.0391 71.5085
   vertex 30.7948 4.0542 71.5085
  endloop
 endfacet
 facet normal 0.67020 0.13331 0.73011
  outer loop
   vertex 30.7948 4.0542 71.5085
   vertex 30.0022 8.0391 71.5085
   vertex 25.9073 6.9418 75.4677
  endloop
 endfacet
 facet normal 0.67020 0.13331 0.73011
  outer loop
   vertex 30.7948 4.0542 71.5085
   vertex 25.9073 6.9418 75.4677
   vertex 26.5918 3.5009 75.4677
  endloop
 endfacet
 facet normal 0.56641 0.11267 0.81639
  outer loop
   vertex 26.5918 3.5009 75.4677
   vertex 25.9073 6.9418 75.4677
   vertex 21.3299 5.7153 78.8128
  endloop
 endfacet
 facet normal 0.56641 0.11267 0.81639
  outer loop
   vertex 26.5918 3.5009 75.4677
   vertex 21.3299 5.7153 78.8128
   vertex 21.8934 2.8823 78.8128
  endloop
 endfacet
 facet normal 0.45199 0.08991 0.88748
  outer loop
   vertex 21.8934 2.8823 78.8128
   vertex 21.3299 5.7153 78.8128
   vertex 16.3551 4.3823 81.4815
  endloop
 endfacet
 facet normal 0.45199 0.08991 0.88748
  outer loop
   vertex 21.8934 2.8823 78.8128
   vertex 16.3551 4.3823 81.4815
   vertex 16.7872 2.2101 81.4815
  endloop
 endfacet
 facet normal 0.32907 0.06546 0.94203
  outer loop
   vertex 16.7872 2.2101 81.4815
   vertex 16.3551 4.3823 81.4815
   vertex 11.0757 2.9677 83.4240
  endloop
 endfacet
 facet normal 0.32907 0.06546 0.94203
  outer loop
   vertex 16.7872 2.2101 81.4815
   vertex 11.0757 2.9677 83.4240
   vertex 11.3683 1.4967 83.4240
  endloop
 endfacet
 facet normal 0.19996 0.03977 0.97900
  outer loop
   vertex 11.3683 1.4967 83.4240
   vertex 11.0757 2.9677 83.4240
   vertex 5.5899 1.4978 84.6042
  endloop
 endfacet
 facet normal 0.19996 0.03977 0.97900
  outer loop
   vertex 11.3683 1.4967 83.4240
   vertex 5.5899 1.4978 84.6042
   vertex 5.7376 0.7554 84.6042
  endloop
 endfacet
 facet normal 0.06707 0.01334 0.99766
  outer loop
   vertex 5.7376 0.7554 84.6042
   vertex 5.5899 1.4978 84.6042
   vertex 0.0000 0.0000 85.0000
  endloop
 endfacet
 facet normal 0.00000 0.00000 0.00000
  outer loop
   vertex 5.7376 0.7554 84.6042
   vertex 0.0000 0.0000 85.0000
   vertex 0.0000 0.0000 85.0000
  endloop
 endfacet
 facet normal 0.00000 0.00000 0.00000
  outer loop
   vertex 0.0000 0.0000 0.0000
   vertex 0.0000 0.0000 0.0000
   vertex 5.3466 2.2146 0.3958
  endloop
 endfacet
 facet normal 0.06476 0.02198 -0.99766
  outer loop
   vertex 0.0000 0.0000 0.0000
   vertex 5.3466 2.2146 0.3958
   vertex 5.5899 1.4978 0.3958
  endloop
 endfacet
 facet normal 0.19305 0.06553 -0.97900
  outer loop
   vertex 5.5899 1.4978 0.3958
   vertex 5.3466 2.2146 0.3958
   vertex 10.5935 4.3880 1.5760
  endloop
 endfacet
 facet normal 0.19305 0.06553 -0.97900
  outer loop
   vertex 5.5899 1.4978 0.3958
   vertex 10.5935 4.3880 1.5760
   vertex 11.0757 2.9677 1.5760
  endloop
 endfacet
 facet normal 0.31771 0.10785 -0.94203
  outer loop
   vertex 11.0757 2.9677 1.5760
   vertex 10.5935 4.3880 1.5760
   vertex 15.6432 6.4796 3.5185
  endloop
 endfacet
 facet normal 0.31771 0.10785 -0.94203
  outer loop
   vertex 11.0757 2.9677 1.5760
   vertex 15.6432 6.4796 3.5185
   vertex 16.3551 4.3823 3.5185
  endloop
 endfacet
 facet normal 0.43639 0.14813 -0.88748
  outer loop
   vertex 16.3551 4.3823 3.5185
   vertex 15.6432 6.4796 3.5185
   vertex 20.4014 8.4505 6.1872
  endloop
 endfacet
 facet normal 0.43639 0.14813 -0.88748
  outer loop
   vertex 16.3551 4.3823 3.5185
   vertex 20.4014 8.4505 6.1872
   vertex 21.3299 5.7153 6.1872
  endloop
 endfacet
 facet normal 0.54686 0.18563 -0.81639
  outer loop
   vertex 21.3299 5.7153 6.1872
   vertex 20.4014 8.4505 6.1872
   vertex 24.7796 10.2640 9.5323
  endloop
 endfacet
 facet normal 0.54686 0.18563 -0.81639
  outer loop
   vertex 21.3299 5.7153 6.1872
   vertex 24.7796 10.2640 9.5323
   vertex 25.9073 6.9418 9.5323
  endloop
 endfacet
 facet normal 0.64707 0.21965 -0.73011
  outer loop
   vertex 25.9073 6.9418 9.5323
   vertex 24.7796 10.2640 9.5323
   vertex 28.6962 11.8863 13.4915
  endloop
 endfacet
 facet normal 0.64707 0.21965 -0.73011
  outer loop
   vertex 25.9073 6.9418 9.5323
   vertex 28.6962 11.8863 13.4915
   vertex 30.0022 8.0391 13.4915
  endloop
 endfacet
 facet normal 0.73517 0.24956 -0.63027
  outer loop
   vertex 30.0022 8.0391 13.4915
   vertex 28.6962 11.8863 13.4915
   vertex 32.0782 13.2872 17.9911
  endloop
 endfacet
 facet normal 0.73517 0.24956 -0.63027
  outer loop
   vertex 30.0022 8.0391 13.4915
   vertex 32.0782 13.2872 17.9911
   vertex 33.5381 8.9865 17.9911
  endloop
 endfacet
 facet normal 0.80954 0.27480 -0.51877
  outer loop
   vertex 33.5381 8.9865 17.9911
   vertex 32.0782 13.2872 17.9911
   vertex 34.8627 14.4406 22.9472
  endloop
 endfacet
 facet normal 0.80954 0.27480 -0.51877
  outer loop
   vertex 33.5381 8.9865 17.9911
   vertex 34.8627 14.4406 22.9472
   vertex 36.4493 9.7666 22.9472
  endloop
 endfacet
 facet normal 0.86883 0.29493 -0.39768
  outer loop
   vertex 36.4493 9.7666 22.9472
   vertex 34.8627 14.4406 22.9472
   vertex 36.9978 15.3250 28.2676
  endloop
 endfacet
 facet normal 0.86883 0.29493 -0.39768
  outer loop
   vertex 36.4493 9.7666 22.9472
   vertex 36.9978 15.3250 28.2676
   vertex 38.6816 10.3647 28.2676
  endloop
 endfacet
 facet normal 0.91196 0.30957 -0.26926
  outer loop
   vertex 38.6816 10.3647 28.2676
   vertex 36.9978 15.3250 28.2676
   vertex 38.4436 15.9239 33.8531
  endloop
 endfacet
 facet normal 0.91196 0.30957 -0.26926
  outer loop
   vertex 38.6816 10.3647 28.2676
   vertex 38.4436 15.9239 33.8531
   vertex 40.1932 10.7697 33.8531
  endloop
 endfacet
 facet normal 0.93815 0.31846 -0.13588
  outer loop
   vertex 40.1932 10.7697 33.8531
   vertex 38.4436 15.9239 33.8531
   vertex 39.1733 16.2261 39.5997
  endloop
 endfacet
 facet normal 0.93815 0.31846 -0.13588
  outer loop
   vertex 40.1932 10.7697 33.8531
   vertex 39.1733 16.2261 39.5997
   vertex 40.9561 10.9742 39.5997
  endloop
 endfacet
 facet normal 0.94693 0.32144 0.00000
  outer loop
   vertex 40.9561 10.9742 39.5997
   vertex 39.1733 16.2261 39.5997
   vertex 39.1733 16.2261 45.4003
  endloop
 endfacet
 facet normal 0.94693 0.32144 -0.00000
  outer loop
   vertex 40.9561 10.9742 39.5997
   vertex 39.1733 16.2261 45.4003
   vertex 40.9561 10.9742 45.4003
  endloop
 endfacet
 facet normal 0.93815 0.31846 0.13588
  outer loop
   vertex 40.9561 10.9742 45.4003
   vertex 39.1733 16.2261 45.4003
   vertex 38.4436 15.9239 51.1469
  endloop
 endfacet
 facet normal 0.93815 0.31846 0.13588
  outer loop
   vertex 40.9561 10.9742 45.4003
   vertex 38.4436 15.9239 51.1469
   vertex 40.1932 10.7697 51.1469
  endloop
 endfacet
 facet normal 0.91196 0.30957 0.26926
  outer loop
   vertex 40.1932 10.7697 51.1469
   vertex 38.4436 15.9239 51.1469
   vertex 36.9978 15.3250 56.7324
  endloop
 endfacet
 facet normal 0.91196 0.30957 0.26926
  outer loop
   vertex 40.1932 10.7697 51.1469
   vertex 36.9978 15.3250 56.7324
   vertex 38.6816 10.3647 56.7324
  endloop
 endfacet
 facet normal 0.86883 0.29493 0.39768
  outer loop
   vertex 38.6816 10.3647 56.7324
   vertex 36.9978 15.3250 56.7324
   vertex 34.8627 14.4406 62.0528
  endloop
 endfacet
 facet normal 0.86883 0.29493 0.39768
  outer loop
   vertex 38.6816 10.3647 56.7324
   vertex 34.8627 14.4406 62.0528
   vertex 36.4493 9.7666 62.0528
  endloop
 endfacet
 facet normal 0.80954 0.27480 0.51877
  outer loop
   vertex 36.4493 9.7666 62.0528
   vertex 34.8627 14.4406 62.0528
   vertex 32.0782 13.2872 67.0089
  endloop
 endfacet
 facet normal 0.80954 0.27480 0.51877
  outer loop
   vertex 36.4493 9.7666 62.0528
   vertex 32.0782 13.2872 67.0089
   vertex 33.5381 8.9865 67.0089
  endloop
 endfacet
 facet normal 0.73517 0.24956 0.63027
  outer loop
   vertex 33.5381 8.9865 67.0089
   vertex 32.0782 13.2872 67.0089
   vertex 28.6962 11.8863 71.5085
  endloop
 endfacet
 facet normal 0.73517 0.24956 0.63027
  outer loop
   vertex 33.5381 8.9865 67.0089
   vertex 28.6962 11.8863 71.5085
   vertex 30.0022 8.0391 71.5085
  endloop
 endfacet
 facet normal 0.64707 0.21965 0.73011
  outer loop
   vertex 30.0022 8.0391 71.5085
   vertex 28.6962 11.8863 71.5085
   vertex 24.7796 10.2640 75.4677
  endloop
 endfacet
 facet normal 0.64707 0.21965 0.73011
  outer loop
   vertex 30.0022 8.0391 71.5085
   vertex 24.7796 10.2640 75.4677
   vertex 25.9073 6.9418 75.4677
  endloop
 endfacet
 facet normal 0.54686 0.18563 0.81639
  outer loop
   vertex 25.9073 6.9418 75.4677
   vertex 24.7796 10.2640 75.4677
   vertex 20.4014 8.4505 78.8128
  endloop
 endfacet
 facet normal 0.54686 0.18563 0.81639
  outer loop
   vertex 25.9073 6.9418 75.4677
   vertex 20.4014 8.4505 78.8128
   vertex 21.3299 5.7153 78.8128
  endloop
 endfacet
 facet normal 0.43639 0.14813 0.88748
  outer loop
   vertex 21.3299 5.7153 78.8128
   vertex 20.4014 8.4505 78.8128
   vertex 15.6432 6.4796 81.4815
  endloop
 endfacet
 facet normal 0.43639 0.14813 0.88748
  outer loop
   vertex 21.3299 5.7153 78.8128
   vertex 15.6432 6.4796 81.4815
   vertex 16.3551 4.3823 81.4815
  endloop
 endfacet
 facet normal 0.31771 0.10785 0.94203
  outer loop
   vertex 16.3551 4.3823 81.4815
   vertex 15.6432 6.4796 81.4815
   vertex 10.5935 4.3880 83.4240
  endloop
 endfacet
 facet normal 0.31771 0.10785 0.94203
  outer loop
   vertex 16.3551 4.3823 81.4815
   vertex 10.5935 4.3880 83.4240
   vertex 11.0757 2.9677 83.4240
  endloop
 endfacet
 facet normal 0.19305 0.06553 0.97900
  outer loop
   vertex 11.0757 2.9677 83.4240
   vertex 10.5935 4.3880 83.4240
   vertex 5.3466 2.2146 84.6042
  endloop
 endfacet
 facet normal 0.19305 0.06553 0.97900
  outer loop
   vertex 11.0757 2.9677 83.4240
   vertex 5.3466 2.2146 84.6042
   vertex 5.5899 1.4978 84.6042
  endloop
 endfacet
 facet normal 0.06476 0.02198 0.99766
  outer loop
   vertex 5.5899 1.4978 84.6042
   vertex 5.3466 2.2146 84.6042
   vertex 0.0000 0.0000 85.0000
  endloop
 endfacet
 facet normal 0.00000 0.00000 0.00000
  outer loop
   vertex 5.5899 1.4978 84.6042
   vertex 0.0000 0.0000 85.0000
   vertex 0.0000 0.0000 85.0000
  endloop
 endfacet
 facet normal 0.00000 0.00000 0.00000
  outer loop
   vertex 0.0000 0.0000 0.0000
   vertex 0.0000 0.0000 0.0000
   vertex 5.0118 2.8935 0.3958
  endloop
 endfacet
 facet normal 0.06134 0.03025 -0.99766
  outer loop
   vertex 0.0000 0.0000 0.0000
   vertex 5.0118 2.8935 0.3958
   vertex 5.3466 2.2146 0.3958
  endloop
 endfacet
 facet normal 0.18285 0.09017 -0.97900
  outer loop
   vertex 5.3466 2.2146 0.3958
   vertex 5.0118 2.8935 0.3958
   vertex 9.9302 5.7332 1.5760
  endloop
 endfacet
 facet normal 0.18285 0.09017 -0.97900
  outer loop
   vertex 5.3466 2.2146 0.3958
   vertex 9.9302 5.7332 1.5760
   vertex 10.5935 4.3880 1.5760
  endloop
 endfacet
 facet normal 0.30092 0.14840 -0.94203
  outer loop
   vertex 10.5935 4.3880 1.5760
   vertex 9.9302 5.7332 1.5760
   vertex 14.6636 8.4660 3.5185
  endloop
 endfacet
 facet normal 0.30092 0.14840 -0.94203
  outer loop
   vertex 10.5935 4.3880 1.5760
   vertex 14.6636 8.4660 3.5185
   vertex 15.6432 6.4796 3.5185
  endloop
 endfacet
 facet normal 0.41332 0.20383 -0.88748
  outer loop
   vertex 15.6432 6.4796 3.5185
   vertex 14.6636 8.4660 3.5185
   vertex 19.1238 11.0412 6.1872
  endloop
 endfacet
 facet normal 0.41332 0.20383 -0.88748
  outer loop
   vertex 15.6432 6.4796 3.5185
   vertex 19.1238 11.0412 6.1872
   vertex 20.4014 8.4505 6.1872
  endloop
 endfacet
 facet normal 0.51795 0.25542 -0.81639
  outer loop
   vertex 20.4014 8.4505 6.1872
   vertex 19.1238 11.0412 6.1872
   vertex 23.2279 13.4106 9.5323
  endloop
 endfacet
 facet normal 0.51795 0.25542 -0.81639
  outer loop
   vertex 20.4014 8.4505 6.1872
   vertex 23.2279 13.4106 9.5323
   vertex 24.7796 10.2640 9.5323
  endloop
 endfacet
 facet normal 0.61286 0.30223 -0.73011
  outer loop
   vertex 24.7796 10.2640 9.5323
   vertex 23.2279 13.4106 9.5323
   vertex 26.8992 15.5303 13.4915
  endloop
 endfacet
 facet normal 0.61286 0.30223 -0.73011
  outer loop
   vertex 24.7796 10.2640 9.5323
   vertex 26.8992 15.5303 13.4915
   vertex 28.6962 11.8863 13.4915
  endloop
 endfacet
 facet normal 0.69631 0.34338 -0.63027
  outer loop
   vertex 28.6962 11.8863 13.4915
   vertex 26.8992 15.5303 13.4915
   vertex 30.0695 17.3606 17.9911
  endloop
 endfacet
 facet normal 0.69631 0.34338 -0.63027
  outer loop
   vertex 28.6962 11.8863 13.4915
   vertex 30.0695 17.3606 17.9911
   vertex 32.0782 13.2872 17.9911
  endloop
 endfacet
 facet normal 0.76675 0.37812 -0.51877
  outer loop
   vertex 32.0782 13.2872 17.9911
   vertex 30.0695 17.3606 17.9911
   vertex 32.6796 18.8676 22.9472
  endloop
 endfacet
 facet normal 0.76675 0.37812 -0.51877
  outer loop
   vertex 32.0782 13.2872 17.9911
   vertex 32.6796 18.8676 22.9472
   vertex 34.8627 14.4406 22.9472
  endloop
 endfacet
 facet normal 0.82290 0.40581 -0.39768
  outer loop
   vertex 34.8627 14.4406 22.9472
   vertex 32.6796 18.8676 22.9472
   vertex 34.6809 20.0230 28.2676
  endloop
 endfacet
 facet normal 0.82290 0.40581 -0.39768
  outer loop
   vertex 34.8627 14.4406 22.9472
   vertex 34.6809 20.0230 28.2676
   vertex 36.9978 15.3250 28.2676
  endloop
 endfacet
 facet normal 0.86375 0.42595 -0.26926
  outer loop
   vertex 36.9978 15.3250 28.2676
   vertex 34.6809 20.0230 28.2676
   vertex 36.0362 20.8055 33.8531
  endloop
 endfacet
 facet normal 0.86375 0.42595 -0.26926
  outer loop
   vertex 36.9978 15.3250 28.2676
   vertex 36.0362 20.8055 33.8531
   vertex 38.4436 15.9239 33.8531
  endloop
 endfacet
 facet normal 0.88855 0.43819 -0.13588
  outer loop
   vertex 38.4436 15.9239 33.8531
   vertex 36.0362 20.8055 33.8531
   vertex 36.7203 21.2005 39.5997
  endloop
 endfacet
 facet normal 0.88855 0.43819 -0.13588
  outer loop
   vertex 38.4436 15.9239 33.8531
   vertex 36.7203 21.2005 39.5997
   vertex 39.1733 16.2261 39.5997
  endloop
 endfacet
 facet normal 0.89687 0.44229 0.00000
  outer loop
   vertex 39.1733 16.2261 39.5997
   vertex 36.7203 21.2005 39.5997
   vertex 36.7203 21.2005 45.4003
  endloop
 endfacet
 facet normal 0.89687 0.44229 -0.00000
  outer loop
   vertex 39.1733 16.2261 39.5997
   vertex 36.7203 21.2005 45.4003
   vertex 39.1733 16.2261 45.4003
  endloop
 endfacet
 facet normal 0.88855 0.43819 0.13588
  outer loop
   vertex 39.1733 16.2261 45.4003
   vertex 36.7203 21.2005 45.4003
   vertex 36.0362 20.8055 51.1469
  endloop
 endfacet
 facet normal 0.88855 0.43819 0.13588
  outer loop
   vertex 39.1733 16.2261 45.4003
   vertex 36.0362 20.8055 51.1469
   vertex 38.4436 15.9239 51.1469
  endloop
 endfacet
 facet normal 0.86375 0.42595 0.26926
  outer loop
   vertex 38.4436 15.9239 51.1469
   vertex 36.0362 20.8055 51.1469
   vertex 34.6809 20.0230 56.7324
  endloop
 endfacet
 facet normal 0.86375 0.42595 0.26926
  outer loop
   vertex 38.4436 15.9239 51.1469
   vertex 34.6809 20.0230 56.7324
   vertex 36.9978 15.3250 56.7324
  endloop
 endfacet
 facet normal 0.82290 0.40581 0.39768
  outer loop
   vertex 36.9978 15.3250 56.7324
   vertex 34.6809 20.0230 56.7324
   vertex 32.6796 18.8676 62.0528
  endloop
 endfacet
 facet normal 0.82290 0.40581 0.39768
  outer loop
   vertex 36.9978 15.3250 56.7324
   vertex 32.6796 18.8676 62.0528
   vertex 34.8627 14.4406 62.0528
  endloop
 endfacet
 facet normal 0.76675 0.37812 0.51877
  outer loop
   vertex 34.8627 14.4406 62.0528
   vertex 32.6796 18.8676 62.0528
   vertex 30.0695 17.3606 67.0089
  endloop
 endfacet
 facet normal 0.76675 0.37812 0.51877
  outer loop
   vertex 34.8627 14.4406 62.0528
   vertex 30.0695 17.3606 67.0089
   vertex 32.0782 13.2872 67.0089
  endloop
 endfacet
 facet normal 0.69631 0.34338 0.63027
  outer loop
   vertex 32.0782 13.2872 67.0089
   vertex 30.0695 17.3606 67.0089
   vertex 26.8992 15.5303 71.5085
  endloop
 endfacet
 facet normal 0.69631 0.34338 0.63027
  outer loop
   vertex 32.0782 13.2872 67.0089
   vertex 26.8992 15.5303 71.5085
   vertex 28.6962 11.8863 71.5085
  endloop
 endfacet
 facet normal 0.61286 0.30223 0.73011
  outer loop
   vertex 28.6962 11.8863 71.5085
   vertex 26.8992 15.5303 71.5085
   vertex 23.2279 13.4106 75.4677
  endloop
 endfacet
 facet normal 0.61286 0.30223 0.73011
  outer loop
   vertex 28.6962 11.8863 71.5085
   vertex 23.2279 13.4106 75.4677
   vertex 24.7796 10.2640 75.4677
  endloop
 endfacet
 facet normal 0.51795 0.25542 0.81639
  outer loop
   vertex 24.7796 10.2640 75.4677
   vertex 23.2279 13.4106 75.4677
   vertex 19.1238 11.0412 78.8128
  endloop
 endfacet
 facet normal 0.51795 0.25542 0.81639
  outer loop
   vertex 24.7796 10.2640 75.4677
   vertex 19.1238 11.0412 78.8128
   vertex 20.4014 8.4505 78.8128
  endloop
 endfacet
 facet normal 0.41332 0.20383 0.88748
  outer loop
   vertex 20.4014 8.4505 78.8128
   vertex 19.1238 11.0412 78.8128
   vertex 14.6636 8.4660 81.4815
  endloop
 endfacet
 facet normal 0.41332 0.20383 0.88748
  outer loop
   vertex 20.4014 8.4505 78.8128
   vertex 14.6636 8.4660 81.4815
   vertex 15.6432 6.4796 81.4815
  endloop
 endfacet
 facet normal 0.30092 0.14840 0.94203
  outer loop
   vertex 15.6432 6.4796 81.4815
   vertex 14.6636 8.4660 81.4815
   vertex 9.9302 5.7332 83.4240
  endloop
 endfacet
 facet normal 0.30092 0.14840 0.94203
  outer loop
   vertex 15.6432 6.4796 81.4815
   vertex 9.9302 5.7332 83.4240
   vertex 10.5935 4.3880 83.4240
  endloop
 endfacet
 facet normal 0.18285 0.09017 0.97900
  outer loop
   vertex 10.5935 4.3880 83.4240
   vertex 9.9302 5.7332 83.4240
   vertex 5.0118 2.8935 84.6042
  endloop
 endfacet
 facet normal 0.18285 0.09017 0.97900
  outer loop
   vertex 10.5935 4.3880 83.4240
   vertex 5.0118 2.8935 84.6042
   vertex 5.3466 2.2146 84.6042
  endloop
 endfacet
 facet normal 0.06134 0.03025 0.99766
  outer loop
   vertex 5.3466 2.2146 84.6042
   vertex 5.0118 2.8935 84.6042
   vertex 0.0000 0.0000 85.0000
  endloop
 endfacet
 facet normal 0.00000 0.00000 0.00000
  outer loop
   vertex 5.3466 2.2146 84.6042
   vertex 0.0000 0.0000 85.0000
   vertex 0.0000 0.0000 85.0000
  endloop
 endfacet
 facet normal 0.00000 0.00000 0.00000
  outer loop
   vertex 0.0000 0.0000 0.0000
   vertex 0.0000 0.0000 0.0000
   vertex 4.5912 3.5230 0.3958
  endloop
 endfacet
 facet normal 0.05686 0.03799 -0.99766
  outer loop
   vertex 0.0000 0.0000 0.0000
   vertex 4.5912 3.5230 0.3958
   vertex 5.0118 2.8935 0.3958
  endloop
 endfacet
 facet normal 0.16952 0.11327 -0.97900
  outer loop
   vertex 5.0118 2.8935 0.3958
   vertex 4.5912 3.5230 0.3958
   vertex 9.0969 6.9803 1.5760
  endloop
 endfacet
 facet normal 0.16952 0.11327 -0.97900
  outer loop
   vertex 5.0118 2.8935 0.3958
   vertex 9.0969 6.9803 1.5760
   vertex 9.9302 5.7332 1.5760
  endloop
 endfacet
 facet normal 0.27897 0.18640 -0.94203
  outer loop
   vertex 9.9302 5.7332 1.5760
   vertex 9.0969 6.9803 1.5760
   vertex 13.4331 10.3076 3.5185
  endloop
 endfacet
 facet normal 0.27897 0.18640 -0.94203
  outer loop
   vertex 9.9302 5.7332 1.5760
   vertex 13.4331 10.3076 3.5185
   vertex 14.6636 8.4660 3.5185
  endloop
 endfacet
 facet normal 0.38318 0.25603 -0.88748
  outer loop
   vertex 14.6636 8.4660 3.5185
   vertex 13.4331 10.3076 3.5185
   vertex 17.5191 13.4429 6.1872
  endloop
 endfacet
 facet normal 0.38318 0.25603 -0.88748
  outer loop
   vertex 14.6636 8.4660 3.5185
   vertex 17.5191 13.4429 6.1872
   vertex 19.1238 11.0412 6.1872
  endloop
 endfacet
 facet normal 0.48018 0.32084 -0.81639
  outer loop
   vertex 19.1238 11.0412 6.1872
   vertex 17.5191 13.4429 6.1872
   vertex 21.2787 16.3277 9.5323
  endloop
 endfacet
 facet normal 0.48018 0.32084 -0.81639
  outer loop
   vertex 19.1238 11.0412 6.1872
   vertex 21.2787 16.3277 9.5323
   vertex 23.2279 13.4106 9.5323
  endloop
 endfacet
 facet normal 0.56817 0.37964 -0.73011
  outer loop
   vertex 23.2279 13.4106 9.5323
   vertex 21.2787 16.3277 9.5323
   vertex 24.6420 18.9085 13.4915
  endloop
 endfacet
 facet normal 0.56817 0.37964 -0.73011
  outer loop
   vertex 23.2279 13.4106 9.5323
   vertex 24.6420 18.9085 13.4915
   vertex 26.8992 15.5303 13.4915
  endloop
 endfacet
 facet normal 0.64553 0.43133 -0.63027
  outer loop
   vertex 26.8992 15.5303 13.4915
   vertex 24.6420 18.9085 13.4915
   vertex 27.5462 21.1369 17.9911
  endloop
 endfacet
 facet normal 0.64553 0.43133 -0.63027
  outer loop
   vertex 26.8992 15.5303 13.4915
   vertex 27.5462 21.1369 17.9911
   vertex 30.0695 17.3606 17.9911
  endloop
 endfacet
 facet normal 0.71083 0.47496 -0.51877
  outer loop
   vertex 30.0695 17.3606 17.9911
   vertex 27.5462 21.1369 17.9911
   vertex 29.9373 22.9717 22.9472
  endloop
 endfacet
 facet normal 0.71083 0.47496 -0.51877
  outer loop
   vertex 30.0695 17.3606 17.9911
   vertex 29.9373 22.9717 22.9472
   vertex 32.6796 18.8676 22.9472
  endloop
 endfacet
 facet normal 0.76289 0.50975 -0.39768
  outer loop
   vertex 32.6796 18.8676 22.9472
   vertex 29.9373 22.9717 22.9472
   vertex 31.7707 24.3785 28.2676
  endloop
 endfacet
 facet normal 0.76289 0.50975 -0.39768
  outer loop
   vertex 32.6796 18.8676 22.9472
   vertex 31.7707 24.3785 28.2676
   vertex 34.6809 20.0230 28.2676
  endloop
 endfacet
 facet normal 0.80076 0.53505 -0.26926
  outer loop
   vertex 34.6809 20.0230 28.2676
   vertex 31.7707 24.3785 28.2676
   vertex 33.0123 25.3312 33.8531
  endloop
 endfacet
 facet normal 0.80076 0.53505 -0.26926
  outer loop
   vertex 34.6809 20.0230 28.2676
   vertex 33.0123 25.3312 33.8531
   vertex 36.0362 20.8055 33.8531
  endloop
 endfacet
 facet normal 0.82376 0.55042 -0.13588
  outer loop
   vertex 36.0362 20.8055 33.8531
   vertex 33.0123 25.3312 33.8531
   vertex 33.6389 25.8120 39.5997
  endloop
 endfacet
 facet normal 0.82376 0.55042 -0.13588
  outer loop
   vertex 36.0362 20.8055 33.8531
   vertex 33.6389 25.8120 39.5997
   vertex 36.7203 21.2005 39.5997
  endloop
 endfacet
 facet normal 0.83147 0.55557 0.00000
  outer loop
   vertex 36.7203 21.2005 39.5997
   vertex 33.6389 25.8120 39.5997
   vertex 33.6389 25.8120 45.4003
  endloop
 endfacet
 facet normal 0.83147 0.55557 -0.00000
  outer loop
   vertex 36.7203 21.2005 39.5997
   vertex 33.6389 25.8120 45.4003
   vertex 36.7203 21.2005 45.4003
  endloop
 endfacet
 facet normal 0.82376 0.55042 0.13588
  outer loop
   vertex 36.7203 21.2005 45.4003
   vertex 33.6389 25.8120 45.4003
   vertex 33.0123 25.3312 51.1469
  endloop
 endfacet
 facet normal 0.82376 0.55042 0.13588
  outer loop
   vertex 36.7203 21.2005 45.4003
   vertex 33.0123 25.3312 51.1469
   vertex 36.0362 20.8055 51.1469
  endloop
 endfacet
 facet normal 0.80076 0.53505 0.26926
  outer loop
   vertex 36.0362 20.8055 51.1469
   vertex 33.0123 25.3312 51.1469
   vertex 31.7707 24.3785 56.7324
  endloop
 endfacet
 facet normal 0.80076 0.53505 0.26926
  outer loop
   vertex 36.0362 20.8055 51.1469
   vertex 31.7707 24.3785 56.7324
   vertex 34.6809 20.0230 56.7324
  endloop
 endfacet
 facet normal 0.76289 0.50975 0.39768
  outer loop
   vertex 34.6809 20.0230 56.7324
   vertex 31.7707 24.3785 56.7324
   vertex 29.9373 22.9717 62.0528
  endloop
 endfacet
 facet normal 0.76289 0.50975 0.39768
  outer loop
   vertex 34.6809 20.0230 56.7324
   vertex 29.9373 22.9717 62.0528
   vertex 32.6796 18.8676 62.0528
  endloop
 endfacet
 facet normal 0.71083 0.47496 0.51877
  outer loop
   vertex 32.6796 18.8676 62.0528
   vertex 29.9373 22.9717 62.0528
   vertex 27.5462 21.1369 67.0089
  endloop
 endfacet
 facet normal 0.71083 0.47496 0.51877
  outer loop
   vertex 32.6796 18.8676 62.0528
   vertex 27.5462 21.1369 67.0089
   vertex 30.0695 17.3606 67.0089
  endloop
 endfacet
 facet normal 0.64553 0.43133 0.63027
  outer loop
   vertex 30.0695 17.3606 67.0089
   vertex 27.5462 21.1369 67.0089
   vertex 24.6420 18.9085 71.5085
  endloop
 endfacet
 facet normal 0.64553 0.43133 0.63027
  outer loop
   vertex 30.0695 17.3606 67.0089
   vertex 24.6420 18.9085 71.5085
   vertex 26.8992 15.5303 71.5085
  endloop
 endfacet
 facet normal 0.56817 0.37964 0.73011
  outer loop
   vertex 26.8992 15.5303 71.5085
   vertex 24.6420 18.9085 71.5085
   vertex 21.2787 16.3277 75.4677
  endloop
 endfacet
 facet normal 0.56817 0.37964 0.73011
  outer loop
   vertex 26.8992 15.5303 71.5085
   vertex 21.2787 16.3277 75.4677
   vertex 23.2279 13.4106 75.4677
  endloop
 endfacet
 facet normal 0.48018 0.32084 0.81639
  outer loop
   vertex 23.2279 13.4106 75.4677
   vertex 21.2787 16.3277 75.4677
   vertex 17.5191 13.4429 78.8128
  endloop
 endfacet
 facet normal 0.48018 0.32084 0.81639
  outer loop
   vertex 23.2279 13.4106 75.4677
   vertex 17.5191 13.4429 78.8128
   vertex 19.1238 11.0412 78.8128
  endloop
 endfacet
 facet normal 0.38318 0.25603 0.88748
  outer loop
   vertex 19.1238 11.0412 78.8128
   vertex 17.5191 13.4429 78.8128
   vertex 13.4331 10.3076 81.4815
  endloop
 endfacet
 facet normal 0.38318 0.25603 0.88748
  outer loop
   vertex 19.1238 11.0412 78.8128
   vertex 13.4331 10.3076 81.4815
   vertex 14.6636 8.4660 81.4815
  endloop
 endfacet
 facet normal 0.27897 0.18640 0.94203
  outer loop
   vertex 14.6636 8.4660 81.4815
   vertex 13.4331 10.3076 81.4815
   vertex 9.0969 6.9803 83.4240
  endloop
 endfacet
 facet normal 0.27897 0.18640 0.94203
  outer loop
   vertex 14.6636 8.4660 81.4815
   vertex 9.0969 6.9803 83.4240
   vertex 9.9302 5.7332 83.4240
  endloop
 endfacet
 facet normal 0.16952 0.11327 0.97900
  outer loop
   vertex 9.9302 5.7332 83.4240
   vertex 9.0969 6.9803 83.4240
   vertex 4.5912 3.5230 84.6042
  endloop
 endfacet
 facet normal 0.16952 0.11327 0.97900
  outer loop
   vertex 9.9302 5.7332 83.4240
   vertex 4.5912 3.5230 84.6042
   vertex 5.0118 2.8935 84.6042
  endloop
 endfacet
 facet normal 0.05686 0.03799 0.99766
  outer loop
   vertex 5.0118 2.8935 84.6042
   vertex 4.5912 3.5230 84.6042
   vertex 0.0000 0.0000 85.0000
  endloop
 endfacet
 facet normal 0.00000 0.00000 0.00000
  outer loop
   vertex 5.0118 2.8935 84.6042
   vertex 0.0000 0.0000 85.0000
   vertex 0.0000 0.0000 85.0000
  endloop
 endfacet
 facet normal 0.00000 0.00000 0.00000
  outer loop
   vertex 0.0000 0.0000 0.0000
   vertex 0.0000 0.0000 0.0000
   vertex 4.0921 4.0921 0.3958
  endloop
 endfacet
 facet normal 0.05142 0.04509 -0.99766
  outer loop
   vertex 0.0000 0.0000 0.0000
   vertex 4.0921 4.0921 0.3958
   vertex 4.5912 3.5230 0.3958
  endloop
 endfacet
 facet normal 0.15328 0.13442 -0.97900
  outer loop
   vertex 4.5912 3.5230 0.3958
   vertex 4.0921 4.0921 0.3958
   vertex 8.1079 8.1079 1.5760
  endloop
 endfacet
 facet normal 0.15328 0.13442 -0.97900
  outer loop
   vertex 4.5912 3.5230 0.3958
   vertex 8.1079 8.1079 1.5760
   vertex 9.0969 6.9803 1.5760
  endloop
 endfacet
 facet normal 0.25226 0.22122 -0.94203
  outer loop
   vertex 9.0969 6.9803 1.5760
   vertex 8.1079 8.1079 1.5760
   vertex 11.9728 11.9728 3.5185
  endloop
 endfacet
 facet normal 0.25226 0.22122 -0.94203
  outer loop
   vertex 9.0969 6.9803 1.5760
   vertex 11.9728 11.9728 3.5185
   vertex 13.4331 10.3076 3.5185
  endloop
 endfacet
 facet normal 0.34648 0.30385 -0.88748
  outer loop
   vertex 13.4331 10.3076 3.5185
   vertex 11.9728 11.9728 3.5185
   vertex 15.6146 15.6146 6.1872
  endloop
 endfacet
 facet normal 0.34648 0.30385 -0.88748
  outer loop
   vertex 13.4331 10.3076 3.5185
   vertex 15.6146 15.6146 6.1872
   vertex 17.5191 13.4429 6.1872
  endloop
 endfacet
 facet normal 0.43419 0.38078 -0.81639
  outer loop
   vertex 17.5191 13.4429 6.1872
   vertex 15.6146 15.6146 6.1872
   vertex 18.9655 18.9655 9.5323
  endloop
 endfacet
 facet normal 0.43419 0.38078 -0.81639
  outer loop
   vertex 17.5191 13.4429 6.1872
   vertex 18.9655 18.9655 9.5323
   vertex 21.2787 16.3277 9.5323
  endloop
 endfacet
 facet normal 0.51376 0.45055 -0.73011
  outer loop
   vertex 21.2787 16.3277 9.5323
   vertex 18.9655 18.9655 9.5323
   vertex 21.9631 21.9631 13.4915
  endloop
 endfacet
 facet normal 0.51376 0.45055 -0.73011
  outer loop
   vertex 21.2787 16.3277 9.5323
   vertex 21.9631 21.9631 13.4915
   vertex 24.6420 18.9085 13.4915
  endloop
 endfacet
 facet normal 0.58371 0.51190 -0.63027
  outer loop
   vertex 24.6420 18.9085 13.4915
   vertex 21.9631 21.9631 13.4915
   vertex 24.5516 24.5516 17.9911
  endloop
 endfacet
 facet normal 0.58371 0.51190 -0.63027
  outer loop
   vertex 24.6420 18.9085 13.4915
   vertex 24.5516 24.5516 17.9911
   vertex 27.5462 21.1369 17.9911
  endloop
 endfacet
 facet normal 0.64276 0.56368 -0.51877
  outer loop
   vertex 27.5462 21.1369 17.9911
   vertex 24.5516 24.5516 17.9911
   vertex 26.6828 26.6828 22.9472
  endloop
 endfacet
 facet normal 0.64276 0.56368 -0.51877
  outer loop
   vertex 27.5462 21.1369 17.9911
   vertex 26.6828 26.6828 22.9472
   vertex 29.9373 22.9717 22.9472
  endloop
 endfacet
 facet normal 0.68983 0.60496 -0.39768
  outer loop
   vertex 29.9373 22.9717 22.9472
   vertex 26.6828 26.6828 22.9472
   vertex 28.3169 28.3169 28.2676
  endloop
 endfacet
 facet normal 0.68983 0.60496 -0.39768
  outer loop
   vertex 29.9373 22.9717 22.9472
   vertex 28.3169 28.3169 28.2676
   vertex 31.7707 24.3785 28.2676
  endloop
 endfacet
 facet normal 0.72407 0.63499 -0.26926
  outer loop
   vertex 31.7707 24.3785 28.2676
   vertex 28.3169 28.3169 28.2676
   vertex 29.4235 29.4235 33.8531
  endloop
 endfacet
 facet normal 0.72407 0.63499 -0.26926
  outer loop
   vertex 31.7707 24.3785 28.2676
   vertex 29.4235 29.4235 33.8531
   vertex 33.0123 25.3312 33.8531
  endloop
 endfacet
 facet normal 0.74487 0.65323 -0.13588
  outer loop
   vertex 33.0123 25.3312 33.8531
   vertex 29.4235 29.4235 33.8531
   vertex 29.9820 29.9820 39.5997
  endloop
 endfacet
 facet normal 0.74487 0.65323 -0.13588
  outer loop
   vertex 33.0123 25.3312 33.8531
   vertex 29.9820 29.9820 39.5997
   vertex 33.6389 25.8120 39.5997
  endloop
 endfacet
 facet normal 0.75184 0.65935 0.00000
  outer loop
   vertex 33.6389 25.8120 39.5997
   vertex 29.9820 29.9820 39.5997
   vertex 29.9820 29.9820 45.4003
  endloop
 endfacet
 facet normal 0.75184 0.65935 -0.00000
  outer loop
   vertex 33.6389 25.8120 39.5997
   vertex 29.9820 29.9820 45.4003
   vertex 33.6389 25.8120 45.4003
  endloop
 endfacet
 facet normal 0.74487 0.65323 0.13588
  outer loop
   vertex 33.6389 25.8120 45.4003
   vertex 29.9820 29.9820 45.4003
   vertex 29.4235 29.4235 51.1469
  endloop
 endfacet
 facet normal 0.74487 0.65323 0.13588
  outer loop
   vertex 33.6389 25.8120 45.4003
   vertex 29.4235 29.4235 51.1469
   vertex 33.0123 25.3312 51.1469
  endloop
 endfacet
 facet normal 0.72407 0.63499 0.26926
  outer loop
   vertex 33.0123 25.3312 51.1469
   vertex 29.4235 29.4235 51.1469
   vertex 28.3169 28.3169 56.7324
  endloop
 endfacet
 facet normal 0.72407 0.63499 0.26926
  outer loop
   vertex 33.0123 25.3312 51.1469
   vertex 28.3169 28.3169 56.7324
   vertex 31.7707 24.3785 56.7324
  endloop
 endfacet
 facet normal 0.68983 0.60496 0.39768
  outer loop
   vertex 31.7707 24.3785 56.7324
   vertex 28.3169 28.3169 56.7324
   vertex 26.6828 26.6828 62.0528
  endloop
 endfacet
 facet normal 0.68983 0.60496 0.39768
  outer loop
   vertex 31.7707 24.3785 56.7324
   vertex 26.6828 26.6828 62.0528
   vertex 29.9373 22.9717 62.0528
  endloop
 endfacet
 facet normal 0.64276 0.56368 0.51877
  outer loop
   vertex 29.9373 22.9717 62.0528
   vertex 26.6828 26.6828 62.0528
   vertex 24.5516 24.5516 67.0089
  endloop
 endfacet
 facet normal 0.64276 0.56368 0.51877
  outer loop
   vertex 29.9373 22.9717 62.0528
   vertex 24.5516 24.5516 67.0089
   vertex 27.5462 21.1369 67.0089
  endloop
 endfacet
 facet normal 0.58371 0.51190 0.63027
  outer loop
   vertex 27.5462 21.1369 67.0089
   vertex 24.5516 24.5516 67.0089
   vertex 21.9631 21.9631 71.5085
  endloop
 endfacet
 facet normal 0.58371 0.51190 0.63027
  outer loop
   vertex 27.5462 21.1369 67.0089
   vertex 21.9631 21.9631 71.5085
   vertex 24.6420 18.9085 71.5085
  endloop
 endfacet
 facet normal 0.51376 0.45055 0.73011
  outer loop
   vertex 24.6420 18.9085 71.5085
   vertex 21.9631 21.9631 71.5085
   vertex 18.9655 18.9655 75.4677
  endloop
 endfacet
 facet normal 0.51376 0.45055 0.73011
  outer loop
   vertex 24.6420 18.9085 71.5085
   vertex 18.9655 18.9655 75.4677
   vertex 21.2787 16.3277 75.4677
  endloop
 endfacet
 facet normal 0.43419 0.38078 0.81639
  outer loop
   vertex 21.2787 16.3277 75.4677
   vertex 18.9655 18.9655 75.4677
   vertex 15.6146 15.6146 78.8128
  endloop
 endfacet
 facet normal 0.43419 0.38078 0.81639
  outer loop
   vertex 21.2787 16.3277 75.4677
   vertex 15.6146 15.6146 78.8128
   vertex 17.5191 13.4429 78.8128
  endloop
 endfacet
 facet normal 0.34648 0.30385 0.88748
  outer loop
   vertex 17.5191 13.4429 78.8128
   vertex 15.6146 15.6146 78.8128
   vertex 11.9728 11.9728 81.4815
  endloop
 endfacet
 facet normal 0.34648 0.30385 0.88748
  outer loop
   vertex 17.5191 13.4429 78.8128
   vertex 11.9728 11.9728 81.4815
   vertex 13.4331 10.3076 81.4815
  endloop
 endfacet
 facet normal 0.25226 0.22122 0.94203
  outer loop
   vertex 13.4331 10.3076 81.4815
   vertex 11.9728 11.9728 81.4815
   vertex 8.1079 8.1079 83.4240
  endloop
 endfacet
 facet normal 0.25226 0.22122 0.94203
  outer loop
   vertex 13.4331 10.3076 81.4815
   vertex 8.1079 8.1079 83.4240
   vertex 9.0969 6.9803 83.4240
  endloop
 endfacet
 facet normal 0.15328 0.13442 0.97900
  outer loop
   vertex 9.0969 6.9803 83.4240
   vertex 8.1079 8.1079 83.4240
   vertex 4.0921 4.0921 84.6042
  endloop
 endfacet
 facet normal 0.15328 0.13442 0.97900
  outer loop
   vertex 9.0969 6.9803 83.4240
   vertex 4.0921 4.0921 84.6042
   vertex 4.5912 3.5230 84.6042
  endloop
 endfacet
 facet normal 0.05142 0.04509 0.99766
  outer loop
   vertex 4.5912 3.5230 84.6042
   vertex 4.0921 4.0921 84.6042
   vertex 0.0000 0.0000 85.0000
  endloop
 endfacet
 facet normal 0.00000 0.00000 0.00000
  outer loop
   vertex 4.5912 3.5230 84.6042
   vertex 0.0000 0.0000 85.0000
   vertex 0.0000 0.0000 85.0000
  endloop
 endfacet
 facet normal 0.00000 0.00000 0.00000
  outer loop
   vertex 0.0000 0.0000 0.0000
   vertex 0.0000 0.0000 0.0000
   vertex 3.5230 4.5912 0.3958
  endloop
 endfacet
 facet normal 0.04509 0.05142 -0.99766
  outer loop
   vertex 0.0000 0.0000 0.0000
   vertex 3.5230 4.5912 0.3958
   vertex 4.0921 4.0921 0.3958
  endloop
 endfacet
 facet normal 0.13442 0.15328 -0.97900
  outer loop
   vertex 4.0921 4.0921 0.3958
   vertex 3.5230 4.5912 0.3958
   vertex 6.9803 9.0969 1.5760
  endloop
 endfacet
 facet normal 0.13442 0.15328 -0.97900
  outer loop
   vertex 4.0921 4.0921 0.3958
   vertex 6.9803 9.0969 1.5760
   vertex 8.1079 8.1079 1.5760
  endloop
 endfacet
 facet normal 0.22122 0.25226 -0.94203
  outer loop
   vertex 8.1079 8.1079 1.5760
   vertex 6.9803 9.0969 1.5760
   vertex 10.3076 13.4331 3.5185
  endloop
 endfacet
 facet normal 0.22122 0.25226 -0.94203
  outer loop
   vertex 8.1079 8.1079 1.5760
   vertex 10.3076 13.4331 3.5185
   vertex 11.9728 11.9728 3.5185
  endloop
 endfacet
 facet normal 0.30385 0.34648 -0.88748
  outer loop
   vertex 11.9728 11.9728 3.5185
   vertex 10.3076 13.4331 3.5185
   vertex 13.4429 17.5191 6.1872
  endloop
 endfacet
 facet normal 0.30385 0.34648 -0.88748
  outer loop
   vertex 11.9728 11.9728 3.5185
   vertex 13.4429 17.5191 6.1872
   vertex 15.6146 15.6146 6.1872
  endloop
 endfacet
 facet normal 0.38078 0.43419 -0.81639
  outer loop
   vertex 15.6146 15.6146 6.1872
   vertex 13.4429 17.5191 6.1872
   vertex 16.3277 21.2787 9.5323
  endloop
 endfacet
 facet normal 0.38078 0.43419 -0.81639
  outer loop
   vertex 15.6146 15.6146 6.1872
   vertex 16.3277 21.2787 9.5323
   vertex 18.9655 18.9655 9.5323
  endloop
 endfacet
 facet normal 0.45055 0.51376 -0.73011
  outer loop
   vertex 18.9655 18.9655 9.5323
   vertex 16.3277 21.2787 9.5323
   vertex 18.9085 24.6420 13.4915
  endloop
 endfacet
 facet normal 0.45055 0.51376 -0.73011
  outer loop
   vertex 18.9655 18.9655 9.5323
   vertex 18.9085 24.6420 13.4915
   vertex 21.9631 21.9631 13.4915
  endloop
 endfacet
 facet normal 0.51190 0.58371 -0.63027
  outer loop
   vertex 21.9631 21.9631 13.4915
   vertex 18.9085 24.6420 13.4915
   vertex 21.1369 27.5462 17.9911
  endloop
 endfacet
 facet normal 0.51190 0.58371 -0.63027
  outer loop
   vertex 21.9631 21.9631 13.4915
   vertex 21.1369 27.5462 17.9911
   vertex 24.5516 24.5516 17.9911
  endloop
 endfacet
 facet normal 0.56368 0.64276 -0.51877
  outer loop
   vertex 24.5516 24.5516 17.9911
   vertex 21.1369 27.5462 17.9911
   vertex 22.9717 29.9373 22.9472
  endloop
 endfacet
 facet normal 0.56368 0.64276 -0.51877
  outer loop
   vertex 24.5516 24.5516 17.9911
   vertex 22.9717 29.9373 22.9472
   vertex 26.6828 26.6828 22.9472
  endloop
 endfacet
 facet normal 0.60496 0.68983 -0.39768
  outer loop
   vertex 26.6828 26.6828 22.9472
   vertex 22.9717 29.9373 22.9472
   vertex 24.3785 31.7707 28.2676
  endloop
 endfacet
 facet normal 0.60496 0.68983 -0.39768
  outer loop
   vertex 26.6828 26.6828 22.9472
   vertex 24.3785 31.7707 28.2676
   vertex 28.3169 28.3169 28.2676
  endloop
 endfacet
 facet normal 0.63499 0.72407 -0.26926
  outer loop
   vertex 28.3169 28.3169 28.2676
   vertex 24.3785 31.7707 28.2676
   vertex 25.3312 33.0123 33.8531
  endloop
 endfacet
 facet normal 0.63499 0.72407 -0.26926
  outer loop
   vertex 28.3169 28.3169 28.2676
   vertex 25.3312 33.0123 33.8531
   vertex 29.4235 29.4235 33.8531
  endloop
 endfacet
 facet normal 0.65323 0.74487 -0.13588
  outer loop
   vertex 29.4235 29.4235 33.8531
   vertex 25.3312 33.0123 33.8531
   vertex 25.8120 33.6389 39.5997
  endloop
 endfacet
 facet normal 0.65323 0.74487 -0.13588
  outer loop
   vertex 29.4235 29.4235 33.8531
   vertex 25.8120 33.6389 39.5997
   vertex 29.9820 29.9820 39.5997
  endloop
 endfacet
 facet normal 0.65935 0.75184 0.00000
  outer loop
   vertex 29.9820 29.9820 39.5997
   vertex 25.8120 33.6389 39.5997
   vertex 25.8120 33.6389 45.4003
  endloop
 endfacet
 facet normal 0.65935 0.75184 -0.00000
  outer loop
   vertex 29.9820 29.9820 39.5997
   vertex 25.8120 33.6389 45.4003
   vertex 29.9820 29.9820 45.4003
  endloop
 endfacet
 facet normal 0.65323 0.74487 0.13588
  outer loop
   vertex 29.9820 29.9820 45.4003
   vertex 25.8120 33.6389 45.4003
   vertex 25.3312 33.0123 51.1469
  endloop
 endfacet
 facet normal 0.65323 0.74487 0.13588
  outer loop
   vertex 29.9820 29.9820 45.4003
   vertex 25.3312 33.0123 51.1469
   vertex 29.4235 29.4235 51.1469
  endloop
 endfacet
 facet normal 0.63499 0.72407 0.26926
  outer loop
   vertex 29.4235 29.4235 51.1469
   vertex 25.3312 33.0123 51.1469
   vertex 24.3785 31.7707 56.7324
  endloop
 endfacet
 facet normal 0.63499 0.72407 0.26926
  outer loop
   vertex 29.4235 29.4235 51.1469
   vertex 24.3785 31.7707 56.7324
   vertex 28.3169 28.3169 56.7324
  endloop
 endfacet
 facet normal 0.60496 0.68983 0.39768
  outer loop
   vertex 28.3169 28.3169 56.7324
   vertex 24.3785 31.7707 56.7324
   vertex 22.9717 29.9373 62.0528
  endloop
 endfacet
 facet normal 0.60496 0.68983 0.39768
  outer loop
   vertex 28.3169 28.3169 56.7324
   vertex 22.9717 29.9373 62.0528
   vertex 26.6828 26.6828 62.0528
  endloop
 endfacet
 facet normal 0.56368 0.64276 0.51877
  outer loop
   vertex 26.6828 26.6828 62.0528
   vertex 22.9717 29.9373 62.0528
   vertex 21.1369 27.5462 67.0089
  endloop
 endfacet
 facet normal 0.56368 0.64276 0.51877
  outer loop
   vertex 26.6828 26.6828 62.0528
   vertex 21.1369 27.5462 67.0089
   vertex 24.5516 24.5516 67.0089
  endloop
 endfacet
 facet normal 0.51190 0.58371 0.63027
  outer loop
   vertex 24.5516 24.5516 67.0089
   vertex 21.1369 27.5462 67.0089
   vertex 18.9085 24.6420 71.5085
  endloop
 endfacet
 facet normal 0.51190 0.58371 0.63027
  outer loop
   vertex 24.5516 24.5516 67.0089
   vertex 18.9085 24.6420 71.5085
   vertex 21.9631 21.9631 71.5085
  endloop
 endfacet
 facet normal 0.45055 0.51376 0.73011
  outer loop
   vertex 21.9631 21.9631 71.5085
   vertex 18.9085 24.6420 71.5085
   vertex 16.3277 21.2787 75.4677
  endloop
 endfacet
 facet normal 0.45055 0.51376 0.73011
  outer loop
   vertex 21.9631 21.9631 71.5085
   vertex 16.3277 21.2787 75.4677
   vertex 18.9655 18.9655 75.4677
  endloop
 endfacet
 facet normal 0.38078 0.43419 0.81639
  outer loop
   vertex 18.9655 18.9655 75.4677
   vertex 16.3277 21.2787 75.4677
   vertex 13.4429 17.5191 78.8128
  endloop
 endfacet
 facet normal 0.38078 0.43419 0.81639
  outer loop
   vertex 18.9655 18.9655 75.4677
   vertex 13.4429 17.5191 78.8128
   vertex 15.6146 15.6146 78.8128
  endloop
 endfacet
 facet normal 0.30385 0.34648 0.88748
  outer loop
   vertex 15.6146 15.6146 78.8128
   vertex 13.4429 17.5191 78.8128
   vertex 10.3076 13.4331 81.4815
  endloop
 endfacet
 facet normal 0.30385 0.34648 0.88748
  outer loop
   vertex 15.6146 15.6146 78.8128
   vertex 10.3076 13.4331 81.4815
   vertex 11.9728 11.9728 81.4815
  endloop
 endfacet
 facet normal 0.22122 0.25226 0.94203
  outer loop
   vertex 11.9728 11.9728 81.4815
   vertex 10.3076 13.4331 81.4815
   vertex 6.9803 9.0969 83.4240
  endloop
 endfacet
 facet normal 0.22122 0.25226 0.94203
  outer loop
   vertex 11.9728 11.9728 81.4815
   vertex 6.9803 9.0969 83.4240
   vertex 8.1079 8.1079 83.4240
  endloop
 endfacet
 facet normal 0.13442 0.15328 0.97900
  outer loop
   vertex 8.1079 8.1079 83.4240
   vertex 6.9803 9.0969 83.4240
   vertex 3.5230 4.5912 84.6042
  endloop
 endfacet
 facet normal 0.13442 0.15328 0.97900
  outer loop
   vertex 8.1079 8.1079 83.4240
   vertex 3.5230 4.5912 84.6042
   vertex 4.0921 4.0921 84.6042
  endloop
 endfacet
 facet normal 0.04509 0.05142 0.99766
  outer loop
   vertex 4.0921 4.0921 84.6042
   vertex 3.5230 4.5912 84.6042
   vertex 0.0000 0.0000 85.0000
  endloop
 endfacet
 facet normal 0.00000 0.00000 0.00000
  outer loop
   vertex 4.0921 4.0921 84.6042
   vertex 0.0000 0.0000 85.0000
   vertex 0.0000 0.0000 85.0000
  endloop
 endfacet
 facet normal 0.00000 0.00000 0.00000
  outer loop
   vertex 0.0000 0.0000 0.0000
   vertex 0.0000 0.0000 0.0000
   vertex 2.8935 5.0118 0.3958
  endloop
 endfacet
 facet normal 0.03799 0.05686 -0.99766
  outer loop
   vertex 0.0000 0.0000 0.0000
   vertex 2.8935 5.0118 0.3958
   vertex 3.5230 4.5912 0.3958
  endloop
 endfacet
 facet normal 0.11327 0.16952 -0.97900
  outer loop
   vertex 3.5230 4.5912 0.3958
   vertex 2.8935 5.0118 0.3958
   vertex 5.7332 9.9302 1.5760
  endloop
 endfacet
 facet normal 0.11327 0.16952 -0.97900
  outer loop
   vertex 3.5230 4.5912 0.3958
   vertex 5.7332 9.9302 1.5760
   vertex 6.9803 9.0969 1.5760
  endloop
 endfacet
 facet normal 0.18640 0.27897 -0.94203
  outer loop
   vertex 6.9803 9.0969 1.5760
   vertex 5.7332 9.9302 1.5760
   vertex 8.4660 14.6636 3.5185
  endloop
 endfacet
 facet normal 0.18640 0.27897 -0.94203
  outer loop
   vertex 6.9803 9.0969 1.5760
   vertex 8.4660 14.6636 3.5185
   vertex 10.3076 13.4331 3.5185
  endloop
 endfacet
 facet normal 0.25603 0.38318 -0.88748
  outer loop
   vertex 10.3076 13.4331 3.5185
   vertex 8.4660 14.6636 3.5185
   vertex 11.0412 19.1238 6.1872
  endloop
 endfacet
 facet normal 0.25603 0.38318 -0.88748
  outer loop
   vertex 10.3076 13.4331 3.5185
   vertex 11.0412 19.1238 6.1872
   vertex 13.4429 17.5191 6.1872
  endloop
 endfacet
 facet normal 0.32084 0.48018 -0.81639
  outer loop
   vertex 13.4429 17.5191 6.1872
   vertex 11.0412 19.1238 6.1872
   vertex 13.4106 23.2279 9.5323
  endloop
 endfacet
 facet normal 0.32084 0.48018 -0.81639
  outer loop
   vertex 13.4429 17.5191 6.1872
   vertex 13.4106 23.2279 9.5323
   vertex 16.3277 21.2787 9.5323
  endloop
 endfacet
 facet normal 0.37964 0.56817 -0.73011
  outer loop
   vertex 16.3277 21.2787 9.5323
   vertex 13.4106 23.2279 9.5323
   vertex 15.5303 26.8992 13.4915
  endloop
 endfacet
 facet normal 0.37964 0.56817 -0.73011
  outer loop
   vertex 16.3277 21.2787 9.5323
   vertex 15.5303 26.8992 13.4915
   vertex 18.9085 24.6420 13.4915
  endloop
 endfacet
 facet normal 0.43133 0.64553 -0.63027
  outer loop
   vertex 18.9085 24.6420 13.4915
   vertex 15.5303 26.8992 13.4915
   vertex 17.3606 30.0695 17.9911
  endloop
 endfacet
 facet normal 0.43133 0.64553 -0.63027
  outer loop
   vertex 18.9085 24.6420 13.4915
   vertex 17.3606 30.0695 17.9911
   vertex 21.1369 27.5462 17.9911
  endloop
 endfacet
 facet normal 0.47496 0.71083 -0.51877
  outer loop
   vertex 21.1369 27.5462 17.9911
   vertex 17.3606 30.0695 17.9911
   vertex 18.8676 32.6796 22.9472
  endloop
 endfacet
 facet normal 0.47496 0.71083 -0.51877
  outer loop
   vertex 21.1369 27.5462 17.9911
   vertex 18.8676 32.6796 22.9472
   vertex 22.9717 29.9373 22.9472
  endloop
 endfacet
 facet normal 0.50975 0.76289 -0.39768
  outer loop
   vertex 22.9717 29.9373 22.9472
   vertex 18.8676 32.6796 22.9472
   vertex 20.0230 34.6809 28.2676
  endloop
 endfacet
 facet normal 0.50975 0.76289 -0.39768
  outer loop
   vertex 22.9717 29.9373 22.9472
   vertex 20.0230 34.6809 28.2676
   vertex 24.3785 31.7707 28.2676
  endloop
 endfacet
 facet normal 0.53505 0.80076 -0.26926
  outer loop
   vertex 24.3785 31.7707 28.2676
   vertex 20.0230 34.6809 28.2676
   vertex 20.8055 36.0362 33.8531
  endloop
 endfacet
 facet normal 0.53505 0.80076 -0.26926
  outer loop
   vertex 24.3785 31.7707 28.2676
   vertex 20.8055 36.0362 33.8531
   vertex 25.3312 33.0123 33.8531
  endloop
 endfacet
 facet normal 0.55042 0.82376 -0.13588
  outer loop
   vertex 25.3312 33.0123 33.8531
   vertex 20.8055 36.0362 33.8531
   vertex 21.2005 36.7203 39.5997
  endloop
 endfacet
 facet normal 0.55042 0.82376 -0.13588
  outer loop
   vertex 25.3312 33.0123 33.8531
   vertex 21.2005 36.7203 39.5997
   vertex 25.8120 33.6389 39.5997
  endloop
 endfacet
 facet normal 0.55557 0.83147 0.00000
  outer loop
   vertex 25.8120 33.6389 39.5997
   vertex 21.2005 36.7203 39.5997
   vertex 21.2005 36.7203 45.4003
  endloop
 endfacet
 facet normal 0.55557 0.83147 -0.00000
  outer loop
   vertex 25.8120 33.6389 39.5997
   vertex 21.2005 36.7203 45.4003
   vertex 25.8120 33.6389 45.4003
  endloop
 endfacet
 facet normal 0.55042 0.82376 0.13588
  outer loop
   vertex 25.8120 33.6389 45.4003
   vertex 21.2005 36.7203 45.4003
   vertex 20.8055 36.0362 51.1469
  endloop
 endfacet
 facet normal 0.55042 0.82376 0.13588
  outer loop
   vertex 25.8120 33.6389 45.4003
   vertex 20.8055 36.0362 51.1469
   vertex 25.3312 33.0123 51.1469
  endloop
 endfacet
 facet normal 0.53505 0.80076 0.26926
  outer loop
   vertex 25.3312 33.0123 51.1469
   vertex 20.8055 36.0362 51.1469
   vertex 20.0230 34.6809 56.7324
  endloop
 endfacet
 facet normal 0.53505 0.80076 0.26926
  outer loop
   vertex 25.3312 33.0123 51.1469
   vertex 20.0230 34.6809 56.7324
   vertex 24.3785 31.7707 56.7324
  endloop
 endfacet
 facet normal 0.50975 0.76289 0.39768
  outer loop
   vertex 24.3785 31.7707 56.7324
   vertex 20.0230 34.6809 56.7324
   vertex 18.8676 32.6796 62.0528
  endloop
 endfacet
 facet normal 0.50975 0.76289 0.39768
  outer loop
   vertex 24.3785 31.7707 56.7324
   vertex 18.8676 32.6796 62.0528
   vertex 22.9717 29.9373 62.0528
  endloop
 endfacet
 facet normal 0.47496 0.71083 0.51877
  outer loop
   vertex 22.9717 29.9373 62.0528
   vertex 18.8676 32.6796 62.0528
   vertex 17.3606 30.0695 67.0089
  endloop
 endfacet
 facet normal 0.47496 0.71083 0.51877
  outer loop
   vertex 22.9717 29.9373 62.0528
   vertex 17.3606 30.0695 67.0089
   vertex 21.1369 27.5462 67.0089
  endloop
 endfacet
 facet normal 0.43133 0.64553 0.63027
  outer loop
   vertex 21.1369 27.5462 67.0089
   vertex 17.3606 30.0695 67.0089
   vertex 15.5303 26.8992 71.5085
  endloop
 endfacet
 facet normal 0.43133 0.64553 0.63027
  outer loop
   vertex 21.1369 27.5462 67.0089
   vertex 15.5303 26.8992 71.5085
   vertex 18.9085 24.6420 71.5085
  endloop
 endfacet
 facet normal 0.37964 0.56817 0.73011
  outer loop
   vertex 18.9085 24.6420 71.5085
   vertex 15.5303 26.8992 71.5085
   vertex 13.4106 23.2279 75.4677
  endloop
 endfacet
 facet normal 0.37964 0.56817 0.73011
  outer loop
   vertex 18.9085 24.6420 71.5085
   vertex 13.4106 23.2279 75.4677
   vertex 16.3277 21.2787 75.4677
  endloop
 endfacet
 facet normal 0.32084 0.48018 0.81639
  outer loop
   vertex 16.3277 21.2787 75.4677
   vertex 13.4106 23.2279 75.4677
   vertex 11.0412 19.1238 78.8128
  endloop
 endfacet
 facet normal 0.32084 0.48018 0.81639
  outer loop
   vertex 16.3277 21.2787 75.4677
   vertex 11.0412 19.1238 78.8128
   vertex 13.4429 17.5191 78.8128
  endloop
 endfacet
 facet normal 0.25603 0.38318 0.88748
  outer loop
   vertex 13.4429 17.5191 78.8128
   vertex 11.0412 19.1238 78.8128
   vertex 8.4660 14.6636 81.4815
  endloop
 endfacet
 facet normal 0.25603 0.38318 0.88748
  outer loop
   vertex 13.4429 17.5191 78.8128
   vertex 8.4660 14.6636 81.4815
   vertex 10.3076 13.4331 81.4815
  endloop
 endfacet
 facet normal 0.18640 0.27897 0.94203
  outer loop
   vertex 10.3076 13.4331 81.4815
   vertex 8.4660 14.6636 81.4815
   vertex 5.7332 9.9302 83.4240
  endloop
 endfacet
 facet normal 0.18640 0.27897 0.94203
  outer loop
   vertex 10.3076 13.4331 81.4815
   vertex 5.7332 9.9302 83.4240
   vertex 6.9803 9.0969 83.4240
  endloop
 endfacet
 facet normal 0.11327 0.16952 0.97900
  outer loop
   vertex 6.9803 9.0969 83.4240
   vertex 5.7332 9.9302 83.4240
   vertex 2.8935 5.0118 84.6042
  endloop
 endfacet
 facet normal 0.11327 0.16952 0.97900
  outer loop
   vertex 6.9803 9.0969 83.4240
   vertex 2.8935 5.0118 84.6042
   vertex 3.5230 4.5912 84.6042
  endloop
 endfacet
 facet normal 0.03799 0.05686 0.99766
  outer loop
   vertex 3.5230 4.5912 84.6042
   vertex 2.8935 5.0118 84.6042
   vertex 0.0000 0.0000 85.0000
  endloop
 endfacet
 facet normal 0.00000 0.00000 0.00000
  outer loop
   vertex 3.5230 4.5912 84.6042
   vertex 0.0000 0.0000 85.0000
   vertex 0.0000 0.0000 85.0000
  endloop
 endfacet
 facet normal 0.00000 0.00000 0.00000
  outer loop
   vertex 0.0000 0.0000 0.0000
   vertex 0.0000 0.0000 0.0000
   vertex 2.2146 5.3466 0.3958
  endloop
 endfacet
 facet normal 0.03025 0.06134 -0.99766
  outer loop
   vertex 0.0000 0.0000 0.0000
   vertex 2.2146 5.3466 0.3958
   vertex 2.8935 5.0118 0.3958
  endloop
 endfacet
 facet normal 0.09017 0.18285 -0.97900
  outer loop
   vertex 2.8935 5.0118 0.3958
   vertex 2.2146 5.3466 0.3958
   vertex 4.3880 10.5935 1.5760
  endloop
 endfacet
 facet normal 0.09017 0.18285 -0.97900
  outer loop
   vertex 2.8935 5.0118 0.3958
   vertex 4.3880 10.5935 1.5760
   vertex 5.7332 9.9302 1.5760
  endloop
 endfacet
 facet normal 0.14840 0.30092 -0.94203
  outer loop
   vertex 5.7332 9.9302 1.5760
   vertex 4.3880 10.5935 1.5760
   vertex 6.4796 15.6432 3.5185
  endloop
 endfacet
 facet normal 0.14840 0.30092 -0.94203
  outer loop
   vertex 5.7332 9.9302 1.5760
   vertex 6.4796 15.6432 3.5185
   vertex 8.4660 14.6636 3.5185
  endloop
 endfacet
 facet normal 0.20383 0.41332 -0.88748
  outer loop
   vertex 8.4660 14.6636 3.5185
   vertex 6.4796 15.6432 3.5185
   vertex 8.4505 20.4014 6.1872
  endloop
 endfacet
 facet normal 0.20383 0.41332 -0.88748
  outer loop
   vertex 8.4660 14.6636 3.5185
   vertex 8.4505 20.4014 6.1872
   vertex 11.0412 19.1238 6.1872
  endloop
 endfacet
 facet normal 0.25542 0.51795 -0.81639
  outer loop
   vertex 11.0412 19.1238 6.1872
   vertex 8.4505 20.4014 6.1872
   vertex 10.2640 24.7796 9.5323
  endloop
 endfacet
 facet normal 0.25542 0.51795 -0.81639
  outer loop
   vertex 11.0412 19.1238 6.1872
   vertex 10.2640 24.7796 9.5323
   vertex 13.4106 23.2279 9.5323
  endloop
 endfacet
 facet normal 0.30223 0.61286 -0.73011
  outer loop
   vertex 13.4106 23.2279 9.5323
   vertex 10.2640 24.7796 9.5323
   vertex 11.8863 28.6962 13.4915
  endloop
 endfacet
 facet normal 0.30223 0.61286 -0.73011
  outer loop
   vertex 13.4106 23.2279 9.5323
   vertex 11.8863 28.6962 13.4915
   vertex 15.5303 26.8992 13.4915
  endloop
 endfacet
 facet normal 0.34338 0.69631 -0.63027
  outer loop
   vertex 15.5303 26.8992 13.4915
   vertex 11.8863 28.6962 13.4915
   vertex 13.2872 32.0782 17.9911
  endloop
 endfacet
 facet normal 0.34338 0.69631 -0.63027
  outer loop
   vertex 15.5303 26.8992 13.4915
   vertex 13.2872 32.0782 17.9911
   vertex 17.3606 30.0695 17.9911
  endloop
 endfacet
 facet normal 0.37812 0.76675 -0.51877
  outer loop
   vertex 17.3606 30.0695 17.9911
   vertex 13.2872 32.0782 17.9911
   vertex 14.4406 34.8627 22.9472
  endloop
 endfacet
 facet normal 0.37812 0.76675 -0.51877
  outer loop
   vertex 17.3606 30.0695 17.9911
   vertex 14.4406 34.8627 22.9472
   vertex 18.8676 32.6796 22.9472
  endloop
 endfacet
 facet normal 0.40581 0.82290 -0.39768
  outer loop
   vertex 18.8676 32.6796 22.9472
   vertex 14.4406 34.8627 22.9472
   vertex 15.3250 36.9978 28.2676
  endloop
 endfacet
 facet normal 0.40581 0.82290 -0.39768
  outer loop
   vertex 18.8676 32.6796 22.9472
   vertex 15.3250 36.9978 28.2676
   vertex 20.0230 34.6809 28.2676
  endloop
 endfacet
 facet normal 0.42595 0.86375 -0.26926
  outer loop
   vertex 20.0230 34.6809 28.2676
   vertex 15.3250 36.9978 28.2676
   vertex 15.9239 38.4436 33.8531
  endloop
 endfacet
 facet normal 0.42595 0.86375 -0.26926
  outer loop
   vertex 20.0230 34.6809 28.2676
   vertex 15.9239 38.4436 33.8531
   vertex 20.8055 36.0362 33.8531
  endloop
 endfacet
 facet normal 0.43819 0.88855 -0.13588
  outer loop
   vertex 20.8055 36.0362 33.8531
   vertex 15.9239 38.4436 33.8531
   vertex 16.2261 39.1733 39.5997
  endloop
 endfacet
 facet normal 0.43819 0.88855 -0.13588
  outer loop
   vertex 20.8055 36.0362 33.8531
   vertex 16.2261 39.1733 39.5997
   vertex 21.2005 36.7203 39.5997
  endloop
 endfacet
 facet normal 0.44229 0.89687 0.00000
  outer loop
   vertex 21.2005 36.7203 39.5997
   vertex 16.2261 39.1733 39.5997
   vertex 16.2261 39.1733 45.4003
  endloop
 endfacet
 facet normal 0.44229 0.89687 -0.00000
  outer loop
   vertex 21.2005 36.7203 39.5997
   vertex 16.2261 39.1733 45.4003
   vertex 21.2005 36.7203 45.4003
  endloop
 endfacet
 facet normal 0.43819 0.88855 0.13588
  outer loop
   vertex 21.2005 36.7203 45.4003
   vertex 16.2261 39.1733 45.4003
   vertex 15.9239 38.4436 51.1469
  endloop
 endfacet
 facet normal 0.43819 0.88855 0.13588
  outer loop
   vertex 21.2005 36.7203 45.4003
   vertex 15.9239 38.4436 51.1469
   vertex 20.8055 36.0362 51.1469
  endloop
 endfacet
 facet normal 0.42595 0.86375 0.26926
  outer loop
   vertex 20.8055 36.0362 51.1469
   vertex 15.9239 38.4436 51.1469
   vertex 15.3250 36.9978 56.7324
  endloop
 endfacet
 facet normal 0.42595 0.86375 0.26926
  outer loop
   vertex 20.8055 36.0362 51.1469
   vertex 15.3250 36.9978 56.7324
   vertex 20.0230 34.6809 56.7324
  endloop
 endfacet
 facet normal 0.40581 0.82290 0.39768
  outer loop
   vertex 20.0230 34.6809 56.7324
   vertex 15.3250 36.9978 56.7324
   vertex 14.4406 34.8627 62.0528
  endloop
 endfacet
 facet normal 0.40581 0.82290 0.39768
  outer loop
   vertex 20.0230 34.6809 56.7324
   vertex 14.4406 34.8627 62.0528
   vertex 18.8676 32.6796 62.0528
  endloop
 endfacet
 facet normal 0.37812 0.76675 0.51877
  outer loop
   vertex 18.8676 32.6796 62.0528
   vertex 14.4406 34.8627 62.0528
   vertex 13.2872 32.0782 67.0089
  endloop
 endfacet
 facet normal 0.37812 0.76675 0.51877
  outer loop
   vertex 18.8676 32.6796 62.0528
   vertex 13.2872 32.0782 67.0089
   vertex 17.3606 30.0695 67.0089
  endloop
 endfacet
 facet normal 0.34338 0.69631 0.63027
  outer loop
   vertex 17.3606 30.0695 67.0089
   vertex 13.2872 32.0782 67.0089
   vertex 11.8863 28.6962 71.5085
  endloop
 endfacet
 facet normal 0.34338 0.69631 0.63027
  outer loop
   vertex 17.3606 30.0695 67.0089
   vertex 11.8863 28.6962 71.5085
   vertex 15.5303 26.8992 71.5085
  endloop
 endfacet
 facet normal 0.30223 0.61286 0.73011
  outer loop
   vertex 15.5303 26.8992 71.5085
   vertex 11.8863 28.6962 71.5085
   vertex 10.2640 24.7796 75.4677
  endloop
 endfacet
 facet normal 0.30223 0.61286 0.73011
  outer loop
   vertex 15.5303 26.8992 71.5085
   vertex 10.2640 24.7796 75.4677
   vertex 13.4106 23.2279 75.4677
  endloop
 endfacet
 facet normal 0.25542 0.51795 0.81639
  outer loop
   vertex 13.4106 23.2279 75.4677
   vertex 10.2640 24.7796 75.4677
   vertex 8.4505 20.4014 78.8128
  endloop
 endfacet
 facet normal 0.25542 0.51795 0.81639
  outer loop
   vertex 13.4106 23.2279 75.4677
   vertex 8.4505 20.4014 78.8128
   vertex 11.0412 19.1238 78.8128
  endloop
 endfacet
 facet normal 0.20383 0.41332 0.88748
  outer loop
   vertex 11.0412 19.1238 78.8128
   vertex 8.4505 20.4014 78.8128
   vertex 6.4796 15.6432 81.4815
  endloop
 endfacet
 facet normal 0.20383 0.41332 0.88748
  outer loop
   vertex 11.0412 19.1238 78.8128
   vertex 6.4796 15.6432 81.4815
   vertex 8.4660 14.6636 81.4815
  endloop
 endfacet
 facet normal 0.14840 0.30092 0.94203
  outer loop
   vertex 8.4660 14.6636 81.4815
   vertex 6.4796 15.6432 81.4815
   vertex 4.3880 10.5935 83.4240
  endloop
 endfacet
 facet normal 0.14840 0.30092 0.94203
  outer loop
   vertex 8.4660 14.6636 81.4815
   vertex 4.3880 10.5935 83.4240
   vertex 5.7332 9.9302 83.4240
  endloop
 endfacet
 facet normal 0.09017 0.18285 0.97900
  outer loop
   vertex 5.7332 9.9302 83.4240
   vertex 4.3880 10.5935 83.4240
   vertex 2.2146 5.3466 84.6042
  endloop
 endfacet
 facet normal 0.09017 0.18285 0.97900
  outer loop
   vertex 5.7332 9.9302 83.4240
   vertex 2.2146 5.3466 84.6042
   vertex 2.8935 5.0118 84.6042
  endloop
 endfacet
 facet normal 0.03025 0.06134 0.99766
  outer loop
   vertex 2.8935 5.0118 84.6042
   vertex 2.2146 5.3466 84.6042
   vertex 0.0000 0.0000 85.0000
  endloop
 endfacet
 facet normal 0.00000 0.00000 0.00000
  outer loop
   vertex 2.8935 5.0118 84.6042
   vertex 0.0000 0.0000 85.0000
   vertex 0.0000 0.0000 85.0000
  endloop
 endfacet
 facet normal 0.00000 0.00000 0.00000
  outer loop
   vertex 0.0000 0.0000 0.0000
   vertex 0.0000 0.0000 0.0000
   vertex 1.4978 5.5899 0.3958
  endloop
 endfacet
 facet normal 0.02198 0.06476 -0.99766
  outer loop
   vertex 0.0000 0.0000 0.0000
   vertex 1.4978 5.5899 0.3958
   vertex 2.2146 5.3466 0.3958
  endloop
 endfacet
 facet normal 0.06553 0.19305 -0.97900
  outer loop
   vertex 2.2146 5.3466 0.3958
   vertex 1.4978 5.5899 0.3958
   vertex 2.9677 11.0757 1.5760
  endloop
 endfacet
 facet normal 0.06553 0.19305 -0.97900
  outer loop
   vertex 2.2146 5.3466 0.3958
   vertex 2.9677 11.0757 1.5760
   vertex 4.3880 10.5935 1.5760
  endloop
 endfacet
 facet normal 0.10785 0.31771 -0.94203
  outer loop
   vertex 4.3880 10.5935 1.5760
   vertex 2.9677 11.0757 1.5760
   vertex 4.3823 16.3551 3.5185
  endloop
 endfacet
 facet normal 0.10785 0.31771 -0.94203
  outer loop
   vertex 4.3880 10.5935 1.5760
   vertex 4.3823 16.3551 3.5185
   vertex 6.4796 15.6432 3.5185
  endloop
 endfacet
 facet normal 0.14813 0.43639 -0.88748
  outer loop
   vertex 6.4796 15.6432 3.5185
   vertex 4.3823 16.3551 3.5185
   vertex 5.7153 21.3299 6.1872
  endloop
 endfacet
 facet normal 0.14813 0.43639 -0.88748
  outer loop
   vertex 6.4796 15.6432 3.5185
   vertex 5.7153 21.3299 6.1872
   vertex 8.4505 20.4014 6.1872
  endloop
 endfacet
 facet normal 0.18563 0.54686 -0.81639
  outer loop
   vertex 8.4505 20.4014 6.1872
   vertex 5.7153 21.3299 6.1872
   vertex 6.9418 25.9073 9.5323
  endloop
 endfacet
 facet normal 0.18563 0.54686 -0.81639
  outer loop
   vertex 8.4505 20.4014 6.1872
   vertex 6.9418 25.9073 9.5323
   vertex 10.2640 24.7796 9.5323
  endloop
 endfacet
 facet normal 0.21965 0.64707 -0.73011
  outer loop
   vertex 10.2640 24.7796 9.5323
   vertex 6.9418 25.9073 9.5323
   vertex 8.0391 30.0022 13.4915
  endloop
 endfacet
 facet normal 0.21965 0.64707 -0.73011
  outer loop
   vertex 10.2640 24.7796 9.5323
   vertex 8.0391 30.0022 13.4915
   vertex 11.8863 28.6962 13.4915
  endloop
 endfacet
 facet normal 0.24956 0.73517 -0.63027
  outer loop
   vertex 11.8863 28.6962 13.4915
   vertex 8.0391 30.0022 13.4915
   vertex 8.9865 33.5381 17.9911
  endloop
 endfacet
 facet normal 0.24956 0.73517 -0.63027
  outer loop
   vertex 11.8863 28.6962 13.4915
   vertex 8.9865 33.5381 17.9911
   vertex 13.2872 32.0782 17.9911
  endloop
 endfacet
 facet normal 0.27480 0.80954 -0.51877
  outer loop
   vertex 13.2872 32.0782 17.9911
   vertex 8.9865 33.5381 17.9911
   vertex 9.7666 36.4493 22.9472
  endloop
 endfacet
 facet normal 0.27480 0.80954 -0.51877
  outer loop
   vertex 13.2872 32.0782 17.9911
   vertex 9.7666 36.4493 22.9472
   vertex 14.4406 34.8627 22.9472
  endloop
 endfacet
 facet normal 0.29493 0.86883 -0.39768
  outer loop
   vertex 14.4406 34.8627 22.9472
   vertex 9.7666 36.4493 22.9472
   vertex 10.3647 38.6816 28.2676
  endloop
 endfacet
 facet normal 0.29493 0.86883 -0.39768
  outer loop
   vertex 14.4406 34.8627 22.9472
   vertex 10.3647 38.6816 28.2676
   vertex 15.3250 36.9978 28.2676
  endloop
 endfacet
 facet normal 0.30957 0.91196 -0.26926
  outer loop
   vertex 15.3250 36.9978 28.2676
   vertex 10.3647 38.6816 28.2676
   vertex 10.7697 40.1932 33.8531
  endloop
 endfacet
 facet normal 0.30957 0.91196 -0.26926
  outer loop
   vertex 15.3250 36.9978 28.2676
   vertex 10.7697 40.1932 33.8531
   vertex 15.9239 38.4436 33.8531
  endloop
 endfacet
 facet normal 0.31846 0.93815 -0.13588
  outer loop
   vertex 15.9239 38.4436 33.8531
   vertex 10.7697 40.1932 33.8531
   vertex 10.9742 40.9561 39.5997
  endloop
 endfacet
 facet normal 0.31846 0.93815 -0.13588
  outer loop
   vertex 15.9239 38.4436 33.8531
   vertex 10.9742 40.9561 39.5997
   vertex 16.2261 39.1733 39.5997
  endloop
 endfacet
 facet normal 0.32144 0.94693 0.00000
  outer loop
   vertex 16.2261 39.1733 39.5997
   vertex 10.9742 40.9561 39.5997
   vertex 10.9742 40.9561 45.4003
  endloop
 endfacet
 facet normal 0.32144 0.94693 -0.00000
  outer loop
   vertex 16.2261 39.1733 39.5997
   vertex 10.9742 40.9561 45.4003
   vertex 16.2261 39.1733 45.4003
  endloop
 endfacet
 facet normal 0.31846 0.93815 0.13588
  outer loop
   vertex 16.2261 39.1733 45.4003
   vertex 10.9742 40.9561 45.4003
   vertex 10.7697 40.1932 51.1469
  endloop
 endfacet
 facet normal 0.31846 0.93815 0.13588
  outer loop
   vertex 16.2261 39.1733 45.4003
   vertex 10.7697 40.1932 51.1469
   vertex 15.9239 38.4436 51.1469
  endloop
 endfacet
 facet normal 0.30957 0.91196 0.26926
  outer loop
   vertex 15.9239 38.4436 51.1469
   vertex 10.7697 40.1932 51.1469
   vertex 10.3647 38.6816 56.7324
  endloop
 endfacet
 facet normal 0.30957 0.91196 0.26926
  outer loop
   vertex 15.9239 38.4436 51.1469
   vertex 10.3647 38.6816 56.7324
   vertex 15.3250 36.9978 56.7324
  endloop
 endfacet
 facet normal 0.29493 0.86883 0.39768
  outer loop
   vertex 15.3250 36.9978 56.7324
   vertex 10.3647 38.6816 56.7324
   vertex 9.7666 36.4493 62.0528
  endloop
 endfacet
 facet normal 0.29493 0.86883 0.39768
  outer loop
   vertex 15.3250 36.9978 56.7324
   vertex 9.7666 36.4493 62.0528
   vertex 14.4406 34.8627 62.0528
  endloop
 endfacet
 facet normal 0.27480 0.80954 0.51877
  outer loop
   vertex 14.4406 34.8627 62.0528
   vertex 9.7666 36.4493 62.0528
   vertex 8.9865 33.5381 67.0089
  endloop
 endfacet
 facet normal 0.27480 0.80954 0.51877
  outer loop
   vertex 14.4406 34.8627 62.0528
   vertex 8.9865 33.5381 67.0089
   vertex 13.2872 32.0782 67.0089
  endloop
 endfacet
 facet normal 0.24956 0.73517 0.63027
  outer loop
   vertex 13.2872 32.0782 67.0089
   vertex 8.9865 33.5381 67.0089
   vertex 8.0391 30.0022 71.5085
  endloop
 endfacet
 facet normal 0.24956 0.73517 0.63027
  outer loop
   vertex 13.2872 32.0782 67.0089
   vertex 8.0391 30.0022 71.5085
   vertex 11.8863 28.6962 71.5085
  endloop
 endfacet
 facet normal 0.21965 0.64707 0.73011
  outer loop
   vertex 11.8863 28.6962 71.5085
   vertex 8.0391 30.0022 71.5085
   vertex 6.9418 25.9073 75.4677
  endloop
 endfacet
 facet normal 0.21965 0.64707 0.73011
  outer loop
   vertex 11.8863 28.6962 71.5085
   vertex 6.9418 25.9073 75.4677
   vertex 10.2640 24.7796 75.4677
  endloop
 endfacet
 facet normal 0.18563 0.54686 0.81639
  outer loop
   vertex 10.2640 24.7796 75.4677
   vertex 6.9418 25.9073 75.4677
   vertex 5.7153 21.3299 78.8128
  endloop
 endfacet
 facet normal 0.18563 0.54686 0.81639
  outer loop
   vertex 10.2640 24.7796 75.4677
   vertex 5.7153 21.3299 78.8128
   vertex 8.4505 20.4014 78.8128
  endloop
 endfacet
 facet normal 0.14813 0.43639 0.88748
  outer loop
   vertex 8.4505 20.4014 78.8128
   vertex 5.7153 21.3299 78.8128
   vertex 4.3823 16.3551 81.4815
  endloop
 endfacet
 facet normal 0.14813 0.43639 0.88748
  outer loop
   vertex 8.4505 20.4014 78.8128
   vertex 4.3823 16.3551 81.4815
   vertex 6.4796 15.6432 81.4815
  endloop
 endfacet
 facet normal 0.10785 0.31771 0.94203
  outer loop
   vertex 6.4796 15.6432 81.4815
   vertex 4.3823 16.3551 81.4815
   vertex 2.9677 11.0757 83.4240
  endloop
 endfacet
 facet normal 0.10785 0.31771 0.94203
  outer loop
   vertex 6.4796 15.6432 81.4815
   vertex 2.9677 11.0757 83.4240
   vertex 4.3880 10.5935 83.4240
  endloop
 endfacet
 facet normal 0.06553 0.19305 0.97900
  outer loop
   vertex 4.3880 10.5935 83.4240
   vertex 2.9677 11.0757 83.4240
   vertex 1.4978 5.5899 84.6042
  endloop
 endfacet
 facet normal 0.06553 0.19305 0.97900
  outer loop
   vertex 4.3880 10.5935 83.4240
   vertex 1.4978 5.5899 84.6042
   vertex 2.2146 5.3466 84.6042
  endloop
 endfacet
 facet normal 0.02198 0.06476 0.99766
  outer loop
   vertex 2.2146 5.3466 84.6042
   vertex 1.4978 5.5899 84.6042
   vertex 0.0000 0.0000 85.0000
  endloop
 endfacet
 facet normal 0.00000 0.00000 0.00000
  outer loop
   vertex 2.2146 5.3466 84.6042
   vertex 0.0000 0.0000 85.0000
   vertex 0.0000 0.0000 85.0000
  endloop
 endfacet
 facet normal 0.00000 0.00000 0.00000
  outer loop
   vertex 0.0000 0.0000 0.0000
   vertex 0.0000 0.0000 0.0000
   vertex 0.7554 5.7376 0.3958
  endloop
 endfacet
 facet normal 0.01334 0.06707 -0.99766
  outer loop
   vertex 0.0000 0.0000 0.0000
   vertex 0.7554 5.7376 0.3958
   vertex 1.4978 5.5899 0.3958
  endloop
 endfacet
 facet normal 0.03977 0.19996 -0.97900
  outer loop
   vertex 1.4978 5.5899 0.3958
   vertex 0.7554 5.7376 0.3958
   vertex 1.4967 11.3683 1.5760
  endloop
 endfacet
 facet normal 0.03977 0.19996 -0.97900
  outer loop
   vertex 1.4978 5.5899 0.3958
   vertex 1.4967 11.3683 1.5760
   vertex 2.9677 11.0757 1.5760
  endloop
 endfacet
 facet normal 0.06546 0.32907 -0.94203
  outer loop
   vertex 2.9677 11.0757 1.5760
   vertex 1.4967 11.3683 1.5760
   vertex 2.2101 16.7872 3.5185
  endloop
 endfacet
 facet normal 0.06546 0.32907 -0.94203
  outer loop
   vertex 2.9677 11.0757 1.5760
   vertex 2.2101 16.7872 3.5185
   vertex 4.3823 16.3551 3.5185
  endloop
 endfacet
 facet normal 0.08991 0.45199 -0.88748
  outer loop
   vertex 4.3823 16.3551 3.5185
   vertex 2.2101 16.7872 3.5185
   vertex 2.8823 21.8934 6.1872
  endloop
 endfacet
 facet normal 0.08991 0.45199 -0.88748
  outer loop
   vertex 4.3823 16.3551 3.5185
   vertex 2.8823 21.8934 6.1872
   vertex 5.7153 21.3299 6.1872
  endloop
 endfacet
 facet normal 0.11267 0.56641 -0.81639
  outer loop
   vertex 5.7153 21.3299 6.1872
   vertex 2.8823 21.8934 6.1872
   vertex 3.5009 26.5918 9.5323
  endloop
 endfacet
 facet normal 0.11267 0.56641 -0.81639
  outer loop
   vertex 5.7153 21.3299 6.1872
   vertex 3.5009 26.5918 9.5323
   vertex 6.9418 25.9073 9.5323
  endloop
 endfacet
 facet normal 0.13331 0.67020 -0.73011
  outer loop
   vertex 6.9418 25.9073 9.5323
   vertex 3.5009 26.5918 9.5323
   vertex 4.0542 30.7948 13.4915
  endloop
 endfacet
 facet normal 0.13331 0.67020 -0.73011
  outer loop
   vertex 6.9418 25.9073 9.5323
   vertex 4.0542 30.7948 13.4915
   vertex 8.0391 30.0022 13.4915
  endloop
 endfacet
 facet normal 0.15146 0.76146 -0.63027
  outer loop
   vertex 8.0391 30.0022 13.4915
   vertex 4.0542 30.7948 13.4915
   vertex 4.5320 34.4242 17.9911
  endloop
 endfacet
 facet normal 0.15146 0.76146 -0.63027
  outer loop
   vertex 8.0391 30.0022 13.4915
   vertex 4.5320 34.4242 17.9911
   vertex 8.9865 33.5381 17.9911
  endloop
 endfacet
 facet normal 0.16679 0.83849 -0.51877
  outer loop
   vertex 8.9865 33.5381 17.9911
   vertex 4.5320 34.4242 17.9911
   vertex 4.9254 37.4123 22.9472
  endloop
 endfacet
 facet normal 0.16679 0.83849 -0.51877
  outer loop
   vertex 8.9865 33.5381 17.9911
   vertex 4.9254 37.4123 22.9472
   vertex 9.7666 36.4493 22.9472
  endloop
 endfacet
 facet normal 0.17900 0.89989 -0.39768
  outer loop
   vertex 9.7666 36.4493 22.9472
   vertex 4.9254 37.4123 22.9472
   vertex 5.2271 39.7035 28.2676
  endloop
 endfacet
 facet normal 0.17900 0.89989 -0.39768
  outer loop
   vertex 9.7666 36.4493 22.9472
   vertex 5.2271 39.7035 28.2676
   vertex 10.3647 38.6816 28.2676
  endloop
 endfacet
 facet normal 0.18789 0.94456 -0.26926
  outer loop
   vertex 10.3647 38.6816 28.2676
   vertex 5.2271 39.7035 28.2676
   vertex 5.4313 41.2551 33.8531
  endloop
 endfacet
 facet normal 0.18789 0.94456 -0.26926
  outer loop
   vertex 10.3647 38.6816 28.2676
   vertex 5.4313 41.2551 33.8531
   vertex 10.7697 40.1932 33.8531
  endloop
 endfacet
 facet normal 0.19328 0.97169 -0.13588
  outer loop
   vertex 10.7697 40.1932 33.8531
   vertex 5.4313 41.2551 33.8531
   vertex 5.5344 42.0382 39.5997
  endloop
 endfacet
 facet normal 0.19328 0.97169 -0.13588
  outer loop
   vertex 10.7697 40.1932 33.8531
   vertex 5.5344 42.0382 39.5997
   vertex 10.9742 40.9561 39.5997
  endloop
 endfacet
 facet normal 0.19509 0.98079 0.00000
  outer loop
   vertex 10.9742 40.9561 39.5997
   vertex 5.5344 42.0382 39.5997
   vertex 5.5344 42.0382 45.4003
  endloop
 endfacet
 facet normal 0.19509 0.98079 -0.00000
  outer loop
   vertex 10.9742 40.9561 39.5997
   vertex 5.5344 42.0382 45.4003
   vertex 10.9742 40.9561 45.4003
  endloop
 endfacet
 facet normal 0.19328 0.97169 0.13588
  outer loop
   vertex 10.9742 40.9561 45.4003
   vertex 5.5344 42.0382 45.4003
   vertex 5.4313 41.2551 51.1469
  endloop
 endfacet
 facet normal 0.19328 0.97169 0.13588
  outer loop
   vertex 10.9742 40.9561 45.4003
   vertex 5.4313 41.2551 51.1469
   vertex 10.7697 40.1932 51.1469
  endloop
 endfacet
 facet normal 0.18789 0.94456 0.26926
  outer loop
   vertex 10.7697 40.1932 51.1469
   vertex 5.4313 41.2551 51.1469
   vertex 5.2271 39.7035 56.7324
  endloop
 endfacet
 facet normal 0.18789 0.94456 0.26926
  outer loop
   vertex 10.7697 40.1932 51.1469
   vertex 5.2271 39.7035 56.7324
   vertex 10.3647 38.6816 56.7324
  endloop
 endfacet
 facet normal 0.17900 0.89989 0.39768
  outer loop
   vertex 10.3647 38.6816 56.7324
   vertex 5.2271 39.7035 56.7324
   vertex 4.9254 37.4123 62.0528
  endloop
 endfacet
 facet normal 0.17900 0.89989 0.39768
  outer loop
   vertex 10.3647 38.6816 56.7324
   vertex 4.9254 37.4123 62.0528
   vertex 9.7666 36.4493 62.0528
  endloop
 endfacet
 facet normal 0.16679 0.83849 0.51877
  outer loop
   vertex 9.7666 36.4493 62.0528
   vertex 4.9254 37.4123 62.0528
   vertex 4.5320 34.4242 67.0089
  endloop
 endfacet
 facet normal 0.16679 0.83849 0.51877
  outer loop
   vertex 9.7666 36.4493 62.0528
   vertex 4.5320 34.4242 67.0089
   vertex 8.9865 33.5381 67.0089
  endloop
 endfacet
 facet normal 0.15146 0.76146 0.63027
  outer loop
   vertex 8.9865 33.5381 67.0089
   vertex 4.5320 34.4242 67.0089
   vertex 4.0542 30.7948 71.5085
  endloop
 endfacet
 facet normal 0.15146 0.76146 0.63027
  outer loop
   vertex 8.9865 33.5381 67.0089
   vertex 4.0542 30.7948 71.5085
   vertex 8.0391 30.0022 71.5085
  endloop
 endfacet
 facet normal 0.13331 0.67020 0.73011
  outer loop
   vertex 8.0391 30.0022 71.5085
   vertex 4.0542 30.7948 71.5085
   vertex 3.5009 26.5918 75.4677
  endloop
 endfacet
 facet normal 0.13331 0.67020 0.73011
  outer loop
   vertex 8.0391 30.0022 71.5085
   vertex 3.5009 26.5918 75.4677
   vertex 6.9418 25.9073 75.4677
  endloop
 endfacet
 facet normal 0.11267 0.56641 0.81639
  outer loop
   vertex 6.9418 25.9073 75.4677
   vertex 3.5009 26.5918 75.4677
   vertex 2.8823 21.8934 78.8128
  endloop
 endfacet
 facet normal 0.11267 0.56641 0.81639
  outer loop
   vertex 6.9418 25.9073 75.4677
   vertex 2.8823 21.8934 78.8128
   vertex 5.7153 21.3299 78.8128
  endloop
 endfacet
 facet normal 0.08991 0.45199 0.88748
  outer loop
   vertex 5.7153 21.3299 78.8128
   vertex 2.8823 21.8934 78.8128
   vertex 2.2101 16.7872 81.4815
  endloop
 endfacet
 facet normal 0.08991 0.45199 0.88748
  outer loop
   vertex 5.7153 21.3299 78.8128
   vertex 2.2101 16.7872 81.4815
   vertex 4.3823 16.3551 81.4815
  endloop
 endfacet
 facet normal 0.06546 0.32907 0.94203
  outer loop
   vertex 4.3823 16.3551 81.4815
   vertex 2.2101 16.7872 81.4815
   vertex 1.4967 11.3683 83.4240
  endloop
 endfacet
 facet normal 0.06546 0.32907 0.94203
  outer loop
   vertex 4.3823 16.3551 81.4815
   vertex 1.4967 11.3683 83.4240
   vertex 2.9677 11.0757 83.4240
  endloop
 endfacet
 facet normal 0.03977 0.19996 0.97900
  outer loop
   vertex 2.9677 11.0757 83.4240
   vertex 1.4967 11.3683 83.4240
   vertex 0.7554 5.7376 84.6042
  endloop
 endfacet
 facet normal 0.03977 0.19996 0.97900
  outer loop
   vertex 2.9677 11.0757 83.4240
   vertex 0.7554 5.7376 84.6042
   vertex 1.4978 5.5899 84.6042
  endloop
 endfacet
 facet normal 0.01334 0.06707 0.99766
  outer loop
   vertex 1.4978 5.5899 84.6042
   vertex 0.7554 5.7376 84.6042
   vertex 0.0000 0.0000 85.0000
  endloop
 endfacet
 facet normal 0.00000 0.00000 0.00000
  outer loop
   vertex 1.4978 5.5899 84.6042
   vertex 0.0000 0.0000 85.0000
   vertex 0.0000 0.0000 85.0000
  endloop
 endfacet
 facet normal 0.00000 0.00000 0.00000
  outer loop
   vertex 0.0000 0.0000 0.0000
   vertex 0.0000 0.0000 0.0000
   vertex 0.0000 5.7871 0.3958
  endloop
 endfacet
 facet normal 0.00447 0.06824 -0.99766
  outer loop
   vertex 0.0000 0.0000 0.0000
   vertex 0.0000 5.7871 0.3958
   vertex 0.7554 5.7376 0.3958
  endloop
 endfacet
 facet normal 0.01333 0.20344 -0.97900
  outer loop
   vertex 0.7554 5.7376 0.3958
   vertex 0.0000 5.7871 0.3958
   vertex 0.0000 11.4664 1.5760
  endloop
 endfacet
 facet normal 0.01333 0.20344 -0.97900
  outer loop
   vertex 0.7554 5.7376 0.3958
   vertex 0.0000 11.4664 1.5760
   vertex 1.4967 11.3683 1.5760
  endloop
 endfacet
 facet normal 0.02194 0.33480 -0.94203
  outer loop
   vertex 1.4967 11.3683 1.5760
   vertex 0.0000 11.4664 1.5760
   vertex 0.0000 16.9320 3.5185
  endloop
 endfacet
 facet normal 0.02194 0.33480 -0.94203
  outer loop
   vertex 1.4967 11.3683 1.5760
   vertex 0.0000 16.9320 3.5185
   vertex 2.2101 16.7872 3.5185
  endloop
 endfacet
 facet normal 0.03014 0.45986 -0.88748
  outer loop
   vertex 2.2101 16.7872 3.5185
   vertex 0.0000 16.9320 3.5185
   vertex 0.0000 22.0823 6.1872
  endloop
 endfacet
 facet normal 0.03014 0.45986 -0.88748
  outer loop
   vertex 2.2101 16.7872 3.5185
   vertex 0.0000 22.0823 6.1872
   vertex 2.8823 21.8934 6.1872
  endloop
 endfacet
 facet normal 0.03777 0.57627 -0.81639
  outer loop
   vertex 2.8823 21.8934 6.1872
   vertex 0.0000 22.0823 6.1872
   vertex 0.0000 26.8212 9.5323
  endloop
 endfacet
 facet normal 0.03777 0.57627 -0.81639
  outer loop
   vertex 2.8823 21.8934 6.1872
   vertex 0.0000 26.8212 9.5323
   vertex 3.5009 26.5918 9.5323
  endloop
 endfacet
 facet normal 0.04469 0.68187 -0.73011
  outer loop
   vertex 3.5009 26.5918 9.5323
   vertex 0.0000 26.8212 9.5323
   vertex 0.0000 31.0605 13.4915
  endloop
 endfacet
 facet normal 0.04469 0.68187 -0.73011
  outer loop
   vertex 3.5009 26.5918 9.5323
   vertex 0.0000 31.0605 13.4915
   vertex 4.0542 30.7948 13.4915
  endloop
 endfacet
 facet normal 0.05078 0.77471 -0.63027
  outer loop
   vertex 4.0542 30.7948 13.4915
   vertex 0.0000 31.0605 13.4915
   vertex 0.0000 34.7212 17.9911
  endloop
 endfacet
 facet normal 0.05078 0.77471 -0.63027
  outer loop
   vertex 4.0542 30.7948 13.4915
   vertex 0.0000 34.7212 17.9911
   vertex 4.5320 34.4242 17.9911
  endloop
 endfacet
 facet normal 0.05591 0.85308 -0.51877
  outer loop
   vertex 4.5320 34.4242 17.9911
   vertex 0.0000 34.7212 17.9911
   vertex 0.0000 37.7351 22.9472
  endloop
 endfacet
 facet normal 0.05591 0.85308 -0.51877
  outer loop
   vertex 4.5320 34.4242 17.9911
   vertex 0.0000 37.7351 22.9472
   vertex 4.9254 37.4123 22.9472
  endloop
 endfacet
 facet normal 0.06001 0.91556 -0.39768
  outer loop
   vertex 4.9254 37.4123 22.9472
   vertex 0.0000 37.7351 22.9472
   vertex 0.0000 40.0461 28.2676
  endloop
 endfacet
 facet normal 0.06001 0.91556 -0.39768
  outer loop
   vertex 4.9254 37.4123 22.9472
   vertex 0.0000 40.0461 28.2676
   vertex 5.2271 39.7035 28.2676
  endloop
 endfacet
 facet normal 0.06299 0.96101 -0.26926
  outer loop
   vertex 5.2271 39.7035 28.2676
   vertex 0.0000 40.0461 28.2676
   vertex 0.0000 41.6111 33.8531
  endloop
 endfacet
 facet normal 0.06299 0.96101 -0.26926
  outer loop
   vertex 5.2271 39.7035 28.2676
   vertex 0.0000 41.6111 33.8531
   vertex 5.4313 41.2551 33.8531
  endloop
 endfacet
 facet normal 0.06480 0.98860 -0.13588
  outer loop
   vertex 5.4313 41.2551 33.8531
   vertex 0.0000 41.6111 33.8531
   vertex 0.0000 42.4009 39.5997
  endloop
 endfacet
 facet normal 0.06480 0.98860 -0.13588
  outer loop
   vertex 5.4313 41.2551 33.8531
   vertex 0.0000 42.4009 39.5997
   vertex 5.5344 42.0382 39.5997
  endloop
 endfacet
 facet normal 0.06540 0.99786 0.00000
  outer loop
   vertex 5.5344 42.0382 39.5997
   vertex 0.0000 42.4009 39.5997
   vertex 0.0000 42.4009 45.4003
  endloop
 endfacet
 facet normal 0.06540 0.99786 -0.00000
  outer loop
   vertex 5.5344 42.0382 39.5997
   vertex 0.0000 42.4009 45.4003
   vertex 5.5344 42.0382 45.4003
  endloop
 endfacet
 facet normal 0.06480 0.98860 0.13588
  outer loop
   vertex 5.5344 42.0382 45.4003
   vertex 0.0000 42.4009 45.4003
   vertex 0.0000 41.6111 51.1469
  endloop
 endfacet
 facet normal 0.06480 0.98860 0.13588
  outer loop
   vertex 5.5344 42.0382 45.4003
   vertex 0.0000 41.6111 51.1469
   vertex 5.4313 41.2551 51.1469
  endloop
 endfacet
 facet normal 0.06299 0.96101 0.26926
  outer loop
   vertex 5.4313 41.2551 51.1469
   vertex 0.0000 41.6111 51.1469
   vertex 0.0000 40.0461 56.7324
  endloop
 endfacet
 facet normal 0.06299 0.96101 0.26926
  outer loop
   vertex 5.4313 41.2551 51.1469
   vertex 0.0000 40.0461 56.7324
   vertex 5.2271 39.7035 56.7324
  endloop
 endfacet
 facet normal 0.06001 0.91556 0.39768
  outer loop
   vertex 5.2271 39.7035 56.7324
   vertex 0.0000 40.0461 56.7324
   vertex 0.0000 37.7351 62.0528
  endloop
 endfacet
 facet normal 0.06001 0.91556 0.39768
  outer loop
   vertex 5.2271 39.7035 56.7324
   vertex 0.0000 37.7351 62.0528
   vertex 4.9254 37.4123 62.0528
  endloop
 endfacet
 facet normal 0.05591 0.85308 0.51877
  outer loop
   vertex 4.9254 37.4123 62.0528
   vertex 0.0000 37.7351 62.0528
   vertex 0.0000 34.7212 67.0089
  endloop
 endfacet
 facet normal 0.05591 0.85308 0.51877
  outer loop
   vertex 4.9254 37.4123 62.0528
   vertex 0.0000 34.7212 67.0089
   vertex 4.5320 34.4242 67.0089
  endloop
 endfacet
 facet normal 0.05078 0.77471 0.63027
  outer loop
   vertex 4.5320 34.4242 67.0089
   vertex 0.0000 34.7212 67.0089
   vertex 0.0000 31.0605 71.5085
  endloop
 endfacet
 facet normal 0.05078 0.77471 0.63027
  outer loop
   vertex 4.5320 34.4242 67.0089
   vertex 0.0000 31.0605 71.5085
   vertex 4.0542 30.7948 71.5085
  endloop
 endfacet
 facet normal 0.04469 0.68187 0.73011
  outer loop
   vertex 4.0542 30.7948 71.5085
   vertex 0.0000 31.0605 71.5085
   vertex 0.0000 26.8212 75.4677
  endloop
 endfacet
 facet normal 0.04469 0.68187 0.73011
  outer loop
   vertex 4.0542 30.7948 71.5085
   vertex 0.0000 26.8212 75.4677
   vertex 3.5009 26.5918 75.4677
  endloop
 endfacet
 facet normal 0.03777 0.57627 0.81639
  outer loop
   vertex 3.5009 26.5918 75.4677
   vertex 0.0000 26.8212 75.4677
   vertex 0.0000 22.0823 78.8128
  endloop
 endfacet
 facet normal 0.03777 0.57627 0.81639
  outer loop
   vertex 3.5009 26.5918 75.4677
   vertex 0.0000 22.0823 78.8128
   vertex 2.8823 21.8934 78.8128
  endloop
 endfacet
 facet normal 0.03014 0.45986 0.88748
  outer loop
   vertex 2.8823 21.8934 78.8128
   vertex 0.0000 22.0823 78.8128
   vertex 0.0000 16.9320 81.4815
  endloop
 endfacet
 facet normal 0.03014 0.45986 0.88748
  outer loop
   vertex 2.8823 21.8934 78.8128
   vertex 0.0000 16.9320 81.4815
   vertex 2.2101 16.7872 81.4815
  endloop
 endfacet
 facet normal 0.02194 0.33480 0.94203
  outer loop
   vertex 2.2101 16.7872 81.4815
   vertex 0.0000 16.9320 81.4815
   vertex 0.0000 11.4664 83.4240
  endloop
 endfacet
 facet normal 0.02194 0.33480 0.94203
  outer loop
   vertex 2.2101 16.7872 81.4815
   vertex 0.0000 11.4664 83.4240
   vertex 1.4967 11.3683 83.4240
  endloop
 endfacet
 facet normal 0.01333 0.20344 0.97900
  outer loop
   vertex 1.4967 11.3683 83.4240
   vertex 0.0000 11.4664 83.4240
   vertex 0.0000 5.7871 84.6042
  endloop
 endfacet
 facet normal 0.01333 0.20344 0.97900
  outer loop
   vertex 1.4967 11.3683 83.4240
   vertex 0.0000 5.7871 84.6042
   vertex 0.7554 5.7376 84.6042
  endloop
 endfacet
 facet normal 0.00447 0.06824 0.99766
  outer loop
   vertex 0.7554 5.7376 84.6042
   vertex 0.0000 5.7871 84.6042
   vertex 0.0000 0.0000 85.0000
  endloop
 endfacet
 facet normal 0.00000 0.00000 0.00000
  outer loop
   vertex 0.7554 5.7376 84.6042
   vertex 0.0000 0.0000 85.0000
   vertex 0.0000 0.0000 85.0000
  endloop
 endfacet
 facet normal 0.00000 0.00000 0.00000
  outer loop
   vertex 0.0000 0.0000 0.0000
   vertex -0.0000 0.0000 0.0000
   vertex -0.7554 5.7376 0.3958
  endloop
 endfacet
 facet normal -0.00447 0.06824 -0.99766
  outer loop
   vertex 0.0000 0.0000 0.0000
   vertex -0.7554 5.7376 0.3958
   vertex 0.0000 5.7871 0.3958
  endloop
 endfacet
 facet normal -0.01333 0.20344 -0.97900
  outer loop
   vertex 0.0000 5.7871 0.3958
   vertex -0.7554 5.7376 0.3958
   vertex -1.4967 11.3683 1.5760
  endloop
 endfacet
 facet normal -0.01333 0.20344 -0.97900
  outer loop
   vertex 0.0000 5.7871 0.3958
   vertex -1.4967 11.3683 1.5760
   vertex 0.0000 11.4664 1.5760
  endloop
 endfacet
 facet normal -0.02194 0.33480 -0.94203
  outer loop
   vertex 0.0000 11.4664 1.5760
   vertex -1.4967 11.3683 1.5760
   vertex -2.2101 16.7872 3.5185
  endloop
 endfacet
 facet normal -0.02194 0.33480 -0.94203
  outer loop
   vertex 0.0000 11.4664 1.5760
   vertex -2.2101 16.7872 3.5185
   vertex 0.0000 16.9320 3.5185
  endloop
 endfacet
 facet normal -0.03014 0.45986 -0.88748
  outer loop
   vertex 0.0000 16.9320 3.5185
   vertex -2.2101 16.7872 3.5185
   vertex -2.8823 21.8934 6.1872
  endloop
 endfacet
 facet normal -0.03014 0.45986 -0.88748
  outer loop
   vertex 0.0000 16.9320 3.5185
   vertex -2.8823 21.8934 6.1872
   vertex 0.0000 22.0823 6.1872
  endloop
 endfacet
 facet normal -0.03777 0.57627 -0.81639
  outer loop
   vertex 0.0000 22.0823 6.1872
   vertex -2.8823 21.8934 6.1872
   vertex -3.5009 26.5918 9.5323
  endloop
 endfacet
 facet normal -0.03777 0.57627 -0.81639
  outer loop
   vertex 0.0000 22.0823 6.1872
   vertex -3.5009 26.5918 9.5323
   vertex 0.0000 26.8212 9.5323
  endloop
 endfacet
 facet normal -0.04469 0.68187 -0.73011
  outer loop
   vertex 0.0000 26.8212 9.5323
   vertex -3.5009 26.5918 9.5323
   vertex -4.0542 30.7948 13.4915
  endloop
 endfacet
 facet normal -0.04469 0.68187 -0.73011
  outer loop
   vertex 0.0000 26.8212 9.5323
   vertex -4.0542 30.7948 13.4915
   vertex 0.0000 31.0605 13.4915
  endloop
 endfacet
 facet normal -0.05078 0.77471 -0.63027
  outer loop
   vertex 0.0000 31.0605 13.4915
   vertex -4.0542 30.7948 13.4915
   vertex -4.5320 34.4242 17.9911
  endloop
 endfacet
 facet normal -0.05078 0.77471 -0.63027
  outer loop
   vertex 0.0000 31.0605 13.4915
   vertex -4.5320 34.4242 17.9911
   vertex 0.0000 34.7212 17.9911
  endloop
 endfacet
 facet normal -0.05591 0.85308 -0.51877
  outer loop
   vertex 0.0000 34.7212 17.9911
   vertex -4.5320 34.4242 17.9911
   vertex -4.9254 37.4123 22.9472
  endloop
 endfacet
 facet normal -0.05591 0.85308 -0.51877
  outer loop
   vertex 0.0000 34.7212 17.9911
   vertex -4.9254 37.4123 22.9472
   vertex 0.0000 37.7351 22.9472
  endloop
 endfacet
 facet normal -0.06001 0.91556 -0.39768
  outer loop
   vertex 0.0000 37.7351 22.9472
   vertex -4.9254 37.4123 22.9472
   vertex -5.2271 39.7035 28.2676
  endloop
 endfacet
 facet normal -0.06001 0.91556 -0.39768
  outer loop
   vertex 0.0000 37.7351 22.9472
   vertex -5.2271 39.7035 28.2676
   vertex 0.0000 40.0461 28.2676
  endloop
 endfacet
 facet normal -0.06299 0.96101 -0.26926
  outer loop
   vertex 0.0000 40.0461 28.2676
   vertex -5.2271 39.7035 28.2676
   vertex -5.4313 41.2551 33.8531
  endloop
 endfacet
 facet normal -0.06299 0.96101 -0.26926
  outer loop
   vertex 0.0000 40.0461 28.2676
   vertex -5.4313 41.2551 33.8531
   vertex 0.0000 41.6111 33.8531
  endloop
 endfacet
 facet normal -0.06480 0.98860 -0.13588
  outer loop
   vertex 0.0000 41.6111 33.8531
   vertex -5.4313 41.2551 33.8531
   vertex -5.5344 42.0382 39.5997
  endloop
 endfacet
 facet normal -0.06480 0.98860 -0.13588
  outer loop
   vertex 0.0000 41.6111 33.8531
   vertex -5.5344 42.0382 39.5997
   vertex 0.0000 42.4009 39.5997
  endloop
 endfacet
 facet normal -0.06540 0.99786 0.00000
  outer loop
   vertex 0.0000 42.4009 39.5997
   vertex -5.5344 42.0382 39.5997
   vertex -5.5344 42.0382 45.4003
  endloop
 endfacet
 facet normal -0.06540 0.99786 0.00000
  outer loop
   vertex 0.0000 42.4009 39.5997
   vertex -5.5344 42.0382 45.4003
   vertex 0.0000 42.4009 45.4003
  endloop
 endfacet
 facet normal -0.06480 0.98860 0.13588
  outer loop
   vertex 0.0000 42.4009 45.4003
   vertex -5.5344 42.0382 45.4003
   vertex -5.4313 41.2551 51.1469
  endloop
 endfacet
 facet normal -0.06480 0.98860 0.13588
  outer loop
   vertex 0.0000 42.4009 45.4003
   vertex -5.4313 41.2551 51.1469
   vertex 0.0000 41.6111 51.1469
  endloop
 endfacet
 facet normal -0.06299 0.96101 0.26926
  outer loop
   vertex 0.0000 41.6111 51.1469
   vertex -5.4313 41.2551 51.1469
   vertex -5.2271 39.7035 56.7324
  endloop
 endfacet
 facet normal -0.06299 0.96101 0.26926
  outer loop
   vertex 0.0000 41.6111 51.1469
   vertex -5.2271 39.7035 56.7324
   vertex 0.0000 40.0461 56.7324
  endloop
 endfacet
 facet normal -0.06001 0.91556 0.39768
  outer loop
   vertex 0.0000 40.0461 56.7324
   vertex -5.2271 39.7035 56.7324
   vertex -4.9254 37.4123 62.0528
  endloop
 endfacet
 facet normal -0.06001 0.91556 0.39768
  outer loop
   vertex 0.0000 40.0461 56.7324
   vertex -4.9254 37.4123 62.0528
   vertex 0.0000 37.7351 62.0528
  endloop
 endfacet
 facet normal -0.05591 0.85308 0.51877
  outer loop
   vertex 0.0000 37.7351 62.0528
   vertex -4.9254 37.4123 62.0528
   vertex -4.5320 34.4242 67.0089
  endloop
 endfacet
 facet normal -0.05591 0.85308 0.51877
  outer loop
   vertex 0.0000 37.7351 62.0528
   vertex -4.5320 34.4242 67.0089
   vertex 0.0000 34.7212 67.0089
  endloop
 endfacet
 facet normal -0.05078 0.77471 0.63027
  outer loop
   vertex 0.0000 34.7212 67.0089
   vertex -4.5320 34.4242 67.0089
   vertex -4.0542 30.7948 71.5085
  endloop
 endfacet
 facet normal -0.05078 0.77471 0.63027
  outer loop
   vertex 0.0000 34.7212 67.0089
   vertex -4.0542 30.7948 71.5085
   vertex 0.0000 31.0605 71.5085
  endloop
 endfacet
 facet normal -0.04469 0.68187 0.73011
  outer loop
   vertex 0.0000 31.0605 71.5085
   vertex -4.0542 30.7948 71.5085
   vertex -3.5009 26.5918 75.4677
  endloop
 endfacet
 facet normal -0.04469 0.68187 0.73011
  outer loop
   vertex 0.0000 31.0605 71.5085
   vertex -3.5009 26.5918 75.4677
   vertex 0.0000 26.8212 75.4677
  endloop
 endfacet
 facet normal -0.03777 0.57627 0.81639
  outer loop
   vertex 0.0000 26.8212 75.4677
   vertex -3.5009 26.5918 75.4677
   vertex -2.8823 21.8934 78.8128
  endloop
 endfacet
 facet normal -0.03777 0.57627 0.81639
  outer loop
   vertex 0.0000 26.8212 75.4677
   vertex -2.8823 21.8934 78.8128
   vertex 0.0000 22.0823 78.8128
  endloop
 endfacet
 facet normal -0.03014 0.45986 0.88748
  outer loop
   vertex 0.0000 22.0823 78.8128
   vertex -2.8823 21.8934 78.8128
   vertex -2.2101 16.7872 81.4815
  endloop
 endfacet
 facet normal -0.03014 0.45986 0.88748
  outer loop
   vertex 0.0000 22.0823 78.8128
   vertex -2.2101 16.7872 81.4815
   vertex 0.0000 16.9320 81.4815
  endloop
 endfacet
 facet normal -0.02194 0.33480 0.94203
  outer loop
   vertex 0.0000 16.9320 81.4815
   vertex -2.2101 16.7872 81.4815
   vertex -1.4967 11.3683 83.4240
  endloop
 endfacet
 facet normal -0.02194 0.33480 0.94203
  outer loop
   vertex 0.0000 16.9320 81.4815
   vertex -1.4967 11.3683 83.4240
   vertex 0.0000 11.4664 83.4240
  endloop
 endfacet
 facet normal -0.01333 0.20344 0.97900
  outer loop
   vertex 0.0000 11.4664 83.4240
   vertex -1.4967 11.3683 83.4240
   vertex -0.7554 5.7376 84.6042
  endloop
 endfacet
 facet normal -0.01333 0.20344 0.97900
  outer loop
   vertex 0.0000 11.4664 83.4240
   vertex -0.7554 5.7376 84.6042
   vertex 0.0000 5.7871 84.6042
  endloop
 endfacet
 facet normal -0.00447 0.06824 0.99766
  outer loop
   vertex 0.0000 5.7871 84.6042
   vertex -0.7554 5.7376 84.6042
   vertex -0.0000 0.0000 85.0000
  endloop
 endfacet
 facet normal 0.00000 0.00000 0.00000
  outer loop
   vertex 0.0000 5.7871 84.6042
   vertex -0.0000 0.0000 85.0000
   vertex 0.0000 0.0000 85.0000
  endloop
 endfacet
 facet normal 0.00000 0.00000 0.00000
  outer loop
   vertex -0.0000 0.0000 0.0000
   vertex -0.0000 0.0000 0.0000
   vertex -1.4978 5.5899 0.3958
  endloop
 endfacet
 facet normal -0.01334 0.06707 -0.99766
  outer loop
   vertex -0.0000 0.0000 0.0000
   vertex -1.4978 5.5899 0.3958
   vertex -0.7554 5.7376 0.3958
  endloop
 endfacet
 facet normal -0.03977 0.19996 -0.97900
  outer loop
   vertex -0.7554 5.7376 0.3958
   vertex -1.4978 5.5899 0.3958
   vertex -2.9677 11.0757 1.5760
  endloop
 endfacet
 facet normal -0.03977 0.19996 -0.97900
  outer loop
   vertex -0.7554 5.7376 0.3958
   vertex -2.9677 11.0757 1.5760
   vertex -1.4967 11.3683 1.5760
  endloop
 endfacet
 facet normal -0.06546 0.32907 -0.94203
  outer loop
   vertex -1.4967 11.3683 1.5760
   vertex -2.9677 11.0757 1.5760
   vertex -4.3823 16.3551 3.5185
  endloop
 endfacet
 facet normal -0.06546 0.32907 -0.94203
  outer loop
   vertex -1.4967 11.3683 1.5760
   vertex -4.3823 16.3551 3.5185
   vertex -2.2101 16.7872 3.5185
  endloop
 endfacet
 facet normal -0.08991 0.45199 -0.88748
  outer loop
   vertex -2.2101 16.7872 3.5185
   vertex -4.3823 16.3551 3.5185
   vertex -5.7153 21.3299 6.1872
  endloop
 endfacet
 facet normal -0.08991 0.45199 -0.88748
  outer loop
   vertex -2.2101 16.7872 3.5185
   vertex -5.7153 21.3299 6.1872
   vertex -2.8823 21.8934 6.1872
  endloop
 endfacet
 facet normal -0.11267 0.56641 -0.81639
  outer loop
   vertex -2.8823 21.8934 6.1872
   vertex -5.7153 21.3299 6.1872
   vertex -6.9418 25.9073 9.5323
  endloop
 endfacet
 facet normal -0.11267 0.56641 -0.81639
  outer loop
   vertex -2.8823 21.8934 6.1872
   vertex -6.9418 25.9073 9.5323
   vertex -3.5009 26.5918 9.5323
  endloop
 endfacet
 facet normal -0.13331 0.67020 -0.73011
  outer loop
   vertex -3.5009 26.5918 9.5323
   vertex -6.9418 25.9073 9.5323
   vertex -8.0391 30.0022 13.4915
  endloop
 endfacet
 facet normal -0.13331 0.67020 -0.73011
  outer loop
   vertex -3.5009 26.5918 9.5323
   vertex -8.0391 30.0022 13.4915
   vertex -4.0542 30.7948 13.4915
  endloop
 endfacet
 facet normal -0.15146 0.76146 -0.63027
  outer loop
   vertex -4.0542 30.7948 13.4915
   vertex -8.0391 30.0022 13.4915
   vertex -8.9865 33.5381 17.9911
  endloop
 endfacet
 facet normal -0.15146 0.76146 -0.63027
  outer loop
   vertex -4.0542 30.7948 13.4915
   vertex -8.9865 33.5381 17.9911
   vertex -4.5320 34.4242 17.9911
  endloop
 endfacet
 facet normal -0.16679 0.83849 -0.51877
  outer loop
   vertex -4.5320 34.4242 17.9911
   vertex -8.9865 33.5381 17.9911
   vertex -9.7666 36.4493 22.9472
  endloop
 endfacet
 facet normal -0.16679 0.83849 -0.51877
  outer loop
   vertex -4.5320 34.4242 17.9911
   vertex -9.7666 36.4493 22.9472
   vertex -4.9254 37.4123 22.9472
  endloop
 endfacet
 facet normal -0.17900 0.89989 -0.39768
  outer loop
   vertex -4.9254 37.4123 22.9472
   vertex -9.7666 36.4493 22.9472
   vertex -10.3647 38.6816 28.2676
  endloop
 endfacet
 facet normal -0.17900 0.89989 -0.39768
  outer loop
   vertex -4.9254 37.4123 22.9472
   vertex -10.3647 38.6816 28.2676
   vertex -5.2271 39.7035 28.2676
  endloop
 endfacet
 facet normal -0.18789 0.94456 -0.26926
  outer loop
   vertex -5.2271 39.7035 28.2676
   vertex -10.3647 38.6816 28.2676
   vertex -10.7697 40.1932 33.8531
  endloop
 endfacet
 facet normal -0.18789 0.94456 -0.26926
  outer loop
   vertex -5.2271 39.7035 28.2676
   vertex -10.7697 40.1932 33.8531
   vertex -5.4313 41.2551 33.8531
  endloop
 endfacet
 facet normal -0.19328 0.97169 -0.13588
  outer loop
   vertex -5.4313 41.2551 33.8531
   vertex -10.7697 40.1932 33.8531
   vertex -10.9742 40.9561 39.5997
  endloop
 endfacet
 facet normal -0.19328 0.97169 -0.13588
  outer loop
   vertex -5.4313 41.2551 33.8531
   vertex -10.9742 40.9561 39.5997
   vertex -5.5344 42.0382 39.5997
  endloop
 endfacet
 facet normal -0.19509 0.98079 0.00000
  outer loop
   vertex -5.5344 42.0382 39.5997
   vertex -10.9742 40.9561 39.5997
   vertex -10.9742 40.9561 45.4003
  endloop
 endfacet
 facet normal -0.19509 0.98079 0.00000
  outer loop
   vertex -5.5344 42.0382 39.5997
   vertex -10.9742 40.9561 45.4003
   vertex -5.5344 42.0382 45.4003
  endloop
 endfacet
 facet normal -0.19328 0.97169 0.13588
  outer loop
   vertex -5.5344 42.0382 45.4003
   vertex -10.9742 40.9561 45.4003
   vertex -10.7697 40.1932 51.1469
  endloop
 endfacet
 facet normal -0.19328 0.97169 0.13588
  outer loop
   vertex -5.5344 42.0382 45.4003
   vertex -10.7697 40.1932 51.1469
   vertex -5.4313 41.2551 51.1469
  endloop
 endfacet
 facet normal -0.18789 0.94456 0.26926
  outer loop
   vertex -5.4313 41.2551 51.1469
   vertex -10.7697 40.1932 51.1469
   vertex -10.3647 38.6816 56.7324
  endloop
 endfacet
 facet normal -0.18789 0.94456 0.26926
  outer loop
   vertex -5.4313 41.2551 51.1469
   vertex -10.3647 38.6816 56.7324
   vertex -5.2271 39.7035 56.7324
  endloop
 endfacet
 facet normal -0.17900 0.89989 0.39768
  outer loop
   vertex -5.2271 39.7035 56.7324
   vertex -10.3647 38.6816 56.7324
   vertex -9.7666 36.4493 62.0528
  endloop
 endfacet
 facet normal -0.17900 0.89989 0.39768
  outer loop
   vertex -5.2271 39.7035 56.7324
   vertex -9.7666 36.4493 62.0528
   vertex -4.9254 37.4123 62.0528
  endloop
 endfacet
 facet normal -0.16679 0.83849 0.51877
  outer loop
   vertex -4.9254 37.4123 62.0528
   vertex -9.7666 36.4493 62.0528
   vertex -8.9865 33.5381 67.0089
  endloop
 endfacet
 facet normal -0.16679 0.83849 0.51877
  outer loop
   vertex -4.9254 37.4123 62.0528
   vertex -8.9865 33.5381 67.0089
   vertex -4.5320 34.4242 67.0089
  endloop
 endfacet
 facet normal -0.15146 0.76146 0.63027
  outer loop
   vertex -4.5320 34.4242 67.0089
   vertex -8.9865 33.5381 67.0089
   vertex -8.0391 30.0022 71.5085
  endloop
 endfacet
 facet normal -0.15146 0.76146 0.63027
  outer loop
   vertex -4.5320 34.4242 67.0089
   vertex -8.0391 30.0022 71.5085
   vertex -4.0542 30.7948 71.5085
  endloop
 endfacet
 facet normal -0.13331 0.67020 0.73011
  outer loop
   vertex -4.0542 30.7948 71.5085
   vertex -8.0391 30.0022 71.5085
   vertex -6.9418 25.9073 75.4677
  endloop
 endfacet
 facet normal -0.13331 0.67020 0.73011
  outer loop
   vertex -4.0542 30.7948 71.5085
   vertex -6.9418 25.9073 75.4677
   vertex -3.5009 26.5918 75.4677
  endloop
 endfacet
 facet normal -0.11267 0.56641 0.81639
  outer loop
   vertex -3.5009 26.5918 75.4677
   vertex -6.9418 25.9073 75.4677
   vertex -5.7153 21.3299 78.8128
  endloop
 endfacet
 facet normal -0.11267 0.56641 0.81639
  outer loop
   vertex -3.5009 26.5918 75.4677
   vertex -5.7153 21.3299 78.8128
   vertex -2.8823 21.8934 78.8128
  endloop
 endfacet
 facet normal -0.08991 0.45199 0.88748
  outer loop
   vertex -2.8823 21.8934 78.8128
   vertex -5.7153 21.3299 78.8128
   vertex -4.3823 16.3551 81.4815
  endloop
 endfacet
 facet normal -0.08991 0.45199 0.88748
  outer loop
   vertex -2.8823 21.8934 78.8128
   vertex -4.3823 16.3551 81.4815
   vertex -2.2101 16.7872 81.4815
  endloop
 endfacet
 facet normal -0.06546 0.32907 0.94203
  outer loop
   vertex -2.2101 16.7872 81.4815
   vertex -4.3823 16.3551 81.4815
   vertex -2.9677 11.0757 83.4240
  endloop
 endfacet
 facet normal -0.06546 0.32907 0.94203
  outer loop
   vertex -2.2101 16.7872 81.4815
   vertex -2.9677 11.0757 83.4240
   vertex -1.4967 11.3683 83.4240
  endloop
 endfacet
 facet normal -0.03977 0.19996 0.97900
  outer loop
   vertex -1.4967 11.3683 83.4240
   vertex -2.9677 11.0757 83.4240
   vertex -1.4978 5.5899 84.6042
  endloop
 endfacet
 facet normal -0.03977 0.19996 0.97900
  outer loop
   vertex -1.4967 11.3683 83.4240
   vertex -1.4978 5.5899 84.6042
   vertex -0.7554 5.7376 84.6042
  endloop
 endfacet
 facet normal -0.01334 0.06707 0.99766
  outer loop
   vertex -0.7554 5.7376 84.6042
   vertex -1.4978 5.5899 84.6042
   vertex -0.0000 0.0000 85.0000
  endloop
 endfacet
 facet normal 0.00000 0.00000 0.00000
  outer loop
   vertex -0.7554 5.7376 84.6042
   vertex -0.0000 0.0000 85.0000
   vertex -0.0000 0.0000 85.0000
  endloop
 endfacet
 facet normal 0.00000 0.00000 0.00000
  outer loop
   vertex -0.0000 0.0000 0.0000
   vertex -0.0000 0.0000 0.0000
   vertex -2.2146 5.3466 0.3958
  endloop
 endfacet
 facet normal -0.02198 0.06476 -0.99766
  outer loop
   vertex -0.0000 0.0000 0.0000
   vertex -2.2146 5.3466 0.3958
   vertex -1.4978 5.5899 0.3958
  endloop
 endfacet
 facet normal -0.06553 0.19305 -0.97900
  outer loop
   vertex -1.4978 5.5899 0.3958
   vertex -2.2146 5.3466 0.3958
   vertex -4.3880 10.5935 1.5760
  endloop
 endfacet
 facet normal -0.06553 0.19305 -0.97900
  outer loop
   vertex -1.4978 5.5899 0.3958
   vertex -4.3880 10.5935 1.5760
   vertex -2.9677 11.0757 1.5760
  endloop
 endfacet
 facet normal -0.10785 0.31771 -0.94203
  outer loop
   vertex -2.9677 11.0757 1.5760
   vertex -4.3880 10.5935 1.5760
   vertex -6.4796 15.6432 3.5185
  endloop
 endfacet
 facet normal -0.10785 0.31771 -0.94203
  outer loop
   vertex -2.9677 11.0757 1.5760
   vertex -6.4796 15.6432 3.5185
   vertex -4.3823 16.3551 3.5185
  endloop
 endfacet
 facet normal -0.14813 0.43639 -0.88748
  outer loop
   vertex -4.3823 16.3551 3.5185
   vertex -6.4796 15.6432 3.5185
   vertex -8.4505 20.4014 6.1872
  endloop
 endfacet
 facet normal -0.14813 0.43639 -0.88748
  outer loop
   vertex -4.3823 16.3551 3.5185
   vertex -8.4505 20.4014 6.1872
   vertex -5.7153 21.3299 6.1872
  endloop
 endfacet
 facet normal -0.18563 0.54686 -0.81639
  outer loop
   vertex -5.7153 21.3299 6.1872
   vertex -8.4505 20.4014 6.1872
   vertex -10.2640 24.7796 9.5323
  endloop
 endfacet
 facet normal -0.18563 0.54686 -0.81639
  outer loop
   vertex -5.7153 21.3299 6.1872
   vertex -10.2640 24.7796 9.5323
   vertex -6.9418 25.9073 9.5323
  endloop
 endfacet
 facet normal -0.21965 0.64707 -0.73011
  outer loop
   vertex -6.9418 25.9073 9.5323
   vertex -10.2640 24.7796 9.5323
   vertex -11.8863 28.6962 13.4915
  endloop
 endfacet
 facet normal -0.21965 0.64707 -0.73011
  outer loop
   vertex -6.9418 25.9073 9.5323
   vertex -11.8863 28.6962 13.4915
   vertex -8.0391 30.0022 13.4915
  endloop
 endfacet
 facet normal -0.24956 0.73517 -0.63027
  outer loop
   vertex -8.0391 30.0022 13.4915
   vertex -11.8863 28.6962 13.4915
   vertex -13.2872 32.0782 17.9911
  endloop
 endfacet
 facet normal -0.24956 0.73517 -0.63027
  outer loop
   vertex -8.0391 30.0022 13.4915
   vertex -13.2872 32.0782 17.9911
   vertex -8.9865 33.5381 17.9911
  endloop
 endfacet
 facet normal -0.27480 0.80954 -0.51877
  outer loop
   vertex -8.9865 33.5381 17.9911
   vertex -13.2872 32.0782 17.9911
   vertex -14.4406 34.8627 22.9472
  endloop
 endfacet
 facet normal -0.27480 0.80954 -0.51877
  outer loop
   vertex -8.9865 33.5381 17.9911
   vertex -14.4406 34.8627 22.9472
   vertex -9.7666 36.4493 22.9472
  endloop
 endfacet
 facet normal -0.29493 0.86883 -0.39768
  outer loop
   vertex -9.7666 36.4493 22.9472
   vertex -14.4406 34.8627 22.9472
   vertex -15.3250 36.9978 28.2676
  endloop
 endfacet
 facet normal -0.29493 0.86883 -0.39768
  outer loop
   vertex -9.7666 36.4493 22.9472
   vertex -15.3250 36.9978 28.2676
   vertex -10.3647 38.6816 28.2676
  endloop
 endfacet
 facet normal -0.30957 0.91196 -0.26926
  outer loop
   vertex -10.3647 38.6816 28.2676
   vertex -15.3250 36.9978 28.2676
   vertex -15.9239 38.4436 33.8531
  endloop
 endfacet
 facet normal -0.30957 0.91196 -0.26926
  outer loop
   vertex -10.3647 38.6816 28.2676
   vertex -15.9239 38.4436 33.8531
   vertex -10.7697 40.1932 33.8531
  endloop
 endfacet
 facet normal -0.31846 0.93815 -0.13588
  outer loop
   vertex -10.7697 40.1932 33.8531
   vertex -15.9239 38.4436 33.8531
   vertex -16.2261 39.1733 39.5997
  endloop
 endfacet
 facet normal -0.31846 0.93815 -0.13588
  outer loop
   vertex -10.7697 40.1932 33.8531
   vertex -16.2261 39.1733 39.5997
   vertex -10.9742 40.9561 39.5997
  endloop
 endfacet
 facet normal -0.32144 0.94693 0.00000
  outer loop
   vertex -10.9742 40.9561 39.5997
   vertex -16.2261 39.1733 39.5997
   vertex -16.2261 39.1733 45.4003
  endloop
 endfacet
 facet normal -0.32144 0.94693 0.00000
  outer loop
   vertex -10.9742 40.9561 39.5997
   vertex -16.2261 39.1733 45.4003
   vertex -10.9742 40.9561 45.4003
  endloop
 endfacet
 facet normal -0.31846 0.93815 0.13588
  outer loop
   vertex -10.9742 40.9561 45.4003
   vertex -16.2261 39.1733 45.4003
   vertex -15.9239 38.4436 51.1469
  endloop
 endfacet
 facet normal -0.31846 0.93815 0.13588
  outer loop
   vertex -10.9742 40.9561 45.4003
   vertex -15.9239 38.4436 51.1469
   vertex -10.7697 40.1932 51.1469
  endloop
 endfacet
 facet normal -0.30957 0.91196 0.26926
  outer loop
   vertex -10.7697 40.1932 51.1469
   vertex -15.9239 38.4436 51.1469
   vertex -15.3250 36.9978 56.7324
  endloop
 endfacet
 facet normal -0.30957 0.91196 0.26926
  outer loop
   vertex -10.7697 40.1932 51.1469
   vertex -15.3250 36.9978 56.7324
   vertex -10.3647 38.6816 56.7324
  endloop
 endfacet
 facet normal -0.29493 0.86883 0.39768
  outer loop
   vertex -10.3647 38.6816 56.7324
   vertex -15.3250 36.9978 56.7324
   vertex -14.4406 34.8627 62.0528
  endloop
 endfacet
 facet normal -0.29493 0.86883 0.39768
  outer loop
   vertex -10.3647 38.6816 56.7324
   vertex -14.4406 34.8627 62.0528
   vertex -9.7666 36.4493 62.0528
  endloop
 endfacet
 facet normal -0.27480 0.80954 0.51877
  outer loop
   vertex -9.7666 36.4493 62.0528
   vertex -14.4406 34.8627 62.0528
   vertex -13.2872 32.0782 67.0089
  endloop
 endfacet
 facet normal -0.27480 0.80954 0.51877
  outer loop
   vertex -9.7666 36.4493 62.0528
   vertex -13.2872 32.0782 67.0089
   vertex -8.9865 33.5381 67.0089
  endloop
 endfacet
 facet normal -0.24956 0.73517 0.63027
  outer loop
   vertex -8.9865 33.5381 67.0089
   vertex -13.2872 32.0782 67.0089
   vertex -11.8863 28.6962 71.5085
  endloop
 endfacet
 facet normal -0.24956 0.73517 0.63027
  outer loop
   vertex -8.9865 33.5381 67.0089
   vertex -11.8863 28.6962 71.5085
   vertex -8.0391 30.0022 71.5085
  endloop
 endfacet
 facet normal -0.21965 0.64707 0.73011
  outer loop
   vertex -8.0391 30.0022 71.5085
   vertex -11.8863 28.6962 71.5085
   vertex -10.2640 24.7796 75.4677
  endloop
 endfacet
 facet normal -0.21965 0.64707 0.73011
  outer loop
   vertex -8.0391 30.0022 71.5085
   vertex -10.2640 24.7796 75.4677
   vertex -6.9418 25.9073 75.4677
  endloop
 endfacet
 facet normal -0.18563 0.54686 0.81639
  outer loop
   vertex -6.9418 25.9073 75.4677
   vertex -10.2640 24.7796 75.4677
   vertex -8.4505 20.4014 78.8128
  endloop
 endfacet
 facet normal -0.18563 0.54686 0.81639
  outer loop
   vertex -6.9418 25.9073 75.4677
   vertex -8.4505 20.4014 78.8128
   vertex -5.7153 21.3299 78.8128
  endloop
 endfacet
 facet normal -0.14813 0.43639 0.88748
  outer loop
   vertex -5.7153 21.3299 78.8128
   vertex -8.4505 20.4014 78.8128
   vertex -6.4796 15.6432 81.4815
  endloop
 endfacet
 facet normal -0.14813 0.43639 0.88748
  outer loop
   vertex -5.7153 21.3299 78.8128
   vertex -6.4796 15.6432 81.4815
   vertex -4.3823 16.3551 81.4815
  endloop
 endfacet
 facet normal -0.10785 0.31771 0.94203
  outer loop
   vertex -4.3823 16.3551 81.4815
   vertex -6.4796 15.6432 81.4815
   vertex -4.3880 10.5935 83.4240
  endloop
 endfacet
 facet normal -0.10785 0.31771 0.94203
  outer loop
   vertex -4.3823 16.3551 81.4815
   vertex -4.3880 10.5935 83.4240
   vertex -2.9677 11.0757 83.4240
  endloop
 endfacet
 facet normal -0.06553 0.19305 0.97900
  outer loop
   vertex -2.9677 11.0757 83.4240
   vertex -4.3880 10.5935 83.4240
   vertex -2.2146 5.3466 84.6042
  endloop
 endfacet
 facet normal -0.06553 0.19305 0.97900
  outer loop
   vertex -2.9677 11.0757 83.4240
   vertex -2.2146 5.3466 84.6042
   vertex -1.4978 5.5899 84.6042
  endloop
 endfacet
 facet normal -0.02198 0.06476 0.99766
  outer loop
   vertex -1.4978 5.5899 84.6042
   vertex -2.2146 5.3466 84.6042
   vertex -0.0000 0.0000 85.0000
  endloop
 endfacet
 facet normal 0.00000 0.00000 0.00000
  outer loop
   vertex -1.4978 5.5899 84.6042
   vertex -0.0000 0.0000 85.0000
   vertex -0.0000 0.0000 85.0000
  endloop
 endfacet
 facet normal 0.00000 0.00000 0.00000
  outer loop
   vertex -0.0000 0.0000 0.0000
   vertex -0.0000 0.0000 0.0000
   vertex -2.8935 5.0118 0.3958
  endloop
 endfacet
 facet normal -0.03025 0.06134 -0.99766
  outer loop
   vertex -0.0000 0.0000 0.0000
   vertex -2.8935 5.0118 0.3958
   vertex -2.2146 5.3466 0.3958
  endloop
 endfacet
 facet normal -0.09017 0.18285 -0.97900
  outer loop
   vertex -2.2146 5.3466 0.3958
   vertex -2.8935 5.0118 0.3958
   vertex -5.7332 9.9302 1.5760
  endloop
 endfacet
 facet normal -0.09017 0.18285 -0.97900
  outer loop
   vertex -2.2146 5.3466 0.3958
   vertex -5.7332 9.9302 1.5760
   vertex -4.3880 10.5935 1.5760
  endloop
 endfacet
 facet normal -0.14840 0.30092 -0.94203
  outer loop
   vertex -4.3880 10.5935 1.5760
   vertex -5.7332 9.9302 1.5760
   vertex -8.4660 14.6636 3.5185
  endloop
 endfacet
 facet normal -0.14840 0.30092 -0.94203
  outer loop
   vertex -4.3880 10.5935 1.5760
   vertex -8.4660 14.6636 3.5185
   vertex -6.4796 15.6432 3.5185
  endloop
 endfacet
 facet normal -0.20383 0.41332 -0.88748
  outer loop
   vertex -6.4796 15.6432 3.5185
   vertex -8.4660 14.6636 3.5185
   vertex -11.0412 19.1238 6.1872
  endloop
 endfacet
 facet normal -0.20383 0.41332 -0.88748
  outer loop
   vertex -6.4796 15.6432 3.5185
   vertex -11.0412 19.1238 6.1872
   vertex -8.4505 20.4014 6.1872
  endloop
 endfacet
 facet normal -0.25542 0.51795 -0.81639
  outer loop
   vertex -8.4505 20.4014 6.1872
   vertex -11.0412 19.1238 6.1872
   vertex -13.4106 23.2279 9.5323
  endloop
 endfacet
 facet normal -0.25542 0.51795 -0.81639
  outer loop
   vertex -8.4505 20.4014 6.1872
   vertex -13.4106 23.2279 9.5323
   vertex -10.2640 24.7796 9.5323
  endloop
 endfacet
 facet normal -0.30223 0.61286 -0.73011
  outer loop
   vertex -10.2640 24.7796 9.5323
   vertex -13.4106 23.2279 9.5323
   vertex -15.5303 26.8992 13.4915
  endloop
 endfacet
 facet normal -0.30223 0.61286 -0.73011
  outer loop
   vertex -10.2640 24.7796 9.5323
   vertex -15.5303 26.8992 13.4915
   vertex -11.8863 28.6962 13.4915
  endloop
 endfacet
 facet normal -0.34338 0.69631 -0.63027
  outer loop
   vertex -11.8863 28.6962 13.4915
   vertex -15.5303 26.8992 13.4915
   vertex -17.3606 30.0695 17.9911
  endloop
 endfacet
 facet normal -0.34338 0.69631 -0.63027
  outer loop
   vertex -11.8863 28.6962 13.4915
   vertex -17.3606 30.0695 17.9911
   vertex -13.2872 32.0782 17.9911
  endloop
 endfacet
 facet normal -0.37812 0.76675 -0.51877
  outer loop
   vertex -13.2872 32.0782 17.9911
   vertex -17.3606 30.0695 17.9911
   vertex -18.8676 32.6796 22.9472
  endloop
 endfacet
 facet normal -0.37812 0.76675 -0.51877
  outer loop
   vertex -13.2872 32.0782 17.9911
   vertex -18.8676 32.6796 22.9472
   vertex -14.4406 34.8627 22.9472
  endloop
 endfacet
 facet normal -0.40581 0.82290 -0.39768
  outer loop
   vertex -14.4406 34.8627 22.9472
   vertex -18.8676 32.6796 22.9472
   vertex -20.0230 34.6809 28.2676
  endloop
 endfacet
 facet normal -0.40581 0.82290 -0.39768
  outer loop
   vertex -14.4406 34.8627 22.9472
   vertex -20.0230 34.6809 28.2676
   vertex -15.3250 36.9978 28.2676
  endloop
 endfacet
 facet normal -0.42595 0.86375 -0.26926
  outer loop
   vertex -15.3250 36.9978 28.2676
   vertex -20.0230 34.6809 28.2676
   vertex -20.8055 36.0362 33.8531
  endloop
 endfacet
 facet normal -0.42595 0.86375 -0.26926
  outer loop
   vertex -15.3250 36.9978 28.2676
   vertex -20.8055 36.0362 33.8531
   vertex -15.9239 38.4436 33.8531
  endloop
 endfacet
 facet normal -0.43819 0.88855 -0.13588
  outer loop
   vertex -15.9239 38.4436 33.8531
   vertex -20.8055 36.0362 33.8531
   vertex -21.2005 36.7203 39.5997
  endloop
 endfacet
 facet normal -0.43819 0.88855 -0.13588
  outer loop
   vertex -15.9239 38.4436 33.8531
   vertex -21.2005 36.7203 39.5997
   vertex -16.2261 39.1733 39.5997
  endloop
 endfacet
 facet normal -0.44229 0.89687 0.00000
  outer loop
   vertex -16.2261 39.1733 39.5997
   vertex -21.2005 36.7203 39.5997
   vertex -21.2005 36.7203 45.4003
  endloop
 endfacet
 facet normal -0.44229 0.89687 0.00000
  outer loop
   vertex -16.2261 39.1733 39.5997
   vertex -21.2005 36.7203 45.4003
   vertex -16.2261 39.1733 45.4003
  endloop
 endfacet
 facet normal -0.43819 0.88855 0.13588
  outer loop
   vertex -16.2261 39.1733 45.4003
   vertex -21.2005 36.7203 45.4003
   vertex -20.8055 36.0362 51.1469
  endloop
 endfacet
 facet normal -0.43819 0.88855 0.13588
  outer loop
   vertex -16.2261 39.1733 45.4003
   vertex -20.8055 36.0362 51.1469
   vertex -15.9239 38.4436 51.1469
  endloop
 endfacet
 facet normal -0.42595 0.86375 0.26926
  outer loop
   vertex -15.9239 38.4436 51.1469
   vertex -20.8055 36.0362 51.1469
   vertex -20.0230 34.6809 56.7324
  endloop
 endfacet
 facet normal -0.42595 0.86375 0.26926
  outer loop
   vertex -15.9239 38.4436 51.1469
   vertex -20.0230 34.6809 56.7324
   vertex -15.3250 36.9978 56.7324
  endloop
 endfacet
 facet normal -0.40581 0.82290 0.39768
  outer loop
   vertex -15.3250 36.9978 56.7324
   vertex -20.0230 34.6809 56.7324
   vertex -18.8676 32.6796 62.0528
  endloop
 endfacet
 facet normal -0.40581 0.82290 0.39768
  outer loop
   vertex -15.3250 36.9978 56.7324
   vertex -18.8676 32.6796 62.0528
   vertex -14.4406 34.8627 62.0528
  endloop
 endfacet
 facet normal -0.37812 0.76675 0.51877
  outer loop
   vertex -14.4406 34.8627 62.0528
   vertex -18.8676 32.6796 62.0528
   vertex -17.3606 30.0695 67.0089
  endloop
 endfacet
 facet normal -0.37812 0.76675 0.51877
  outer loop
   vertex -14.4406 34.8627 62.0528
   vertex -17.3606 30.0695 67.0089
   vertex -13.2872 32.0782 67.0089
  endloop
 endfacet
 facet normal -0.34338 0.69631 0.63027
  outer loop
   vertex -13.2872 32.0782 67.0089
   vertex -17.3606 30.0695 67.0089
   vertex -15.5303 26.8992 71.5085
  endloop
 endfacet
 facet normal -0.34338 0.69631 0.63027
  outer loop
   vertex -13.2872 32.0782 67.0089
   vertex -15.5303 26.8992 71.5085
   vertex -11.8863 28.6962 71.5085
  endloop
 endfacet
 facet normal -0.30223 0.61286 0.73011
  outer loop
   vertex -11.8863 28.6962 71.5085
   vertex -15.5303 26.8992 71.5085
   vertex -13.4106 23.2279 75.4677
  endloop
 endfacet
 facet normal -0.30223 0.61286 0.73011
  outer loop
   vertex -11.8863 28.6962 71.5085
   vertex -13.4106 23.2279 75.4677
   vertex -10.2640 24.7796 75.4677
  endloop
 endfacet
 facet normal -0.25542 0.51795 0.81639
  outer loop
   vertex -10.2640 24.7796 75.4677
   vertex -13.4106 23.2279 75.4677
   vertex -11.0412 19.1238 78.8128
  endloop
 endfacet
 facet normal -0.25542 0.51795 0.81639
  outer loop
   vertex -10.2640 24.7796 75.4677
   vertex -11.0412 19.1238 78.8128
   vertex -8.4505 20.4014 78.8128
  endloop
 endfacet
 facet normal -0.20383 0.41332 0.88748
  outer loop
   vertex -8.4505 20.4014 78.8128
   vertex -11.0412 19.1238 78.8128
   vertex -8.4660 14.6636 81.4815
  endloop
 endfacet
 facet normal -0.20383 0.41332 0.88748
  outer loop
   vertex -8.4505 20.4014 78.8128
   vertex -8.4660 14.6636 81.4815
   vertex -6.4796 15.6432 81.4815
  endloop
 endfacet
 facet normal -0.14840 0.30092 0.94203
  outer loop
   vertex -6.4796 15.6432 81.4815
   vertex -8.4660 14.6636 81.4815
   vertex -5.7332 9.9302 83.4240
  endloop
 endfacet
 facet normal -0.14840 0.30092 0.94203
  outer loop
   vertex -6.4796 15.6432 81.4815
   vertex -5.7332 9.9302 83.4240
   vertex -4.3880 10.5935 83.4240
  endloop
 endfacet
 facet normal -0.09017 0.18285 0.97900
  outer loop
   vertex -4.3880 10.5935 83.4240
   vertex -5.7332 9.9302 83.4240
   vertex -2.8935 5.0118 84.6042
  endloop
 endfacet
 facet normal -0.09017 0.18285 0.97900
  outer loop
   vertex -4.3880 10.5935 83.4240
   vertex -2.8935 5.0118 84.6042
   vertex -2.2146 5.3466 84.6042
  endloop
 endfacet
 facet normal -0.03025 0.06134 0.99766
  outer loop
   vertex -2.2146 5.3466 84.6042
   vertex -2.8935 5.0118 84.6042
   vertex -0.0000 0.0000 85.0000
  endloop
 endfacet
 facet normal 0.00000 0.00000 0.00000
  outer loop
   vertex -2.2146 5.3466 84.6042
   vertex -0.0000 0.0000 85.0000
   vertex -0.0000 0.0000 85.0000
  endloop
 endfacet
 facet normal 0.00000 0.00000 0.00000
  outer loop
   vertex -0.0000 0.0000 0.0000
   vertex -0.0000 0.0000 0.0000
   vertex -3.5230 4.5912 0.3958
  endloop
 endfacet
 facet normal -0.03799 0.05686 -0.99766
  outer loop
   vertex -0.0000 0.0000 0.0000
   vertex -3.5230 4.5912 0.3958
   vertex -2.8935 5.0118 0.3958
  endloop
 endfacet
 facet normal -0.11327 0.16952 -0.97900
  outer loop
   vertex -2.8935 5.0118 0.3958
   vertex -3.5230 4.5912 0.3958
   vertex -6.9803 9.0969 1.5760
  endloop
 endfacet
 facet normal -0.11327 0.16952 -0.97900
  outer loop
   vertex -2.8935 5.0118 0.3958
   vertex -6.9803 9.0969 1.5760
   vertex -5.7332 9.9302 1.5760
  endloop
 endfacet
 facet normal -0.18640 0.27897 -0.94203
  outer loop
   vertex -5.7332 9.9302 1.5760
   vertex -6.9803 9.0969 1.5760
   vertex -10.3076 13.4331 3.5185
  endloop
 endfacet
 facet normal -0.18640 0.27897 -0.94203
  outer loop
   vertex -5.7332 9.9302 1.5760
   vertex -10.3076 13.4331 3.5185
   vertex -8.4660 14.6636 3.5185
  endloop
 endfacet
 facet normal -0.25603 0.38318 -0.88748
  outer loop
   vertex -8.4660 14.6636 3.5185
   vertex -10.3076 13.4331 3.5185
   vertex -13.4429 17.5191 6.1872
  endloop
 endfacet
 facet normal -0.25603 0.38318 -0.88748
  outer loop
   vertex -8.4660 14.6636 3.5185
   vertex -13.4429 17.5191 6.1872
   vertex -11.0412 19.1238 6.1872
  endloop
 endfacet
 facet normal -0.32084 0.48018 -0.81639
  outer loop
   vertex -11.0412 19.1238 6.1872
   vertex -13.4429 17.5191 6.1872
   vertex -16.3277 21.2787 9.5323
  endloop
 endfacet
 facet normal -0.32084 0.48018 -0.81639
  outer loop
   vertex -11.0412 19.1238 6.1872
   vertex -16.3277 21.2787 9.5323
   vertex -13.4106 23.2279 9.5323
  endloop
 endfacet
 facet normal -0.37964 0.56817 -0.73011
  outer loop
   vertex -13.4106 23.2279 9.5323
   vertex -16.3277 21.2787 9.5323
   vertex -18.9085 24.6420 13.4915
  endloop
 endfacet
 facet normal -0.37964 0.56817 -0.73011
  outer loop
   vertex -13.4106 23.2279 9.5323
   vertex -18.9085 24.6420 13.4915
   vertex -15.5303 26.8992 13.4915
  endloop
 endfacet
 facet normal -0.43133 0.64553 -0.63027
  outer loop
   vertex -15.5303 26.8992 13.4915
   vertex -18.9085 24.6420 13.4915
   vertex -21.1369 27.5462 17.9911
  endloop
 endfacet
 facet normal -0.43133 0.64553 -0.63027
  outer loop
   vertex -15.5303 26.8992 13.4915
   vertex -21.1369 27.5462 17.9911
   vertex -17.3606 30.0695 17.9911
  endloop
 endfacet
 facet normal -0.47496 0.71083 -0.51877
  outer loop
   vertex -17.3606 30.0695 17.9911
   vertex -21.1369 27.5462 17.9911
   vertex -22.9717 29.9373 22.9472
  endloop
 endfacet
 facet normal -0.47496 0.71083 -0.51877
  outer loop
   vertex -17.3606 30.0695 17.9911
   vertex -22.9717 29.9373 22.9472
   vertex -18.8676 32.6796 22.9472
  endloop
 endfacet
 facet normal -0.50975 0.76289 -0.39768
  outer loop
   vertex -18.8676 32.6796 22.9472
   vertex -22.9717 29.9373 22.9472
   vertex -24.3785 31.7707 28.2676
  endloop
 endfacet
 facet normal -0.50975 0.76289 -0.39768
  outer loop
   vertex -18.8676 32.6796 22.9472
   vertex -24.3785 31.7707 28.2676
   vertex -20.0230 34.6809 28.2676
  endloop
 endfacet
 facet normal -0.53505 0.80076 -0.26926
  outer loop
   vertex -20.0230 34.6809 28.2676
   vertex -24.3785 31.7707 28.2676
   vertex -25.3312 33.0123 33.8531
  endloop
 endfacet
 facet normal -0.53505 0.80076 -0.26926
  outer loop
   vertex -20.0230 34.6809 28.2676
   vertex -25.3312 33.0123 33.8531
   vertex -20.8055 36.0362 33.8531
  endloop
 endfacet
 facet normal -0.55042 0.82376 -0.13588
  outer loop
   vertex -20.8055 36.0362 33.8531
   vertex -25.3312 33.0123 33.8531
   vertex -25.8120 33.6389 39.5997
  endloop
 endfacet
 facet normal -0.55042 0.82376 -0.13588
  outer loop
   vertex -20.8055 36.0362 33.8531
   vertex -25.8120 33.6389 39.5997
   vertex -21.2005 36.7203 39.5997
  endloop
 endfacet
 facet normal -0.55557 0.83147 0.00000
  outer loop
   vertex -21.2005 36.7203 39.5997
   vertex -25.8120 33.6389 39.5997
   vertex -25.8120 33.6389 45.4003
  endloop
 endfacet
 facet normal -0.55557 0.83147 0.00000
  outer loop
   vertex -21.2005 36.7203 39.5997
   vertex -25.8120 33.6389 45.4003
   vertex -21.2005 36.7203 45.4003
  endloop
 endfacet
 facet normal -0.55042 0.82376 0.13588
  outer loop
   vertex -21.2005 36.7203 45.4003
   vertex -25.8120 33.6389 45.4003
   vertex -25.3312 33.0123 51.1469
  endloop
 endfacet
 facet normal -0.55042 0.82376 0.13588
  outer loop
   vertex -21.2005 36.7203 45.4003
   vertex -25.3312 33.0123 51.1469
   vertex -20.8055 36.0362 51.1469
  endloop
 endfacet
 facet normal -0.53505 0.80076 0.26926
  outer loop
   vertex -20.8055 36.0362 51.1469
   vertex -25.3312 33.0123 51.1469
   vertex -24.3785 31.7707 56.7324
  endloop
 endfacet
 facet normal -0.53505 0.80076 0.26926
  outer loop
   vertex -20.8055 36.0362 51.1469
   vertex -24.3785 31.7707 56.7324
   vertex -20.0230 34.6809 56.7324
  endloop
 endfacet
 facet normal -0.50975 0.76289 0.39768
  outer loop
   vertex -20.0230 34.6809 56.7324
   vertex -24.3785 31.7707 56.7324
   vertex -22.9717 29.9373 62.0528
  endloop
 endfacet
 facet normal -0.50975 0.76289 0.39768
  outer loop
   vertex -20.0230 34.6809 56.7324
   vertex -22.9717 29.9373 62.0528
   vertex -18.8676 32.6796 62.0528
  endloop
 endfacet
 facet normal -0.47496 0.71083 0.51877
  outer loop
   vertex -18.8676 32.6796 62.0528
   vertex -22.9717 29.9373 62.0528
   vertex -21.1369 27.5462 67.0089
  endloop
 endfacet
 facet normal -0.47496 0.71083 0.51877
  outer loop
   vertex -18.8676 32.6796 62.0528
   vertex -21.1369 27.5462 67.0089
   vertex -17.3606 30.0695 67.0089
  endloop
 endfacet
 facet normal -0.43133 0.64553 0.63027
  outer loop
   vertex -17.3606 30.0695 67.0089
   vertex -21.1369 27.5462 67.0089
   vertex -18.9085 24.6420 71.5085
  endloop
 endfacet
 facet normal -0.43133 0.64553 0.63027
  outer loop
   vertex -17.3606 30.0695 67.0089
   vertex -18.9085 24.6420 71.5085
   vertex -15.5303 26.8992 71.5085
  endloop
 endfacet
 facet normal -0.37964 0.56817 0.73011
  outer loop
   vertex -15.5303 26.8992 71.5085
   vertex -18.9085 24.6420 71.5085
   vertex -16.3277 21.2787 75.4677
  endloop
 endfacet
 facet normal -0.37964 0.56817 0.73011
  outer loop
   vertex -15.5303 26.8992 71.5085
   vertex -16.3277 21.2787 75.4677
   vertex -13.4106 23.2279 75.4677
  endloop
 endfacet
 facet normal -0.32084 0.48018 0.81639
  outer loop
   vertex -13.4106 23.2279 75.4677
   vertex -16.3277 21.2787 75.4677
   vertex -13.4429 17.5191 78.8128
  endloop
 endfacet
 facet normal -0.32084 0.48018 0.81639
  outer loop
   vertex -13.4106 23.2279 75.4677
   vertex -13.4429 17.5191 78.8128
   vertex -11.0412 19.1238 78.8128
  endloop
 endfacet
 facet normal -0.25603 0.38318 0.88748
  outer loop
   vertex -11.0412 19.1238 78.8128
   vertex -13.4429 17.5191 78.8128
   vertex -10.3076 13.4331 81.4815
  endloop
 endfacet
 facet normal -0.25603 0.38318 0.88748
  outer loop
   vertex -11.0412 19.1238 78.8128
   vertex -10.3076 13.4331 81.4815
   vertex -8.4660 14.6636 81.4815
  endloop
 endfacet
 facet normal -0.18640 0.27897 0.94203
  outer loop
   vertex -8.4660 14.6636 81.4815
   vertex -10.3076 13.4331 81.4815
   vertex -6.9803 9.0969 83.4240
  endloop
 endfacet
 facet normal -0.18640 0.27897 0.94203
  outer loop
   vertex -8.4660 14.6636 81.4815
   vertex -6.9803 9.0969 83.4240
   vertex -5.7332 9.9302 83.4240
  endloop
 endfacet
 facet normal -0.11327 0.16952 0.97900
  outer loop
   vertex -5.7332 9.9302 83.4240
   vertex -6.9803 9.0969 83.4240
   vertex -3.5230 4.5912 84.6042
  endloop
 endfacet
 facet normal -0.11327 0.16952 0.97900
  outer loop
   vertex -5.7332 9.9302 83.4240
   vertex -3.5230 4.5912 84.6042
   vertex -2.8935 5.0118 84.6042
  endloop
 endfacet
 facet normal -0.03799 0.05686 0.99766
  outer loop
   vertex -2.8935 5.0118 84.6042
   vertex -3.5230 4.5912 84.6042
   vertex -0.0000 0.0000 85.0000
  endloop
 endfacet
 facet normal 0.00000 0.00000 0.00000
  outer loop
   vertex -2.8935 5.0118 84.6042
   vertex -0.0000 0.0000 85.0000
   vertex -0.0000 0.0000 85.0000
  endloop
 endfacet
 facet normal 0.00000 0.00000 0.00000
  outer loop
   vertex -0.0000 0.0000 0.0000
   vertex -0.0000 0.0000 0.0000
   vertex -4.0921 4.0921 0.3958
  endloop
 endfacet
 facet normal -0.04509 0.05142 -0.99766
  outer loop
   vertex -0.0000 0.0000 0.0000
   vertex -4.0921 4.0921 0.3958
   vertex -3.5230 4.5912 0.3958
  endloop
 endfacet
 facet normal -0.13442 0.15328 -0.97900
  outer loop
   vertex -3.5230 4.5912 0.3958
   vertex -4.0921 4.0921 0.3958
   vertex -8.1079 8.1079 1.5760
  endloop
 endfacet
 facet normal -0.13442 0.15328 -0.97900
  outer loop
   vertex -3.5230 4.5912 0.3958
   vertex -8.1079 8.1079 1.5760
   vertex -6.9803 9.0969 1.5760
  endloop
 endfacet
 facet normal -0.22122 0.25226 -0.94203
  outer loop
   vertex -6.9803 9.0969 1.5760
   vertex -8.1079 8.1079 1.5760
   vertex -11.9728 11.9728 3.5185
  endloop
 endfacet
 facet normal -0.22122 0.25226 -0.94203
  outer loop
   vertex -6.9803 9.0969 1.5760
   vertex -11.9728 11.9728 3.5185
   vertex -10.3076 13.4331 3.5185
  endloop
 endfacet
 facet normal -0.30385 0.34648 -0.88748
  outer loop
   vertex -10.3076 13.4331 3.5185
   vertex -11.9728 11.9728 3.5185
   vertex -15.6146 15.6146 6.1872
  endloop
 endfacet
 facet normal -0.30385 0.34648 -0.88748
  outer loop
   vertex -10.3076 13.4331 3.5185
   vertex -15.6146 15.6146 6.1872
   vertex -13.4429 17.5191 6.1872
  endloop
 endfacet
 facet normal -0.38078 0.43419 -0.81639
  outer loop
   vertex -13.4429 17.5191 6.1872
   vertex -15.6146 15.6146 6.1872
   vertex -18.9655 18.9655 9.5323
  endloop
 endfacet
 facet normal -0.38078 0.43419 -0.81639
  outer loop
   vertex -13.4429 17.5191 6.1872
   vertex -18.9655 18.9655 9.5323
   vertex -16.3277 21.2787 9.5323
  endloop
 endfacet
 facet normal -0.45055 0.51376 -0.73011
  outer loop
   vertex -16.3277 21.2787 9.5323
   vertex -18.9655 18.9655 9.5323
   vertex -21.9631 21.9631 13.4915
  endloop
 endfacet
 facet normal -0.45055 0.51376 -0.73011
  outer loop
   vertex -16.3277 21.2787 9.5323
   vertex -21.9631 21.9631 13.4915
   vertex -18.9085 24.6420 13.4915
  endloop
 endfacet
 facet normal -0.51190 0.58371 -0.63027
  outer loop
   vertex -18.9085 24.6420 13.4915
   vertex -21.9631 21.9631 13.4915
   vertex -24.5516 24.5516 17.9911
  endloop
 endfacet
 facet normal -0.51190 0.58371 -0.63027
  outer loop
   vertex -18.9085 24.6420 13.4915
   vertex -24.5516 24.5516 17.9911
   vertex -21.1369 27.5462 17.9911
  endloop
 endfacet
 facet normal -0.56368 0.64276 -0.51877
  outer loop
   vertex -21.1369 27.5462 17.9911
   vertex -24.5516 24.5516 17.9911
   vertex -26.6828 26.6828 22.9472
  endloop
 endfacet
 facet normal -0.56368 0.64276 -0.51877
  outer loop
   vertex -21.1369 27.5462 17.9911
   vertex -26.6828 26.6828 22.9472
   vertex -22.9717 29.9373 22.9472
  endloop
 endfacet
 facet normal -0.60496 0.68983 -0.39768
  outer loop
   vertex -22.9717 29.9373 22.9472
   vertex -26.6828 26.6828 22.9472
   vertex -28.3169 28.3169 28.2676
  endloop
 endfacet
 facet normal -0.60496 0.68983 -0.39768
  outer loop
   vertex -22.9717 29.9373 22.9472
   vertex -28.3169 28.3169 28.2676
   vertex -24.3785 31.7707 28.2676
  endloop
 endfacet
 facet normal -0.63499 0.72407 -0.26926
  outer loop
   vertex -24.3785 31.7707 28.2676
   vertex -28.3169 28.3169 28.2676
   vertex -29.4235 29.4235 33.8531
  endloop
 endfacet
 facet normal -0.63499 0.72407 -0.26926
  outer loop
   vertex -24.3785 31.7707 28.2676
   vertex -29.4235 29.4235 33.8531
   vertex -25.3312 33.0123 33.8531
  endloop
 endfacet
 facet normal -0.65323 0.74487 -0.13588
  outer loop
   vertex -25.3312 33.0123 33.8531
   vertex -29.4235 29.4235 33.8531
   vertex -29.9820 29.9820 39.5997
  endloop
 endfacet
 facet normal -0.65323 0.74487 -0.13588
  outer loop
   vertex -25.3312 33.0123 33.8531
   vertex -29.9820 29.9820 39.5997
   vertex -25.8120 33.6389 39.5997
  endloop
 endfacet
 facet normal -0.65935 0.75184 0.00000
  outer loop
   vertex -25.8120 33.6389 39.5997
   vertex -29.9820 29.9820 39.5997
   vertex -29.9820 29.9820 45.4003
  endloop
 endfacet
 facet normal -0.65935 0.75184 0.00000
  outer loop
   vertex -25.8120 33.6389 39.5997
   vertex -29.9820 29.9820 45.4003
   vertex -25.8120 33.6389 45.4003
  endloop
 endfacet
 facet normal -0.65323 0.74487 0.13588
  outer loop
   vertex -25.8120 33.6389 45.4003
   vertex -29.9820 29.9820 45.4003
   vertex -29.4235 29.4235 51.1469
  endloop
 endfacet
 facet normal -0.65323 0.74487 0.13588
  outer loop
   vertex -25.8120 33.6389 45.4003
   vertex -29.4235 29.4235 51.1469
   vertex -25.3312 33.0123 51.1469
  endloop
 endfacet
 facet normal -0.63499 0.72407 0.26926
  outer loop
   vertex -25.3312 33.0123 51.1469
   vertex -29.4235 29.4235 51.1469
   vertex -28.3169 28.3169 56.7324
  endloop
 endfacet
 facet normal -0.63499 0.72407 0.26926
  outer loop
   vertex -25.3312 33.0123 51.1469
   vertex -28.3169 28.3169 56.7324
   vertex -24.3785 31.7707 56.7324
  endloop
 endfacet
 facet normal -0.60496 0.68983 0.39768
  outer loop
   vertex -24.3785 31.7707 56.7324
   vertex -28.3169 28.3169 56.7324
   vertex -26.6828 26.6828 62.0528
  endloop
 endfacet
 facet normal -0.60496 0.68983 0.39768
  outer loop
   vertex -24.3785 31.7707 56.7324
   vertex -26.6828 26.6828 62.0528
   vertex -22.9717 29.9373 62.0528
  endloop
 endfacet
 facet normal -0.56368 0.64276 0.51877
  outer loop
   vertex -22.9717 29.9373 62.0528
   vertex -26.6828 26.6828 62.0528
   vertex -24.5516 24.5516 67.0089
  endloop
 endfacet
 facet normal -0.56368 0.64276 0.51877
  outer loop
   vertex -22.9717 29.9373 62.0528
   vertex -24.5516 24.5516 67.0089
   vertex -21.1369 27.5462 67.0089
  endloop
 endfacet
 facet normal -0.51190 0.58371 0.63027
  outer loop
   vertex -21.1369 27.5462 67.0089
   vertex -24.5516 24.5516 67.0089
   vertex -21.9631 21.9631 71.5085
  endloop
 endfacet
 facet normal -0.51190 0.58371 0.63027
  outer loop
   vertex -21.1369 27.5462 67.0089
   vertex -21.9631 21.9631 71.5085
   vertex -18.9085 24.6420 71.5085
  endloop
 endfacet
 facet normal -0.45055 0.51376 0.73011
  outer loop
   vertex -18.9085 24.6420 71.5085
   vertex -21.9631 21.9631 71.5085
   vertex -18.9655 18.9655 75.4677
  endloop
 endfacet
 facet normal -0.45055 0.51376 0.73011
  outer loop
   vertex -18.9085 24.6420 71.5085
   vertex -18.9655 18.9655 75.4677
   vertex -16.3277 21.2787 75.4677
  endloop
 endfacet
 facet normal -0.38078 0.43419 0.81639
  outer loop
   vertex -16.3277 21.2787 75.4677
   vertex -18.9655 18.9655 75.4677
   vertex -15.6146 15.6146 78.8128
  endloop
 endfacet
 facet normal -0.38078 0.43419 0.81639
  outer loop
   vertex -16.3277 21.2787 75.4677
   vertex -15.6146 15.6146 78.8128
   vertex -13.4429 17.5191 78.8128
  endloop
 endfacet
 facet normal -0.30385 0.34648 0.88748
  outer loop
   vertex -13.4429 17.5191 78.8128
   vertex -15.6146 15.6146 78.8128
   vertex -11.9728 11.9728 81.4815
  endloop
 endfacet
 facet normal -0.30385 0.34648 0.88748
  outer loop
   vertex -13.4429 17.5191 78.8128
   vertex -11.9728 11.9728 81.4815
   vertex -10.3076 13.4331 81.4815
  endloop
 endfacet
 facet normal -0.22122 0.25226 0.94203
  outer loop
   vertex -10.3076 13.4331 81.4815
   vertex -11.9728 11.9728 81.4815
   vertex -8.1079 8.1079 83.4240
  endloop
 endfacet
 facet normal -0.22122 0.25226 0.94203
  outer loop
   vertex -10.3076 13.4331 81.4815
   vertex -8.1079 8.1079 83.4240
   vertex -6.9803 9.0969 83.4240
  endloop
 endfacet
 facet normal -0.13442 0.15328 0.97900
  outer loop
   vertex -6.9803 9.0969 83.4240
   vertex -8.1079 8.1079 83.4240
   vertex -4.0921 4.0921 84.6042
  endloop
 endfacet
 facet normal -0.13442 0.15328 0.97900
  outer loop
   vertex -6.9803 9.0969 83.4240
   vertex -4.0921 4.0921 84.6042
   vertex -3.5230 4.5912 84.6042
  endloop
 endfacet
 facet normal -0.04509 0.05142 0.99766
  outer loop
   vertex -3.5230 4.5912 84.6042
   vertex -4.0921 4.0921 84.6042
   vertex -0.0000 0.0000 85.0000
  endloop
 endfacet
 facet normal 0.00000 0.00000 0.00000
  outer loop
   vertex -3.5230 4.5912 84.6042
   vertex -0.0000 0.0000 85.0000
   vertex -0.0000 0.0000 85.0000
  endloop
 endfacet
 facet normal 0.00000 0.00000 0.00000
  outer loop
   vertex -0.0000 0.0000 0.0000
   vertex -0.0000 0.0000 0.0000
   vertex -4.5912 3.5230 0.3958
  endloop
 endfacet
 facet normal -0.05142 0.04509 -0.99766
  outer loop
   vertex -0.0000 0.0000 0.0000
   vertex -4.5912 3.5230 0.3958
   vertex -4.0921 4.0921 0.3958
  endloop
 endfacet
 facet normal -0.15328 0.13442 -0.97900
  outer loop
   vertex -4.0921 4.0921 0.3958
   vertex -4.5912 3.5230 0.3958
   vertex -9.0969 6.9803 1.5760
  endloop
 endfacet
 facet normal -0.15328 0.13442 -0.97900
  outer loop
   vertex -4.0921 4.0921 0.3958
   vertex -9.0969 6.9803 1.5760
   vertex -8.1079 8.1079 1.5760
  endloop
 endfacet
 facet normal -0.25226 0.22122 -0.94203
  outer loop
   vertex -8.1079 8.1079 1.5760
   vertex -9.0969 6.9803 1.5760
   vertex -13.4331 10.3076 3.5185
  endloop
 endfacet
 facet normal -0.25226 0.22122 -0.94203
  outer loop
   vertex -8.1079 8.1079 1.5760
   vertex -13.4331 10.3076 3.5185
   vertex -11.9728 11.9728 3.5185
  endloop
 endfacet
 facet normal -0.34648 0.30385 -0.88748
  outer loop
   vertex -11.9728 11.9728 3.5185
   vertex -13.4331 10.3076 3.5185
   vertex -17.5191 13.4429 6.1872
  endloop
 endfacet
 facet normal -0.34648 0.30385 -0.88748
  outer loop
   vertex -11.9728 11.9728 3.5185
   vertex -17.5191 13.4429 6.1872
   vertex -15.6146 15.6146 6.1872
  endloop
 endfacet
 facet normal -0.43419 0.38078 -0.81639
  outer loop
   vertex -15.6146 15.6146 6.1872
   vertex -17.5191 13.4429 6.1872
   vertex -21.2787 16.3277 9.5323
  endloop
 endfacet
 facet normal -0.43419 0.38078 -0.81639
  outer loop
   vertex -15.6146 15.6146 6.1872
   vertex -21.2787 16.3277 9.5323
   vertex -18.9655 18.9655 9.5323
  endloop
 endfacet
 facet normal -0.51376 0.45055 -0.73011
  outer loop
   vertex -18.9655 18.9655 9.5323
   vertex -21.2787 16.3277 9.5323
   vertex -24.6420 18.9085 13.4915
  endloop
 endfacet
 facet normal -0.51376 0.45055 -0.73011
  outer loop
   vertex -18.9655 18.9655 9.5323
   vertex -24.6420 18.9085 13.4915
   vertex -21.9631 21.9631 13.4915
  endloop
 endfacet
 facet normal -0.58371 0.51190 -0.63027
  outer loop
   vertex -21.9631 21.9631 13.4915
   vertex -24.6420 18.9085 13.4915
   vertex -27.5462 21.1369 17.9911
  endloop
 endfacet
 facet normal -0.58371 0.51190 -0.63027
  outer loop
   vertex -21.9631 21.9631 13.4915
   vertex -27.5462 21.1369 17.9911
   vertex -24.5516 24.5516 17.9911
  endloop
 endfacet
 facet normal -0.64276 0.56368 -0.51877
  outer loop
   vertex -24.5516 24.5516 17.9911
   vertex -27.5462 21.1369 17.9911
   vertex -29.9373 22.9717 22.9472
  endloop
 endfacet
 facet normal -0.64276 0.56368 -0.51877
  outer loop
   vertex -24.5516 24.5516 17.9911
   vertex -29.9373 22.9717 22.9472
   vertex -26.6828 26.6828 22.9472
  endloop
 endfacet
 facet normal -0.68983 0.60496 -0.39768
  outer loop
   vertex -26.6828 26.6828 22.9472
   vertex -29.9373 22.9717 22.9472
   vertex -31.7707 24.3785 28.2676
  endloop
 endfacet
 facet normal -0.68983 0.60496 -0.39768
  outer loop
   vertex -26.6828 26.6828 22.9472
   vertex -31.7707 24.3785 28.2676
   vertex -28.3169 28.3169 28.2676
  endloop
 endfacet
 facet normal -0.72407 0.63499 -0.26926
  outer loop
   vertex -28.3169 28.3169 28.2676
   vertex -31.7707 24.3785 28.2676
   vertex -33.0123 25.3312 33.8531
  endloop
 endfacet
 facet normal -0.72407 0.63499 -0.26926
  outer loop
   vertex -28.3169 28.3169 28.2676
   vertex -33.0123 25.3312 33.8531
   vertex -29.4235 29.4235 33.8531
  endloop
 endfacet
 facet normal -0.74487 0.65323 -0.13588
  outer loop
   vertex -29.4235 29.4235 33.8531
   vertex -33.0123 25.3312 33.8531
   vertex -33.6389 25.8120 39.5997
  endloop
 endfacet
 facet normal -0.74487 0.65323 -0.13588
  outer loop
   vertex -29.4235 29.4235 33.8531
   vertex -33.6389 25.8120 39.5997
   vertex -29.9820 29.9820 39.5997
  endloop
 endfacet
 facet normal -0.75184 0.65935 0.00000
  outer loop
   vertex -29.9820 29.9820 39.5997
   vertex -33.6389 25.8120 39.5997
   vertex -33.6389 25.8120 45.4003
  endloop
 endfacet
 facet normal -0.75184 0.65935 0.00000
  outer loop
   vertex -29.9820 29.9820 39.5997
   vertex -33.6389 25.8120 45.4003
   vertex -29.9820 29.9820 45.4003
  endloop
 endfacet
 facet normal -0.74487 0.65323 0.13588
  outer loop
   vertex -29.9820 29.9820 45.4003
   vertex -33.6389 25.8120 45.4003
   vertex -33.0123 25.3312 51.1469
  endloop
 endfacet
 facet normal -0.74487 0.65323 0.13588
  outer loop
   vertex -29.9820 29.9820 45.4003
   vertex -33.0123 25.3312 51.1469
   vertex -29.4235 29.4235 51.1469
  endloop
 endfacet
 facet normal -0.72407 0.63499 0.26926
  outer loop
   vertex -29.4235 29.4235 51.1469
   vertex -33.0123 25.3312 51.1469
   vertex -31.7707 24.3785 56.7324
  endloop
 endfacet
 facet normal -0.72407 0.63499 0.26926
  outer loop
   vertex -29.4235 29.4235 51.1469
   vertex -31.7707 24.3785 56.7324
   vertex -28.3169 28.3169 56.7324
  endloop
 endfacet
 facet normal -0.68983 0.60496 0.39768
  outer loop
   vertex -28.3169 28.3169 56.7324
   vertex -31.7707 24.3785 56.7324
   vertex -29.9373 22.9717 62.0528
  endloop
 endfacet
 facet normal -0.68983 0.60496 0.39768
  outer loop
   vertex -28.3169 28.3169 56.7324
   vertex -29.9373 22.9717 62.0528
   vertex -26.6828 26.6828 62.0528
  endloop
 endfacet
 facet normal -0.64276 0.56368 0.51877
  outer loop
   vertex -26.6828 26.6828 62.0528
   vertex -29.9373 22.9717 62.0528
   vertex -27.5462 21.1369 67.0089
  endloop
 endfacet
 facet normal -0.64276 0.56368 0.51877
  outer loop
   vertex -26.6828 26.6828 62.0528
   vertex -27.5462 21.1369 67.0089
   vertex -24.5516 24.5516 67.0089
  endloop
 endfacet
 facet normal -0.58371 0.51190 0.63027
  outer loop
   vertex -24.5516 24.5516 67.0089
   vertex -27.5462 21.1369 67.0089
   vertex -24.6420 18.9085 71.5085
  endloop
 endfacet
 facet normal -0.58371 0.51190 0.63027
  outer loop
   vertex -24.5516 24.5516 67.0089
   vertex -24.6420 18.9085 71.5085
   vertex -21.9631 21.9631 71.5085
  endloop
 endfacet
 facet normal -0.51376 0.45055 0.73011
  outer loop
   vertex -21.9631 21.9631 71.5085
   vertex -24.6420 18.9085 71.5085
   vertex -21.2787 16.3277 75.4677
  endloop
 endfacet
 facet normal -0.51376 0.45055 0.73011
  outer loop
   vertex -21.9631 21.9631 71.5085
   vertex -21.2787 16.3277 75.4677
   vertex -18.9655 18.9655 75.4677
  endloop
 endfacet
 facet normal -0.43419 0.38078 0.81639
  outer loop
   vertex -18.9655 18.9655 75.4677
   vertex -21.2787 16.3277 75.4677
   vertex -17.5191 13.4429 78.8128
  endloop
 endfacet
 facet normal -0.43419 0.38078 0.81639
  outer loop
   vertex -18.9655 18.9655 75.4677
   vertex -17.5191 13.4429 78.8128
   vertex -15.6146 15.6146 78.8128
  endloop
 endfacet
 facet normal -0.34648 0.30385 0.88748
  outer loop
   vertex -15.6146 15.6146 78.8128
   vertex -17.5191 13.4429 78.8128
   vertex -13.4331 10.3076 81.4815
  endloop
 endfacet
 facet normal -0.34648 0.30385 0.88748
  outer loop
   vertex -15.6146 15.6146 78.8128
   vertex -13.4331 10.3076 81.4815
   vertex -11.9728 11.9728 81.4815
  endloop
 endfacet
 facet normal -0.25226 0.22122 0.94203
  outer loop
   vertex -11.9728 11.9728 81.4815
   vertex -13.4331 10.3076 81.4815
   vertex -9.0969 6.9803 83.4240
  endloop
 endfacet
 facet normal -0.25226 0.22122 0.94203
  outer loop
   vertex -11.9728 11.9728 81.4815
   vertex -9.0969 6.9803 83.4240
   vertex -8.1079 8.1079 83.4240
  endloop
 endfacet
 facet normal -0.15328 0.13442 0.97900
  outer loop
   vertex -8.1079 8.1079 83.4240
   vertex -9.0969 6.9803 83.4240
   vertex -4.5912 3.5230 84.6042
  endloop
 endfacet
 facet normal -0.15328 0.13442 0.97900
  outer loop
   vertex -8.1079 8.1079 83.4240
   vertex -4.5912 3.5230 84.6042
   vertex -4.0921 4.0921 84.6042
  endloop
 endfacet
 facet normal -0.05142 0.04509 0.99766
  outer loop
   vertex -4.0921 4.0921 84.6042
   vertex -4.5912 3.5230 84.6042
   vertex -0.0000 0.0000 85.0000
  endloop
 endfacet
 facet normal 0.00000 0.00000 0.00000
  outer loop
   vertex -4.0921 4.0921 84.6042
   vertex -0.0000 0.0000 85.0000
   vertex -0.0000 0.0000 85.0000
  endloop
 endfacet
 facet normal 0.00000 0.00000 0.00000
  outer loop
   vertex -0.0000 0.0000 0.0000
   vertex -0.0000 0.0000 0.0000
   vertex -5.0118 2.8935 0.3958
  endloop
 endfacet
 facet normal -0.05686 0.03799 -0.99766
  outer loop
   vertex -0.0000 0.0000 0.0000
   vertex -5.0118 2.8935 0.3958
   vertex -4.5912 3.5230 0.3958
  endloop
 endfacet
 facet normal -0.16952 0.11327 -0.97900
  outer loop
   vertex -4.5912 3.5230 0.3958
   vertex -5.0118 2.8935 0.3958
   vertex -9.9302 5.7332 1.5760
  endloop
 endfacet
 facet normal -0.16952 0.11327 -0.97900
  outer loop
   vertex -4.5912 3.5230 0.3958
   vertex -9.9302 5.7332 1.5760
   vertex -9.0969 6.9803 1.5760
  endloop
 endfacet
 facet normal -0.27897 0.18640 -0.94203
  outer loop
   vertex -9.0969 6.9803 1.5760
   vertex -9.9302 5.7332 1.5760
   vertex -14.6636 8.4660 3.5185
  endloop
 endfacet
 facet normal -0.27897 0.18640 -0.94203
  outer loop
   vertex -9.0969 6.9803 1.5760
   vertex -14.6636 8.4660 3.5185
   vertex -13.4331 10.3076 3.5185
  endloop
 endfacet
 facet normal -0.38318 0.25603 -0.88748
  outer loop
   vertex -13.4331 10.3076 3.5185
   vertex -14.6636 8.4660 3.5185
   vertex -19.1238 11.0412 6.1872
  endloop
 endfacet
 facet normal -0.38318 0.25603 -0.88748
  outer loop
   vertex -13.4331 10.3076 3.5185
   vertex -19.1238 11.0412 6.1872
   vertex -17.5191 13.4429 6.1872
  endloop
 endfacet
 facet normal -0.48018 0.32084 -0.81639
  outer loop
   vertex -17.5191 13.4429 6.1872
   vertex -19.1238 11.0412 6.1872
   vertex -23.2279 13.4106 9.5323
  endloop
 endfacet
 facet normal -0.48018 0.32084 -0.81639
  outer loop
   vertex -17.5191 13.4429 6.1872
   vertex -23.2279 13.4106 9.5323
   vertex -21.2787 16.3277 9.5323
  endloop
 endfacet
 facet normal -0.56817 0.37964 -0.73011
  outer loop
   vertex -21.2787 16.3277 9.5323
   vertex -23.2279 13.4106 9.5323
   vertex -26.8992 15.5303 13.4915
  endloop
 endfacet
 facet normal -0.56817 0.37964 -0.73011
  outer loop
   vertex -21.2787 16.3277 9.5323
   vertex -26.8992 15.5303 13.4915
   vertex -24.6420 18.9085 13.4915
  endloop
 endfacet
 facet normal -0.64553 0.43133 -0.63027
  outer loop
   vertex -24.6420 18.9085 13.4915
   vertex -26.8992 15.5303 13.4915
   vertex -30.0695 17.3606 17.9911
  endloop
 endfacet
 facet normal -0.64553 0.43133 -0.63027
  outer loop
   vertex -24.6420 18.9085 13.4915
   vertex -30.0695 17.3606 17.9911
   vertex -27.5462 21.1369 17.9911
  endloop
 endfacet
 facet normal -0.71083 0.47496 -0.51877
  outer loop
   vertex -27.5462 21.1369 17.9911
   vertex -30.0695 17.3606 17.9911
   vertex -32.6796 18.8676 22.9472
  endloop
 endfacet
 facet normal -0.71083 0.47496 -0.51877
  outer loop
   vertex -27.5462 21.1369 17.9911
   vertex -32.6796 18.8676 22.9472
   vertex -29.9373 22.9717 22.9472
  endloop
 endfacet
 facet normal -0.76289 0.50975 -0.39768
  outer loop
   vertex -29.9373 22.9717 22.9472
   vertex -32.6796 18.8676 22.9472
   vertex -34.6809 20.0230 28.2676
  endloop
 endfacet
 facet normal -0.76289 0.50975 -0.39768
  outer loop
   vertex -29.9373 22.9717 22.9472
   vertex -34.6809 20.0230 28.2676
   vertex -31.7707 24.3785 28.2676
  endloop
 endfacet
 facet normal -0.80076 0.53505 -0.26926
  outer loop
   vertex -31.7707 24.3785 28.2676
   vertex -34.6809 20.0230 28.2676
   vertex -36.0362 20.8055 33.8531
  endloop
 endfacet
 facet normal -0.80076 0.53505 -0.26926
  outer loop
   vertex -31.7707 24.3785 28.2676
   vertex -36.0362 20.8055 33.8531
   vertex -33.0123 25.3312 33.8531
  endloop
 endfacet
 facet normal -0.82376 0.55042 -0.13588
  outer loop
   vertex -33.0123 25.3312 33.8531
   vertex -36.0362 20.8055 33.8531
   vertex -36.7203 21.2005 39.5997
  endloop
 endfacet
 facet normal -0.82376 0.55042 -0.13588
  outer loop
   vertex -33.0123 25.3312 33.8531
   vertex -36.7203 21.2005 39.5997
   vertex -33.6389 25.8120 39.5997
  endloop
 endfacet
 facet normal -0.83147 0.55557 0.00000
  outer loop
   vertex -33.6389 25.8120 39.5997
   vertex -36.7203 21.2005 39.5997
   vertex -36.7203 21.2005 45.4003
  endloop
 endfacet
 facet normal -0.83147 0.55557 0.00000
  outer loop
   vertex -33.6389 25.8120 39.5997
   vertex -36.7203 21.2005 45.4003
   vertex -33.6389 25.8120 45.4003
  endloop
 endfacet
 facet normal -0.82376 0.55042 0.13588
  outer loop
   vertex -33.6389 25.8120 45.4003
   vertex -36.7203 21.2005 45.4003
   vertex -36.0362 20.8055 51.1469
  endloop
 endfacet
 facet normal -0.82376 0.55042 0.13588
  outer loop
   vertex -33.6389 25.8120 45.4003
   vertex -36.0362 20.8055 51.1469
   vertex -33.0123 25.3312 51.1469
  endloop
 endfacet
 facet normal -0.80076 0.53505 0.26926
  outer loop
   vertex -33.0123 25.3312 51.1469
   vertex -36.0362 20.8055 51.1469
   vertex -34.6809 20.0230 56.7324
  endloop
 endfacet
 facet normal -0.80076 0.53505 0.26926
  outer loop
   vertex -33.0123 25.3312 51.1469
   vertex -34.6809 20.0230 56.7324
   vertex -31.7707 24.3785 56.7324
  endloop
 endfacet
 facet normal -0.76289 0.50975 0.39768
  outer loop
   vertex -31.7707 24.3785 56.7324
   vertex -34.6809 20.0230 56.7324
   vertex -32.6796 18.8676 62.0528
  endloop
 endfacet
 facet normal -0.76289 0.50975 0.39768
  outer loop
   vertex -31.7707 24.3785 56.7324
   vertex -32.6796 18.8676 62.0528
   vertex -29.9373 22.9717 62.0528
  endloop
 endfacet
 facet normal -0.71083 0.47496 0.51877
  outer loop
   vertex -29.9373 22.9717 62.0528
   vertex -32.6796 18.8676 62.0528
   vertex -30.0695 17.3606 67.0089
  endloop
 endfacet
 facet normal -0.71083 0.47496 0.51877
  outer loop
   vertex -29.9373 22.9717 62.0528
   vertex -30.0695 17.3606 67.0089
   vertex -27.5462 21.1369 67.0089
  endloop
 endfacet
 facet normal -0.64553 0.43133 0.63027
  outer loop
   vertex -27.5462 21.1369 67.0089
   vertex -30.0695 17.3606 67.0089
   vertex -26.8992 15.5303 71.5085
  endloop
 endfacet
 facet normal -0.64553 0.43133 0.63027
  outer loop
   vertex -27.5462 21.1369 67.0089
   vertex -26.8992 15.5303 71.5085
   vertex -24.6420 18.9085 71.5085
  endloop
 endfacet
 facet normal -0.56817 0.37964 0.73011
  outer loop
   vertex -24.6420 18.9085 71.5085
   vertex -26.8992 15.5303 71.5085
   vertex -23.2279 13.4106 75.4677
  endloop
 endfacet
 facet normal -0.56817 0.37964 0.73011
  outer loop
   vertex -24.6420 18.9085 71.5085
   vertex -23.2279 13.4106 75.4677
   vertex -21.2787 16.3277 75.4677
  endloop
 endfacet
 facet normal -0.48018 0.32084 0.81639
  outer loop
   vertex -21.2787 16.3277 75.4677
   vertex -23.2279 13.4106 75.4677
   vertex -19.1238 11.0412 78.8128
  endloop
 endfacet
 facet normal -0.48018 0.32084 0.81639
  outer loop
   vertex -21.2787 16.3277 75.4677
   vertex -19.1238 11.0412 78.8128
   vertex -17.5191 13.4429 78.8128
  endloop
 endfacet
 facet normal -0.38318 0.25603 0.88748
  outer loop
   vertex -17.5191 13.4429 78.8128
   vertex -19.1238 11.0412 78.8128
   vertex -14.6636 8.4660 81.4815
  endloop
 endfacet
 facet normal -0.38318 0.25603 0.88748
  outer loop
   vertex -17.5191 13.4429 78.8128
   vertex -14.6636 8.4660 81.4815
   vertex -13.4331 10.3076 81.4815
  endloop
 endfacet
 facet normal -0.27897 0.18640 0.94203
  outer loop
   vertex -13.4331 10.3076 81.4815
   vertex -14.6636 8.4660 81.4815
   vertex -9.9302 5.7332 83.4240
  endloop
 endfacet
 facet normal -0.27897 0.18640 0.94203
  outer loop
   vertex -13.4331 10.3076 81.4815
   vertex -9.9302 5.7332 83.4240
   vertex -9.0969 6.9803 83.4240
  endloop
 endfacet
 facet normal -0.16952 0.11327 0.97900
  outer loop
   vertex -9.0969 6.9803 83.4240
   vertex -9.9302 5.7332 83.4240
   vertex -5.0118 2.8935 84.6042
  endloop
 endfacet
 facet normal -0.16952 0.11327 0.97900
  outer loop
   vertex -9.0969 6.9803 83.4240
   vertex -5.0118 2.8935 84.6042
   vertex -4.5912 3.5230 84.6042
  endloop
 endfacet
 facet normal -0.05686 0.03799 0.99766
  outer loop
   vertex -4.5912 3.5230 84.6042
   vertex -5.0118 2.8935 84.6042
   vertex -0.0000 0.0000 85.0000
  endloop
 endfacet
 facet normal 0.00000 0.00000 0.00000
  outer loop
   vertex -4.5912 3.5230 84.6042
   vertex -0.0000 0.0000 85.0000
   vertex -0.0000 0.0000 85.0000
  endloop
 endfacet
 facet normal 0.00000 0.00000 0.00000
  outer loop
   vertex -0.0000 0.0000 0.0000
   vertex -0.0000 0.0000 0.0000
   vertex -5.3466 2.2146 0.3958
  endloop
 endfacet
 facet normal -0.06134 0.03025 -0.99766
  outer loop
   vertex -0.0000 0.0000 0.0000
   vertex -5.3466 2.2146 0.3958
   vertex -5.0118 2.8935 0.3958
  endloop
 endfacet
 facet normal -0.18285 0.09017 -0.97900
  outer loop
   vertex -5.0118 2.8935 0.3958
   vertex -5.3466 2.2146 0.3958
   vertex -10.5935 4.3880 1.5760
  endloop
 endfacet
 facet normal -0.18285 0.09017 -0.97900
  outer loop
   vertex -5.0118 2.8935 0.3958
   vertex -10.5935 4.3880 1.5760
   vertex -9.9302 5.7332 1.5760
  endloop
 endfacet
 facet normal -0.30092 0.14840 -0.94203
  outer loop
   vertex -9.9302 5.7332 1.5760
   vertex -10.5935 4.3880 1.5760
   vertex -15.6432 6.4796 3.5185
  endloop
 endfacet
 facet normal -0.30092 0.14840 -0.94203
  outer loop
   vertex -9.9302 5.7332 1.5760
   vertex -15.6432 6.4796 3.5185
   vertex -14.6636 8.4660 3.5185
  endloop
 endfacet
 facet normal -0.41332 0.20383 -0.88748
  outer loop
   vertex -14.6636 8.4660 3.5185
   vertex -15.6432 6.4796 3.5185
   vertex -20.4014 8.4505 6.1872
  endloop
 endfacet
 facet normal -0.41332 0.20383 -0.88748
  outer loop
   vertex -14.6636 8.4660 3.5185
   vertex -20.4014 8.4505 6.1872
   vertex -19.1238 11.0412 6.1872
  endloop
 endfacet
 facet normal -0.51795 0.25542 -0.81639
  outer loop
   vertex -19.1238 11.0412 6.1872
   vertex -20.4014 8.4505 6.1872
   vertex -24.7796 10.2640 9.5323
  endloop
 endfacet
 facet normal -0.51795 0.25542 -0.81639
  outer loop
   vertex -19.1238 11.0412 6.1872
   vertex -24.7796 10.2640 9.5323
   vertex -23.2279 13.4106 9.5323
  endloop
 endfacet
 facet normal -0.61286 0.30223 -0.73011
  outer loop
   vertex -23.2279 13.4106 9.5323
   vertex -24.7796 10.2640 9.5323
   vertex -28.6962 11.8863 13.4915
  endloop
 endfacet
 facet normal -0.61286 0.30223 -0.73011
  outer loop
   vertex -23.2279 13.4106 9.5323
   vertex -28.6962 11.8863 13.4915
   vertex -26.8992 15.5303 13.4915
  endloop
 endfacet
 facet normal -0.69631 0.34338 -0.63027
  outer loop
   vertex -26.8992 15.5303 13.4915
   vertex -28.6962 11.8863 13.4915
   vertex -32.0782 13.2872 17.9911
  endloop
 endfacet
 facet normal -0.69631 0.34338 -0.63027
  outer loop
   vertex -26.8992 15.5303 13.4915
   vertex -32.0782 13.2872 17.9911
   vertex -30.0695 17.3606 17.9911
  endloop
 endfacet
 facet normal -0.76675 0.37812 -0.51877
  outer loop
   vertex -30.0695 17.3606 17.9911
   vertex -32.0782 13.2872 17.9911
   vertex -34.8627 14.4406 22.9472
  endloop
 endfacet
 facet normal -0.76675 0.37812 -0.51877
  outer loop
   vertex -30.0695 17.3606 17.9911
   vertex -34.8627 14.4406 22.9472
   vertex -32.6796 18.8676 22.9472
  endloop
 endfacet
 facet normal -0.82290 0.40581 -0.39768
  outer loop
   vertex -32.6796 18.8676 22.9472
   vertex -34.8627 14.4406 22.9472
   vertex -36.9978 15.3250 28.2676
  endloop
 endfacet
 facet normal -0.82290 0.40581 -0.39768
  outer loop
   vertex -32.6796 18.8676 22.9472
   vertex -36.9978 15.3250 28.2676
   vertex -34.6809 20.0230 28.2676
  endloop
 endfacet
 facet normal -0.86375 0.42595 -0.26926
  outer loop
   vertex -34.6809 20.0230 28.2676
   vertex -36.9978 15.3250 28.2676
   vertex -38.4436 15.9239 33.8531
  endloop
 endfacet
 facet normal -0.86375 0.42595 -0.26926
  outer loop
   vertex -34.6809 20.0230 28.2676
   vertex -38.4436 15.9239 33.8531
   vertex -36.0362 20.8055 33.8531
  endloop
 endfacet
 facet normal -0.88855 0.43819 -0.13588
  outer loop
   vertex -36.0362 20.8055 33.8531
   vertex -38.4436 15.9239 33.8531
   vertex -39.1733 16.2261 39.5997
  endloop
 endfacet
 facet normal -0.88855 0.43819 -0.13588
  outer loop
   vertex -36.0362 20.8055 33.8531
   vertex -39.1733 16.2261 39.5997
   vertex -36.7203 21.2005 39.5997
  endloop
 endfacet
 facet normal -0.89687 0.44229 0.00000
  outer loop
   vertex -36.7203 21.2005 39.5997
   vertex -39.1733 16.2261 39.5997
   vertex -39.1733 16.2261 45.4003
  endloop
 endfacet
 facet normal -0.89687 0.44229 0.00000
  outer loop
   vertex -36.7203 21.2005 39.5997
   vertex -39.1733 16.2261 45.4003
   vertex -36.7203 21.2005 45.4003
  endloop
 endfacet
 facet normal -0.88855 0.43819 0.13588
  outer loop
   vertex -36.7203 21.2005 45.4003
   vertex -39.1733 16.2261 45.4003
   vertex -38.4436 15.9239 51.1469
  endloop
 endfacet
 facet normal -0.88855 0.43819 0.13588
  outer loop
   vertex -36.7203 21.2005 45.4003
   vertex -38.4436 15.9239 51.1469
   vertex -36.0362 20.8055 51.1469
  endloop
 endfacet
 facet normal -0.86375 0.42595 0.26926
  outer loop
   vertex -36.0362 20.8055 51.1469
   vertex -38.4436 15.9239 51.1469
   vertex -36.9978 15.3250 56.7324
  endloop
 endfacet
 facet normal -0.86375 0.42595 0.26926
  outer loop
   vertex -36.0362 20.8055 51.1469
   vertex -36.9978 15.3250 56.7324
   vertex -34.6809 20.0230 56.7324
  endloop
 endfacet
 facet normal -0.82290 0.40581 0.39768
  outer loop
   vertex -34.6809 20.0230 56.7324
   vertex -36.9978 15.3250 56.7324
   vertex -34.8627 14.4406 62.0528
  endloop
 endfacet
 facet normal -0.82290 0.40581 0.39768
  outer loop
   vertex -34.6809 20.0230 56.7324
   vertex -34.8627 14.4406 62.0528
   vertex -32.6796 18.8676 62.0528
  endloop
 endfacet
 facet normal -0.76675 0.37812 0.51877
  outer loop
   vertex -32.6796 18.8676 62.0528
   vertex -34.8627 14.4406 62.0528
   vertex -32.0782 13.2872 67.0089
  endloop
 endfacet
 facet normal -0.76675 0.37812 0.51877
  outer loop
   vertex -32.6796 18.8676 62.0528
   vertex -32.0782 13.2872 67.0089
   vertex -30.0695 17.3606 67.0089
  endloop
 endfacet
 facet normal -0.69631 0.34338 0.63027
  outer loop
   vertex -30.0695 17.3606 67.0089
   vertex -32.0782 13.2872 67.0089
   vertex -28.6962 11.8863 71.5085
  endloop
 endfacet
 facet normal -0.69631 0.34338 0.63027
  outer loop
   vertex -30.0695 17.3606 67.0089
   vertex -28.6962 11.8863 71.5085
   vertex -26.8992 15.5303 71.5085
  endloop
 endfacet
 facet normal -0.61286 0.30223 0.73011
  outer loop
   vertex -26.8992 15.5303 71.5085
   vertex -28.6962 11.8863 71.5085
   vertex -24.7796 10.2640 75.4677
  endloop
 endfacet
 facet normal -0.61286 0.30223 0.73011
  outer loop
   vertex -26.8992 15.5303 71.5085
   vertex -24.7796 10.2640 75.4677
   vertex -23.2279 13.4106 75.4677
  endloop
 endfacet
 facet normal -0.51795 0.25542 0.81639
  outer loop
   vertex -23.2279 13.4106 75.4677
   vertex -24.7796 10.2640 75.4677
   vertex -20.4014 8.4505 78.8128
  endloop
 endfacet
 facet normal -0.51795 0.25542 0.81639
  outer loop
   vertex -23.2279 13.4106 75.4677
   vertex -20.4014 8.4505 78.8128
   vertex -19.1238 11.0412 78.8128
  endloop
 endfacet
 facet normal -0.41332 0.20383 0.88748
  outer loop
   vertex -19.1238 11.0412 78.8128
   vertex -20.4014 8.4505 78.8128
   vertex -15.6432 6.4796 81.4815
  endloop
 endfacet
 facet normal -0.41332 0.20383 0.88748
  outer loop
   vertex -19.1238 11.0412 78.8128
   vertex -15.6432 6.4796 81.4815
   vertex -14.6636 8.4660 81.4815
  endloop
 endfacet
 facet normal -0.30092 0.14840 0.94203
  outer loop
   vertex -14.6636 8.4660 81.4815
   vertex -15.6432 6.4796 81.4815
   vertex -10.5935 4.3880 83.4240
  endloop
 endfacet
 facet normal -0.30092 0.14840 0.94203
  outer loop
   vertex -14.6636 8.4660 81.4815
   vertex -10.5935 4.3880 83.4240
   vertex -9.9302 5.7332 83.4240
  endloop
 endfacet
 facet normal -0.18285 0.09017 0.97900
  outer loop
   vertex -9.9302 5.7332 83.4240
   vertex -10.5935 4.3880 83.4240
   vertex -5.3466 2.2146 84.6042
  endloop
 endfacet
 facet normal -0.18285 0.09017 0.97900
  outer loop
   vertex -9.9302 5.7332 83.4240
   vertex -5.3466 2.2146 84.6042
   vertex -5.0118 2.8935 84.6042
  endloop
 endfacet
 facet normal -0.06134 0.03025 0.99766
  outer loop
   vertex -5.0118 2.8935 84.6042
   vertex -5.3466 2.2146 84.6042
   vertex -0.0000 0.0000 85.0000
  endloop
 endfacet
 facet normal 0.00000 0.00000 0.00000
  outer loop
   vertex -5.0118 2.8935 84.6042
   vertex -0.0000 0.0000 85.0000
   vertex -0.0000 0.0000 85.0000
  endloop
 endfacet
 facet normal 0.00000 0.00000 0.00000
  outer loop
   vertex -0.0000 0.0000 0.0000
   vertex -0.0000 0.0000 0.0000
   vertex -5.5899 1.4978 0.3958
  endloop
 endfacet
 facet normal -0.06476 0.02198 -0.99766
  outer loop
   vertex -0.0000 0.0000 0.0000
   vertex -5.5899 1.4978 0.3958
   vertex -5.3466 2.2146 0.3958
  endloop
 endfacet
 facet normal -0.19305 0.06553 -0.97900
  outer loop
   vertex -5.3466 2.2146 0.3958
   vertex -5.5899 1.4978 0.3958
   vertex -11.0757 2.9677 1.5760
  endloop
 endfacet
 facet normal -0.19305 0.06553 -0.97900
  outer loop
   vertex -5.3466 2.2146 0.3958
   vertex -11.0757 2.9677 1.5760
   vertex -10.5935 4.3880 1.5760
  endloop
 endfacet
 facet normal -0.31771 0.10785 -0.94203
  outer loop
   vertex -10.5935 4.3880 1.5760
   vertex -11.0757 2.9677 1.5760
   vertex -16.3551 4.3823 3.5185
  endloop
 endfacet
 facet normal -0.31771 0.10785 -0.94203
  outer loop
   vertex -10.5935 4.3880 1.5760
   vertex -16.3551 4.3823 3.5185
   vertex -15.6432 6.4796 3.5185
  endloop
 endfacet
 facet normal -0.43639 0.14813 -0.88748
  outer loop
   vertex -15.6432 6.4796 3.5185
   vertex -16.3551 4.3823 3.5185
   vertex -21.3299 5.7153 6.1872
  endloop
 endfacet
 facet normal -0.43639 0.14813 -0.88748
  outer loop
   vertex -15.6432 6.4796 3.5185
   vertex -21.3299 5.7153 6.1872
   vertex -20.4014 8.4505 6.1872
  endloop
 endfacet
 facet normal -0.54686 0.18563 -0.81639
  outer loop
   vertex -20.4014 8.4505 6.1872
   vertex -21.3299 5.7153 6.1872
   vertex -25.9073 6.9418 9.5323
  endloop
 endfacet
 facet normal -0.54686 0.18563 -0.81639
  outer loop
   vertex -20.4014 8.4505 6.1872
   vertex -25.9073 6.9418 9.5323
   vertex -24.7796 10.2640 9.5323
  endloop
 endfacet
 facet normal -0.64707 0.21965 -0.73011
  outer loop
   vertex -24.7796 10.2640 9.5323
   vertex -25.9073 6.9418 9.5323
   vertex -30.0022 8.0391 13.4915
  endloop
 endfacet
 facet normal -0.64707 0.21965 -0.73011
  outer loop
   vertex -24.7796 10.2640 9.5323
   vertex -30.0022 8.0391 13.4915
   vertex -28.6962 11.8863 13.4915
  endloop
 endfacet
 facet normal -0.73517 0.24956 -0.63027
  outer loop
   vertex -28.6962 11.8863 13.4915
   vertex -30.0022 8.0391 13.4915
   vertex -33.5381 8.9865 17.9911
  endloop
 endfacet
 facet normal -0.73517 0.24956 -0.63027
  outer loop
   vertex -28.6962 11.8863 13.4915
   vertex -33.5381 8.9865 17.9911
   vertex -32.0782 13.2872 17.9911
  endloop
 endfacet
 facet normal -0.80954 0.27480 -0.51877
  outer loop
   vertex -32.0782 13.2872 17.9911
   vertex -33.5381 8.9865 17.9911
   vertex -36.4493 9.7666 22.9472
  endloop
 endfacet
 facet normal -0.80954 0.27480 -0.51877
  outer loop
   vertex -32.0782 13.2872 17.9911
   vertex -36.4493 9.7666 22.9472
   vertex -34.8627 14.4406 22.9472
  endloop
 endfacet
 facet normal -0.86883 0.29493 -0.39768
  outer loop
   vertex -34.8627 14.4406 22.9472
   vertex -36.4493 9.7666 22.9472
   vertex -38.6816 10.3647 28.2676
  endloop
 endfacet
 facet normal -0.86883 0.29493 -0.39768
  outer loop
   vertex -34.8627 14.4406 22.9472
   vertex -38.6816 10.3647 28.2676
   vertex -36.9978 15.3250 28.2676
  endloop
 endfacet
 facet normal -0.91196 0.30957 -0.26926
  outer loop
   vertex -36.9978 15.3250 28.2676
   vertex -38.6816 10.3647 28.2676
   vertex -40.1932 10.7697 33.8531
  endloop
 endfacet
 facet normal -0.91196 0.30957 -0.26926
  outer loop
   vertex -36.9978 15.3250 28.2676
   vertex -40.1932 10.7697 33.8531
   vertex -38.4436 15.9239 33.8531
  endloop
 endfacet
 facet normal -0.93815 0.31846 -0.13588
  outer loop
   vertex -38.4436 15.9239 33.8531
   vertex -40.1932 10.7697 33.8531
   vertex -40.9561 10.9742 39.5997
  endloop
 endfacet
 facet normal -0.93815 0.31846 -0.13588
  outer loop
   vertex -38.4436 15.9239 33.8531
   vertex -40.9561 10.9742 39.5997
   vertex -39.1733 16.2261 39.5997
  endloop
 endfacet
 facet normal -0.94693 0.32144 0.00000
  outer loop
   vertex -39.1733 16.2261 39.5997
   vertex -40.9561 10.9742 39.5997
   vertex -40.9561 10.9742 45.4003
  endloop
 endfacet
 facet normal -0.94693 0.32144 0.00000
  outer loop
   vertex -39.1733 16.2261 39.5997
   vertex -40.9561 10.9742 45.4003
   vertex -39.1733 16.2261 45.4003
  endloop
 endfacet
 facet normal -0.93815 0.31846 0.13588
  outer loop
   vertex -39.1733 16.2261 45.4003
   vertex -40.9561 10.9742 45.4003
   vertex -40.1932 10.7697 51.1469
  endloop
 endfacet
 facet normal -0.93815 0.31846 0.13588
  outer loop
   vertex -39.1733 16.2261 45.4003
   vertex -40.1932 10.7697 51.1469
   vertex -38.4436 15.9239 51.1469
  endloop
 endfacet
 facet normal -0.91196 0.30957 0.26926
  outer loop
   vertex -38.4436 15.9239 51.1469
   vertex -40.1932 10.7697 51.1469
   vertex -38.6816 10.3647 56.7324
  endloop
 endfacet
 facet normal -0.91196 0.30957 0.26926
  outer loop
   vertex -38.4436 15.9239 51.1469
   vertex -38.6816 10.3647 56.7324
   vertex -36.9978 15.3250 56.7324
  endloop
 endfacet
 facet normal -0.86883 0.29493 0.39768
  outer loop
   vertex -36.9978 15.3250 56.7324
   vertex -38.6816 10.3647 56.7324
   vertex -36.4493 9.7666 62.0528
  endloop
 endfacet
 facet normal -0.86883 0.29493 0.39768
  outer loop
   vertex -36.9978 15.3250 56.7324
   vertex -36.4493 9.7666 62.0528
   vertex -34.8627 14.4406 62.0528
  endloop
 endfacet
 facet normal -0.80954 0.27480 0.51877
  outer loop
   vertex -34.8627 14.4406 62.0528
   vertex -36.4493 9.7666 62.0528
   vertex -33.5381 8.9865 67.0089
  endloop
 endfacet
 facet normal -0.80954 0.27480 0.51877
  outer loop
   vertex -34.8627 14.4406 62.0528
   vertex -33.5381 8.9865 67.0089
   vertex -32.0782 13.2872 67.0089
  endloop
 endfacet
 facet normal -0.73517 0.24956 0.63027
  outer loop
   vertex -32.0782 13.2872 67.0089
   vertex -33.5381 8.9865 67.0089
   vertex -30.0022 8.0391 71.5085
  endloop
 endfacet
 facet normal -0.73517 0.24956 0.63027
  outer loop
   vertex -32.0782 13.2872 67.0089
   vertex -30.0022 8.0391 71.5085
   vertex -28.6962 11.8863 71.5085
  endloop
 endfacet
 facet normal -0.64707 0.21965 0.73011
  outer loop
   vertex -28.6962 11.8863 71.5085
   vertex -30.0022 8.0391 71.5085
   vertex -25.9073 6.9418 75.4677
  endloop
 endfacet
 facet normal -0.64707 0.21965 0.73011
  outer loop
   vertex -28.6962 11.8863 71.5085
   vertex -25.9073 6.9418 75.4677
   vertex -24.7796 10.2640 75.4677
  endloop
 endfacet
 facet normal -0.54686 0.18563 0.81639
  outer loop
   vertex -24.7796 10.2640 75.4677
   vertex -25.9073 6.9418 75.4677
   vertex -21.3299 5.7153 78.8128
  endloop
 endfacet
 facet normal -0.54686 0.18563 0.81639
  outer loop
   vertex -24.7796 10.2640 75.4677
   vertex -21.3299 5.7153 78.8128
   vertex -20.4014 8.4505 78.8128
  endloop
 endfacet
 facet normal -0.43639 0.14813 0.88748
  outer loop
   vertex -20.4014 8.4505 78.8128
   vertex -21.3299 5.7153 78.8128
   vertex -16.3551 4.3823 81.4815
  endloop
 endfacet
 facet normal -0.43639 0.14813 0.88748
  outer loop
   vertex -20.4014 8.4505 78.8128
   vertex -16.3551 4.3823 81.4815
   vertex -15.6432 6.4796 81.4815
  endloop
 endfacet
 facet normal -0.31771 0.10785 0.94203
  outer loop
   vertex -15.6432 6.4796 81.4815
   vertex -16.3551 4.3823 81.4815
   vertex -11.0757 2.9677 83.4240
  endloop
 endfacet
 facet normal -0.31771 0.10785 0.94203
  outer loop
   vertex -15.6432 6.4796 81.4815
   vertex -11.0757 2.9677 83.4240
   vertex -10.5935 4.3880 83.4240
  endloop
 endfacet
 facet normal -0.19305 0.06553 0.97900
  outer loop
   vertex -10.5935 4.3880 83.4240
   vertex -11.0757 2.9677 83.4240
   vertex -5.5899 1.4978 84.6042
  endloop
 endfacet
 facet normal -0.19305 0.06553 0.97900
  outer loop
   vertex -10.5935 4.3880 83.4240
   vertex -5.5899 1.4978 84.6042
   vertex -5.3466 2.2146 84.6042
  endloop
 endfacet
 facet normal -0.06476 0.02198 0.99766
  outer loop
   vertex -5.3466 2.2146 84.6042
   vertex -5.5899 1.4978 84.6042
   vertex -0.0000 0.0000 85.0000
  endloop
 endfacet
 facet normal 0.00000 0.00000 0.00000
  outer loop
   vertex -5.3466 2.2146 84.6042
   vertex -0.0000 0.0000 85.0000
   vertex -0.0000 0.0000 85.0000
  endloop
 endfacet
 facet normal 0.00000 0.00000 0.00000
  outer loop
   vertex -0.0000 0.0000 0.0000
   vertex -0.0000 0.0000 0.0000
   vertex -5.7376 0.7554 0.3958
  endloop
 endfacet
 facet normal -0.06707 0.01334 -0.99766
  outer loop
   vertex -0.0000 0.0000 0.0000
   vertex -5.7376 0.7554 0.3958
   vertex -5.5899 1.4978 0.3958
  endloop
 endfacet
 facet normal -0.19996 0.03977 -0.97900
  outer loop
   vertex -5.5899 1.4978 0.3958
   vertex -5.7376 0.7554 0.3958
   vertex -11.3683 1.4967 1.5760
  endloop
 endfacet
 facet normal -0.19996 0.03977 -0.97900
  outer loop
   vertex -5.5899 1.4978 0.3958
   vertex -11.3683 1.4967 1.5760
   vertex -11.0757 2.9677 1.5760
  endloop
 endfacet
 facet normal -0.32907 0.06546 -0.94203
  outer loop
   vertex -11.0757 2.9677 1.5760
   vertex -11.3683 1.4967 1.5760
   vertex -16.7872 2.2101 3.5185
  endloop
 endfacet
 facet normal -0.32907 0.06546 -0.94203
  outer loop
   vertex -11.0757 2.9677 1.5760
   vertex -16.7872 2.2101 3.5185
   vertex -16.3551 4.3823 3.5185
  endloop
 endfacet
 facet normal -0.45199 0.08991 -0.88748
  outer loop
   vertex -16.3551 4.3823 3.5185
   vertex -16.7872 2.2101 3.5185
   vertex -21.8934 2.8823 6.1872
  endloop
 endfacet
 facet normal -0.45199 0.08991 -0.88748
  outer loop
   vertex -16.3551 4.3823 3.5185
   vertex -21.8934 2.8823 6.1872
   vertex -21.3299 5.7153 6.1872
  endloop
 endfacet
 facet normal -0.56641 0.11267 -0.81639
  outer loop
   vertex -21.3299 5.7153 6.1872
   vertex -21.8934 2.8823 6.1872
   vertex -26.5918 3.5009 9.5323
  endloop
 endfacet
 facet normal -0.56641 0.11267 -0.81639
  outer loop
   vertex -21.3299 5.7153 6.1872
   vertex -26.5918 3.5009 9.5323
   vertex -25.9073 6.9418 9.5323
  endloop
 endfacet
 facet normal -0.67020 0.13331 -0.73011
  outer loop
   vertex -25.9073 6.9418 9.5323
   vertex -26.5918 3.5009 9.5323
   vertex -30.7948 4.0542 13.4915
  endloop
 endfacet
 facet normal -0.67020 0.13331 -0.73011
  outer loop
   vertex -25.9073 6.9418 9.5323
   vertex -30.7948 4.0542 13.4915
   vertex -30.0022 8.0391 13.4915
  endloop
 endfacet
 facet normal -0.76146 0.15146 -0.63027
  outer loop
   vertex -30.0022 8.0391 13.4915
   vertex -30.7948 4.0542 13.4915
   vertex -34.4242 4.5320 17.9911
  endloop
 endfacet
 facet normal -0.76146 0.15146 -0.63027
  outer loop
   vertex -30.0022 8.0391 13.4915
   vertex -34.4242 4.5320 17.9911
   vertex -33.5381 8.9865 17.9911
  endloop
 endfacet
 facet normal -0.83849 0.16679 -0.51877
  outer loop
   vertex -33.5381 8.9865 17.9911
   vertex -34.4242 4.5320 17.9911
   vertex -37.4123 4.9254 22.9472
  endloop
 endfacet
 facet normal -0.83849 0.16679 -0.51877
  outer loop
   vertex -33.5381 8.9865 17.9911
   vertex -37.4123 4.9254 22.9472
   vertex -36.4493 9.7666 22.9472
  endloop
 endfacet
 facet normal -0.89989 0.17900 -0.39768
  outer loop
   vertex -36.4493 9.7666 22.9472
   vertex -37.4123 4.9254 22.9472
   vertex -39.7035 5.2271 28.2676
  endloop
 endfacet
 facet normal -0.89989 0.17900 -0.39768
  outer loop
   vertex -36.4493 9.7666 22.9472
   vertex -39.7035 5.2271 28.2676
   vertex -38.6816 10.3647 28.2676
  endloop
 endfacet
 facet normal -0.94456 0.18789 -0.26926
  outer loop
   vertex -38.6816 10.3647 28.2676
   vertex -39.7035 5.2271 28.2676
   vertex -41.2551 5.4313 33.8531
  endloop
 endfacet
 facet normal -0.94456 0.18789 -0.26926
  outer loop
   vertex -38.6816 10.3647 28.2676
   vertex -41.2551 5.4313 33.8531
   vertex -40.1932 10.7697 33.8531
  endloop
 endfacet
 facet normal -0.97169 0.19328 -0.13588
  outer loop
   vertex -40.1932 10.7697 33.8531
   vertex -41.2551 5.4313 33.8531
   vertex -42.0382 5.5344 39.5997
  endloop
 endfacet
 facet normal -0.97169 0.19328 -0.13588
  outer loop
   vertex -40.1932 10.7697 33.8531
   vertex -42.0382 5.5344 39.5997
   vertex -40.9561 10.9742 39.5997
  endloop
 endfacet
 facet normal -0.98079 0.19509 0.00000
  outer loop
   vertex -40.9561 10.9742 39.5997
   vertex -42.0382 5.5344 39.5997
   vertex -42.0382 5.5344 45.4003
  endloop
 endfacet
 facet normal -0.98079 0.19509 0.00000
  outer loop
   vertex -40.9561 10.9742 39.5997
   vertex -42.0382 5.5344 45.4003
   vertex -40.9561 10.9742 45.4003
  endloop
 endfacet
 facet normal -0.97169 0.19328 0.13588
  outer loop
   vertex -40.9561 10.9742 45.4003
   vertex -42.0382 5.5344 45.4003
   vertex -41.2551 5.4313 51.1469
  endloop
 endfacet
 facet normal -0.97169 0.19328 0.13588
  outer loop
   vertex -40.9561 10.9742 45.4003
   vertex -41.2551 5.4313 51.1469
   vertex -40.1932 10.7697 51.1469
  endloop
 endfacet
 facet normal -0.94456 0.18789 0.26926
  outer loop
   vertex -40.1932 10.7697 51.1469
   vertex -41.2551 5.4313 51.1469
   vertex -39.7035 5.2271 56.7324
  endloop
 endfacet
 facet normal -0.94456 0.18789 0.26926
  outer loop
   vertex -40.1932 10.7697 51.1469
   vertex -39.7035 5.2271 56.7324
   vertex -38.6816 10.3647 56.7324
  endloop
 endfacet
 facet normal -0.89989 0.17900 0.39768
  outer loop
   vertex -38.6816 10.3647 56.7324
   vertex -39.7035 5.2271 56.7324
   vertex -37.4123 4.9254 62.0528
  endloop
 endfacet
 facet normal -0.89989 0.17900 0.39768
  outer loop
   vertex -38.6816 10.3647 56.7324
   vertex -37.4123 4.9254 62.0528
   vertex -36.4493 9.7666 62.0528
  endloop
 endfacet
 facet normal -0.83849 0.16679 0.51877
  outer loop
   vertex -36.4493 9.7666 62.0528
   vertex -37.4123 4.9254 62.0528
   vertex -34.4242 4.5320 67.0089
  endloop
 endfacet
 facet normal -0.83849 0.16679 0.51877
  outer loop
   vertex -36.4493 9.7666 62.0528
   vertex -34.4242 4.5320 67.0089
   vertex -33.5381 8.9865 67.0089
  endloop
 endfacet
 facet normal -0.76146 0.15146 0.63027
  outer loop
   vertex -33.5381 8.9865 67.0089
   vertex -34.4242 4.5320 67.0089
   vertex -30.7948 4.0542 71.5085
  endloop
 endfacet
 facet normal -0.76146 0.15146 0.63027
  outer loop
   vertex -33.5381 8.9865 67.0089
   vertex -30.7948 4.0542 71.5085
   vertex -30.0022 8.0391 71.5085
  endloop
 endfacet
 facet normal -0.67020 0.13331 0.73011
  outer loop
   vertex -30.0022 8.0391 71.5085
   vertex -30.7948 4.0542 71.5085
   vertex -26.5918 3.5009 75.4677
  endloop
 endfacet
 facet normal -0.67020 0.13331 0.73011
  outer loop
   vertex -30.0022 8.0391 71.5085
   vertex -26.5918 3.5009 75.4677
   vertex -25.9073 6.9418 75.4677
  endloop
 endfacet
 facet normal -0.56641 0.11267 0.81639
  outer loop
   vertex -25.9073 6.9418 75.4677
   vertex -26.5918 3.5009 75.4677
   vertex -21.8934 2.8823 78.8128
  endloop
 endfacet
 facet normal -0.56641 0.11267 0.81639
  outer loop
   vertex -25.9073 6.9418 75.4677
   vertex -21.8934 2.8823 78.8128
   vertex -21.3299 5.7153 78.8128
  endloop
 endfacet
 facet normal -0.45199 0.08991 0.88748
  outer loop
   vertex -21.3299 5.7153 78.8128
   vertex -21.8934 2.8823 78.8128
   vertex -16.7872 2.2101 81.4815
  endloop
 endfacet
 facet normal -0.45199 0.08991 0.88748
  outer loop
   vertex -21.3299 5.7153 78.8128
   vertex -16.7872 2.2101 81.4815
   vertex -16.3551 4.3823 81.4815
  endloop
 endfacet
 facet normal -0.32907 0.06546 0.94203
  outer loop
   vertex -16.3551 4.3823 81.4815
   vertex -16.7872 2.2101 81.4815
   vertex -11.3683 1.4967 83.4240
  endloop
 endfacet
 facet normal -0.32907 0.06546 0.94203
  outer loop
   vertex -16.3551 4.3823 81.4815
   vertex -11.3683 1.4967 83.4240
   vertex -11.0757 2.9677 83.4240
  endloop
 endfacet
 facet normal -0.19996 0.03977 0.97900
  outer loop
   vertex -11.0757 2.9677 83.4240
   vertex -11.3683 1.4967 83.4240
   vertex -5.7376 0.7554 84.6042
  endloop
 endfacet
 facet normal -0.19996 0.03977 0.97900
  outer loop
   vertex -11.0757 2.9677 83.4240
   vertex -5.7376 0.7554 84.6042
   vertex -5.5899 1.4978 84.6042
  endloop
 endfacet
 facet normal -0.06707 0.01334 0.99766
  outer loop
   vertex -5.5899 1.4978 84.6042
   vertex -5.7376 0.7554 84.6042
   vertex -0.0000 0.0000 85.0000
  endloop
 endfacet
 facet normal 0.00000 0.00000 0.00000
  outer loop
   vertex -5.5899 1.4978 84.6042
   vertex -0.0000 0.0000 85.0000
   vertex -0.0000 0.0000 85.0000
  endloop
 endfacet
 facet normal 0.00000 0.00000 0.00000
  outer loop
   vertex -0.0000 0.0000 0.0000
   vertex -0.0000 0.0000 0.0000
   vertex -5.7871 0.0000 0.3958
  endloop
 endfacet
 facet normal -0.06824 0.00447 -0.99766
  outer loop
   vertex -0.0000 0.0000 0.0000
   vertex -5.7871 0.0000 0.3958
   vertex -5.7376 0.7554 0.3958
  endloop
 endfacet
 facet normal -0.20344 0.01333 -0.97900
  outer loop
   vertex -5.7376 0.7554 0.3958
   vertex -5.7871 0.0000 0.3958
   vertex -11.4664 0.0000 1.5760
  endloop
 endfacet
 facet normal -0.20344 0.01333 -0.97900
  outer loop
   vertex -5.7376 0.7554 0.3958
   vertex -11.4664 0.0000 1.5760
   vertex -11.3683 1.4967 1.5760
  endloop
 endfacet
 facet normal -0.33480 0.02194 -0.94203
  outer loop
   vertex -11.3683 1.4967 1.5760
   vertex -11.4664 0.0000 1.5760
   vertex -16.9320 0.0000 3.5185
  endloop
 endfacet
 facet normal -0.33480 0.02194 -0.94203
  outer loop
   vertex -11.3683 1.4967 1.5760
   vertex -16.9320 0.0000 3.5185
   vertex -16.7872 2.2101 3.5185
  endloop
 endfacet
 facet normal -0.45986 0.03014 -0.88748
  outer loop
   vertex -16.7872 2.2101 3.5185
   vertex -16.9320 0.0000 3.5185
   vertex -22.0823 0.0000 6.1872
  endloop
 endfacet
 facet normal -0.45986 0.03014 -0.88748
  outer loop
   vertex -16.7872 2.2101 3.5185
   vertex -22.0823 0.0000 6.1872
   vertex -21.8934 2.8823 6.1872
  endloop
 endfacet
 facet normal -0.57627 0.03777 -0.81639
  outer loop
   vertex -21.8934 2.8823 6.1872
   vertex -22.0823 0.0000 6.1872
   vertex -26.8212 0.0000 9.5323
  endloop
 endfacet
 facet normal -0.57627 0.03777 -0.81639
  outer loop
   vertex -21.8934 2.8823 6.1872
   vertex -26.8212 0.0000 9.5323
   vertex -26.5918 3.5009 9.5323
  endloop
 endfacet
 facet normal -0.68187 0.04469 -0.73011
  outer loop
   vertex -26.5918 3.5009 9.5323
   vertex -26.8212 0.0000 9.5323
   vertex -31.0605 0.0000 13.4915
  endloop
 endfacet
 facet normal -0.68187 0.04469 -0.73011
  outer loop
   vertex -26.5918 3.5009 9.5323
   vertex -31.0605 0.0000 13.4915
   vertex -30.7948 4.0542 13.4915
  endloop
 endfacet
 facet normal -0.77471 0.05078 -0.63027
  outer loop
   vertex -30.7948 4.0542 13.4915
   vertex -31.0605 0.0000 13.4915
   vertex -34.7212 0.0000 17.9911
  endloop
 endfacet
 facet normal -0.77471 0.05078 -0.63027
  outer loop
   vertex -30.7948 4.0542 13.4915
   vertex -34.7212 0.0000 17.9911
   vertex -34.4242 4.5320 17.9911
  endloop
 endfacet
 facet normal -0.85308 0.05591 -0.51877
  outer loop
   vertex -34.4242 4.5320 17.9911
   vertex -34.7212 0.0000 17.9911
   vertex -37.7351 0.0000 22.9472
  endloop
 endfacet
 facet normal -0.85308 0.05591 -0.51877
  outer loop
   vertex -34.4242 4.5320 17.9911
   vertex -37.7351 0.0000 22.9472
   vertex -37.4123 4.9254 22.9472
  endloop
 endfacet
 facet normal -0.91556 0.06001 -0.39768
  outer loop
   vertex -37.4123 4.9254 22.9472
   vertex -37.7351 0.0000 22.9472
   vertex -40.0461 0.0000 28.2676
  endloop
 endfacet
 facet normal -0.91556 0.06001 -0.39768
  outer loop
   vertex -37.4123 4.9254 22.9472
   vertex -40.0461 0.0000 28.2676
   vertex -39.7035 5.2271 28.2676
  endloop
 endfacet
 facet normal -0.96101 0.06299 -0.26926
  outer loop
   vertex -39.7035 5.2271 28.2676
   vertex -40.0461 0.0000 28.2676
   vertex -41.6111 0.0000 33.8531
  endloop
 endfacet
 facet normal -0.96101 0.06299 -0.26926
  outer loop
   vertex -39.7035 5.2271 28.2676
   vertex -41.6111 0.0000 33.8531
   vertex -41.2551 5.4313 33.8531
  endloop
 endfacet
 facet normal -0.98860 0.06480 -0.13588
  outer loop
   vertex -41.2551 5.4313 33.8531
   vertex -41.6111 0.0000 33.8531
   vertex -42.4009 0.0000 39.5997
  endloop
 endfacet
 facet normal -0.98860 0.06480 -0.13588
  outer loop
   vertex -41.2551 5.4313 33.8531
   vertex -42.4009 0.0000 39.5997
   vertex -42.0382 5.5344 39.5997
  endloop
 endfacet
 facet normal -0.99786 0.06540 0.00000
  outer loop
   vertex -42.0382 5.5344 39.5997
   vertex -42.4009 0.0000 39.5997
   vertex -42.4009 0.0000 45.4003
  endloop
 endfacet
 facet normal -0.99786 0.06540 0.00000
  outer loop
   vertex -42.0382 5.5344 39.5997
   vertex -42.4009 0.0000 45.4003
   vertex -42.0382 5.5344 45.4003
  endloop
 endfacet
 facet normal -0.98860 0.06480 0.13588
  outer loop
   vertex -42.0382 5.5344 45.4003
   vertex -42.4009 0.0000 45.4003
   vertex -41.6111 0.0000 51.1469
  endloop
 endfacet
 facet normal -0.98860 0.06480 0.13588
  outer loop
   vertex -42.0382 5.5344 45.4003
   vertex -41.6111 0.0000 51.1469
   vertex -41.2551 5.4313 51.1469
  endloop
 endfacet
 facet normal -0.96101 0.06299 0.26926
  outer loop
   vertex -41.2551 5.4313 51.1469
   vertex -41.6111 0.0000 51.1469
   vertex -40.0461 0.0000 56.7324
  endloop
 endfacet
 facet normal -0.96101 0.06299 0.26926
  outer loop
   vertex -41.2551 5.4313 51.1469
   vertex -40.0461 0.0000 56.7324
   vertex -39.7035 5.2271 56.7324
  endloop
 endfacet
 facet normal -0.91556 0.06001 0.39768
  outer loop
   vertex -39.7035 5.2271 56.7324
   vertex -40.0461 0.0000 56.7324
   vertex -37.7351 0.0000 62.0528
  endloop
 endfacet
 facet normal -0.91556 0.06001 0.39768
  outer loop
   vertex -39.7035 5.2271 56.7324
   vertex -37.7351 0.0000 62.0528
   vertex -37.4123 4.9254 62.0528
  endloop
 endfacet
 facet normal -0.85308 0.05591 0.51877
  outer loop
   vertex -37.4123 4.9254 62.0528
   vertex -37.7351 0.0000 62.0528
   vertex -34.7212 0.0000 67.0089
  endloop
 endfacet
 facet normal -0.85308 0.05591 0.51877
  outer loop
   vertex -37.4123 4.9254 62.0528
   vertex -34.7212 0.0000 67.0089
   vertex -34.4242 4.5320 67.0089
  endloop
 endfacet
 facet normal -0.77471 0.05078 0.63027
  outer loop
   vertex -34.4242 4.5320 67.0089
   vertex -34.7212 0.0000 67.0089
   vertex -31.0605 0.0000 71.5085
  endloop
 endfacet
 facet normal -0.77471 0.05078 0.63027
  outer loop
   vertex -34.4242 4.5320 67.0089
   vertex -31.0605 0.0000 71.5085
   vertex -30.7948 4.0542 71.5085
  endloop
 endfacet
 facet normal -0.68187 0.04469 0.73011
  outer loop
   vertex -30.7948 4.0542 71.5085
   vertex -31.0605 0.0000 71.5085
   vertex -26.8212 0.0000 75.4677
  endloop
 endfacet
 facet normal -0.68187 0.04469 0.73011
  outer loop
   vertex -30.7948 4.0542 71.5085
   vertex -26.8212 0.0000 75.4677
   vertex -26.5918 3.5009 75.4677
  endloop
 endfacet
 facet normal -0.57627 0.03777 0.81639
  outer loop
   vertex -26.5918 3.5009 75.4677
   vertex -26.8212 0.0000 75.4677
   vertex -22.0823 0.0000 78.8128
  endloop
 endfacet
 facet normal -0.57627 0.03777 0.81639
  outer loop
   vertex -26.5918 3.5009 75.4677
   vertex -22.0823 0.0000 78.8128
   vertex -21.8934 2.8823 78.8128
  endloop
 endfacet
 facet normal -0.45986 0.03014 0.88748
  outer loop
   vertex -21.8934 2.8823 78.8128
   vertex -22.0823 0.0000 78.8128
   vertex -16.9320 0.0000 81.4815
  endloop
 endfacet
 facet normal -0.45986 0.03014 0.88748
  outer loop
   vertex -21.8934 2.8823 78.8128
   vertex -16.9320 0.0000 81.4815
   vertex -16.7872 2.2101 81.4815
  endloop
 endfacet
 facet normal -0.33480 0.02194 0.94203
  outer loop
   vertex -16.7872 2.2101 81.4815
   vertex -16.9320 0.0000 81.4815
   vertex -11.4664 0.0000 83.4240
  endloop
 endfacet
 facet normal -0.33480 0.02194 0.94203
  outer loop
   vertex -16.7872 2.2101 81.4815
   vertex -11.4664 0.0000 83.4240
   vertex -11.3683 1.4967 83.4240
  endloop
 endfacet
 facet normal -0.20344 0.01333 0.97900
  outer loop
   vertex -11.3683 1.4967 83.4240
   vertex -11.4664 0.0000 83.4240
   vertex -5.7871 0.0000 84.6042
  endloop
 endfacet
 facet normal -0.20344 0.01333 0.97900
  outer loop
   vertex -11.3683 1.4967 83.4240
   vertex -5.7871 0.0000 84.6042
   vertex -5.7376 0.7554 84.6042
  endloop
 endfacet
 facet normal -0.06824 0.00447 0.99766
  outer loop
   vertex -5.7376 0.7554 84.6042
   vertex -5.7871 0.0000 84.6042
   vertex -0.0000 0.0000 85.0000
  endloop
 endfacet
 facet normal 0.00000 0.00000 0.00000
  outer loop
   vertex -5.7376 0.7554 84.6042
   vertex -0.0000 0.0000 85.0000
   vertex -0.0000 0.0000 85.0000
  endloop
 endfacet
 facet normal 0.00000 0.00000 0.00000
  outer loop
   vertex -0.0000 0.0000 0.0000
   vertex -0.0000 -0.0000 0.0000
   vertex -5.7376 -0.7554 0.3958
  endloop
 endfacet
 facet normal -0.06824 -0.00447 -0.99766
  outer loop
   vertex -0.0000 0.0000 0.0000
   vertex -5.7376 -0.7554 0.3958
   vertex -5.7871 0.0000 0.3958
  endloop
 endfacet
 facet normal -0.20344 -0.01333 -0.97900
  outer loop
   vertex -5.7871 0.0000 0.3958
   vertex -5.7376 -0.7554 0.3958
   vertex -11.3683 -1.4967 1.5760
  endloop
 endfacet
 facet normal -0.20344 -0.01333 -0.97900
  outer loop
   vertex -5.7871 0.0000 0.3958
   vertex -11.3683 -1.4967 1.5760
   vertex -11.4664 0.0000 1.5760
  endloop
 endfacet
 facet normal -0.33480 -0.02194 -0.94203
  outer loop
   vertex -11.4664 0.0000 1.5760
   vertex -11.3683 -1.4967 1.5760
   vertex -16.7872 -2.2101 3.5185
  endloop
 endfacet
 facet normal -0.33480 -0.02194 -0.94203
  outer loop
   vertex -11.4664 0.0000 1.5760
   vertex -16.7872 -2.2101 3.5185
   vertex -16.9320 0.0000 3.5185
  endloop
 endfacet
 facet normal -0.45986 -0.03014 -0.88748
  outer loop
   vertex -16.9320 0.0000 3.5185
   vertex -16.7872 -2.2101 3.5185
   vertex -21.8934 -2.8823 6.1872
  endloop
 endfacet
 facet normal -0.45986 -0.03014 -0.88748
  outer loop
   vertex -16.9320 0.0000 3.5185
   vertex -21.8934 -2.8823 6.1872
   vertex -22.0823 0.0000 6.1872
  endloop
 endfacet
 facet normal -0.57627 -0.03777 -0.81639
  outer loop
   vertex -22.0823 0.0000 6.1872
   vertex -21.8934 -2.8823 6.1872
   vertex -26.5918 -3.5009 9.5323
  endloop
 endfacet
 facet normal -0.57627 -0.03777 -0.81639
  outer loop
   vertex -22.0823 0.0000 6.1872
   vertex -26.5918 -3.5009 9.5323
   vertex -26.8212 0.0000 9.5323
  endloop
 endfacet
 facet normal -0.68187 -0.04469 -0.73011
  outer loop
   vertex -26.8212 0.0000 9.5323
   vertex -26.5918 -3.5009 9.5323
   vertex -30.7948 -4.0542 13.4915
  endloop
 endfacet
 facet normal -0.68187 -0.04469 -0.73011
  outer loop
   vertex -26.8212 0.0000 9.5323
   vertex -30.7948 -4.0542 13.4915
   vertex -31.0605 0.0000 13.4915
  endloop
 endfacet
 facet normal -0.77471 -0.05078 -0.63027
  outer loop
   vertex -31.0605 0.0000 13.4915
   vertex -30.7948 -4.0542 13.4915
   vertex -34.4242 -4.5320 17.9911
  endloop
 endfacet
 facet normal -0.77471 -0.05078 -0.63027
  outer loop
   vertex -31.0605 0.0000 13.4915
   vertex -34.4242 -4.5320 17.9911
   vertex -34.7212 0.0000 17.9911
  endloop
 endfacet
 facet normal -0.85308 -0.05591 -0.51877
  outer loop
   vertex -34.7212 0.0000 17.9911
   vertex -34.4242 -4.5320 17.9911
   vertex -37.4123 -4.9254 22.9472
  endloop
 endfacet
 facet normal -0.85308 -0.05591 -0.51877
  outer loop
   vertex -34.7212 0.0000 17.9911
   vertex -37.4123 -4.9254 22.9472
   vertex -37.7351 0.0000 22.9472
  endloop
 endfacet
 facet normal -0.91556 -0.06001 -0.39768
  outer loop
   vertex -37.7351 0.0000 22.9472
   vertex -37.4123 -4.9254 22.9472
   vertex -39.7035 -5.2271 28.2676
  endloop
 endfacet
 facet normal -0.91556 -0.06001 -0.39768
  outer loop
   vertex -37.7351 0.0000 22.9472
   vertex -39.7035 -5.2271 28.2676
   vertex -40.0461 0.0000 28.2676
  endloop
 endfacet
 facet normal -0.96101 -0.06299 -0.26926
  outer loop
   vertex -40.0461 0.0000 28.2676
   vertex -39.7035 -5.2271 28.2676
   vertex -41.2551 -5.4313 33.8531
  endloop
 endfacet
 facet normal -0.96101 -0.06299 -0.26926
  outer loop
   vertex -40.0461 0.0000 28.2676
   vertex -41.2551 -5.4313 33.8531
   vertex -41.6111 0.0000 33.8531
  endloop
 endfacet
 facet normal -0.98860 -0.06480 -0.13588
  outer loop
   vertex -41.6111 0.0000 33.8531
   vertex -41.2551 -5.4313 33.8531
   vertex -42.0382 -5.5344 39.5997
  endloop
 endfacet
 facet normal -0.98860 -0.06480 -0.13588
  outer loop
   vertex -41.6111 0.0000 33.8531
   vertex -42.0382 -5.5344 39.5997
   vertex -42.4009 0.0000 39.5997
  endloop
 endfacet
 facet normal -0.99786 -0.06540 0.00000
  outer loop
   vertex -42.4009 0.0000 39.5997
   vertex -42.0382 -5.5344 39.5997
   vertex -42.0382 -5.5344 45.4003
  endloop
 endfacet
 facet normal -0.99786 -0.06540 0.00000
  outer loop
   vertex -42.4009 0.0000 39.5997
   vertex -42.0382 -5.5344 45.4003
   vertex -42.4009 0.0000 45.4003
  endloop
 endfacet
 facet normal -0.98860 -0.06480 0.13588
  outer loop
   vertex -42.4009 0.0000 45.4003
   vertex -42.0382 -5.5344 45.4003
   vertex -41.2551 -5.4313 51.1469
  endloop
 endfacet
 facet normal -0.98860 -0.06480 0.13588
  outer loop
   vertex -42.4009 0.0000 45.4003
   vertex -41.2551 -5.4313 51.1469
   vertex -41.6111 0.0000 51.1469
  endloop
 endfacet
 facet normal -0.96101 -0.06299 0.26926
  outer loop
   vertex -41.6111 0.0000 51.1469
   vertex -41.2551 -5.4313 51.1469
   vertex -39.7035 -5.2271 56.7324
  endloop
 endfacet
 facet normal -0.96101 -0.06299 0.26926
  outer loop
   vertex -41.6111 0.0000 51.1469
   vertex -39.7035 -5.2271 56.7324
   vertex -40.0461 0.0000 56.7324
  endloop
 endfacet
 facet normal -0.91556 -0.06001 0.39768
  outer loop
   vertex -40.0461 0.0000 56.7324
   vertex -39.7035 -5.2271 56.7324
   vertex -37.4123 -4.9254 62.0528
  endloop
 endfacet
 facet normal -0.91556 -0.06001 0.39768
  outer loop
   vertex -40.0461 0.0000 56.7324
   vertex -37.4123 -4.9254 62.0528
   vertex -37.7351 0.0000 62.0528
  endloop
 endfacet
 facet normal -0.85308 -0.05591 0.51877
  outer loop
   vertex -37.7351 0.0000 62.0528
   vertex -37.4123 -4.9254 62.0528
   vertex -34.4242 -4.5320 67.0089
  endloop
 endfacet
 facet normal -0.85308 -0.05591 0.51877
  outer loop
   vertex -37.7351 0.0000 62.0528
   vertex -34.4242 -4.5320 67.0089
   vertex -34.7212 0.0000 67.0089
  endloop
 endfacet
 facet normal -0.77471 -0.05078 0.63027
  outer loop
   vertex -34.7212 0.0000 67.0089
   vertex -34.4242 -4.5320 67.0089
   vertex -30.7948 -4.0542 71.5085
  endloop
 endfacet
 facet normal -0.77471 -0.05078 0.63027
  outer loop
   vertex -34.7212 0.0000 67.0089
   vertex -30.7948 -4.0542 71.5085
   vertex -31.0605 0.0000 71.5085
  endloop
 endfacet
 facet normal -0.68187 -0.04469 0.73011
  outer loop
   vertex -31.0605 0.0000 71.5085
   vertex -30.7948 -4.0542 71.5085
   vertex -26.5918 -3.5009 75.4677
  endloop
 endfacet
 facet normal -0.68187 -0.04469 0.73011
  outer loop
   vertex -31.0605 0.0000 71.5085
   vertex -26.5918 -3.5009 75.4677
   vertex -26.8212 0.0000 75.4677
  endloop
 endfacet
 facet normal -0.57627 -0.03777 0.81639
  outer loop
   vertex -26.8212 0.0000 75.4677
   vertex -26.5918 -3.5009 75.4677
   vertex -21.8934 -2.8823 78.8128
  endloop
 endfacet
 facet normal -0.57627 -0.03777 0.81639
  outer loop
   vertex -26.8212 0.0000 75.4677
   vertex -21.8934 -2.8823 78.8128
   vertex -22.0823 0.0000 78.8128
  endloop
 endfacet
 facet normal -0.45986 -0.03014 0.88748
  outer loop
   vertex -22.0823 0.0000 78.8128
   vertex -21.8934 -2.8823 78.8128
   vertex -16.7872 -2.2101 81.4815
  endloop
 endfacet
 facet normal -0.45986 -0.03014 0.88748
  outer loop
   vertex -22.0823 0.0000 78.8128
   vertex -16.7872 -2.2101 81.4815
   vertex -16.9320 0.0000 81.4815
  endloop
 endfacet
 facet normal -0.33480 -0.02194 0.94203
  outer loop
   vertex -16.9320 0.0000 81.4815
   vertex -16.7872 -2.2101 81.4815
   vertex -11.3683 -1.4967 83.4240
  endloop
 endfacet
 facet normal -0.33480 -0.02194 0.94203
  outer loop
   vertex -16.9320 0.0000 81.4815
   vertex -11.3683 -1.4967 83.4240
   vertex -11.4664 0.0000 83.4240
  endloop
 endfacet
 facet normal -0.20344 -0.01333 0.97900
  outer loop
   vertex -11.4664 0.0000 83.4240
   vertex -11.3683 -1.4967 83.4240
   vertex -5.7376 -0.7554 84.6042
  endloop
 endfacet
 facet normal -0.20344 -0.01333 0.97900
  outer loop
   vertex -11.4664 0.0000 83.4240
   vertex -5.7376 -0.7554 84.6042
   vertex -5.7871 0.0000 84.6042
  endloop
 endfacet
 facet normal -0.06824 -0.00447 0.99766
  outer loop
   vertex -5.7871 0.0000 84.6042
   vertex -5.7376 -0.7554 84.6042
   vertex -0.0000 -0.0000 85.0000
  endloop
 endfacet
 facet normal 0.00000 0.00000 0.00000
  outer loop
   vertex -5.7871 0.0000 84.6042
   vertex -0.0000 -0.0000 85.0000
   vertex -0.0000 0.0000 85.0000
  endloop
 endfacet
 facet normal 0.00000 0.00000 0.00000
  outer loop
   vertex -0.0000 -0.0000 0.0000
   vertex -0.0000 -0.0000 0.0000
   vertex -5.5899 -1.4978 0.3958
  endloop
 endfacet
 facet normal -0.06707 -0.01334 -0.99766
  outer loop
   vertex -0.0000 -0.0000 0.0000
   vertex -5.5899 -1.4978 0.3958
   vertex -5.7376 -0.7554 0.3958
  endloop
 endfacet
 facet normal -0.19996 -0.03977 -0.97900
  outer loop
   vertex -5.7376 -0.7554 0.3958
   vertex -5.5899 -1.4978 0.3958
   vertex -11.0757 -2.9677 1.5760
  endloop
 endfacet
 facet normal -0.19996 -0.03977 -0.97900
  outer loop
   vertex -5.7376 -0.7554 0.3958
   vertex -11.0757 -2.9677 1.5760
   vertex -11.3683 -1.4967 1.5760
  endloop
 endfacet
 facet normal -0.32907 -0.06546 -0.94203
  outer loop
   vertex -11.3683 -1.4967 1.5760
   vertex -11.0757 -2.9677 1.5760
   vertex -16.3551 -4.3823 3.5185
  endloop
 endfacet
 facet normal -0.32907 -0.06546 -0.94203
  outer loop
   vertex -11.3683 -1.4967 1.5760
   vertex -16.3551 -4.3823 3.5185
   vertex -16.7872 -2.2101 3.5185
  endloop
 endfacet
 facet normal -0.45199 -0.08991 -0.88748
  outer loop
   vertex -16.7872 -2.2101 3.5185
   vertex -16.3551 -4.3823 3.5185
   vertex -21.3299 -5.7153 6.1872
  endloop
 endfacet
 facet normal -0.45199 -0.08991 -0.88748
  outer loop
   vertex -16.7872 -2.2101 3.5185
   vertex -21.3299 -5.7153 6.1872
   vertex -21.8934 -2.8823 6.1872
  endloop
 endfacet
 facet normal -0.56641 -0.11267 -0.81639
  outer loop
   vertex -21.8934 -2.8823 6.1872
   vertex -21.3299 -5.7153 6.1872
   vertex -25.9073 -6.9418 9.5323
  endloop
 endfacet
 facet normal -0.56641 -0.11267 -0.81639
  outer loop
   vertex -21.8934 -2.8823 6.1872
   vertex -25.9073 -6.9418 9.5323
   vertex -26.5918 -3.5009 9.5323
  endloop
 endfacet
 facet normal -0.67020 -0.13331 -0.73011
  outer loop
   vertex -26.5918 -3.5009 9.5323
   vertex -25.9073 -6.9418 9.5323
   vertex -30.0022 -8.0391 13.4915
  endloop
 endfacet
 facet normal -0.67020 -0.13331 -0.73011
  outer loop
   vertex -26.5918 -3.5009 9.5323
   vertex -30.0022 -8.0391 13.4915
   vertex -30.7948 -4.0542 13.4915
  endloop
 endfacet
 facet normal -0.76146 -0.15146 -0.63027
  outer loop
   vertex -30.7948 -4.0542 13.4915
   vertex -30.0022 -8.0391 13.4915
   vertex -33.5381 -8.9865 17.9911
  endloop
 endfacet
 facet normal -0.76146 -0.15146 -0.63027
  outer loop
   vertex -30.7948 -4.0542 13.4915
   vertex -33.5381 -8.9865 17.9911
   vertex -34.4242 -4.5320 17.9911
  endloop
 endfacet
 facet normal -0.83849 -0.16679 -0.51877
  outer loop
   vertex -34.4242 -4.5320 17.9911
   vertex -33.5381 -8.9865 17.9911
   vertex -36.4493 -9.7666 22.9472
  endloop
 endfacet
 facet normal -0.83849 -0.16679 -0.51877
  outer loop
   vertex -34.4242 -4.5320 17.9911
   vertex -36.4493 -9.7666 22.9472
   vertex -37.4123 -4.9254 22.9472
  endloop
 endfacet
 facet normal -0.89989 -0.17900 -0.39768
  outer loop
   vertex -37.4123 -4.9254 22.9472
   vertex -36.4493 -9.7666 22.9472
   vertex -38.6816 -10.3647 28.2676
  endloop
 endfacet
 facet normal -0.89989 -0.17900 -0.39768
  outer loop
   vertex -37.4123 -4.9254 22.9472
   vertex -38.6816 -10.3647 28.2676
   vertex -39.7035 -5.2271 28.2676
  endloop
 endfacet
 facet normal -0.94456 -0.18789 -0.26926
  outer loop
   vertex -39.7035 -5.2271 28.2676
   vertex -38.6816 -10.3647 28.2676
   vertex -40.1932 -10.7697 33.8531
  endloop
 endfacet
 facet normal -0.94456 -0.18789 -0.26926
  outer loop
   vertex -39.7035 -5.2271 28.2676
   vertex -40.1932 -10.7697 33.8531
   vertex -41.2551 -5.4313 33.8531
  endloop
 endfacet
 facet normal -0.97169 -0.19328 -0.13588
  outer loop
   vertex -41.2551 -5.4313 33.8531
   vertex -40.1932 -10.7697 33.8531
   vertex -40.9561 -10.9742 39.5997
  endloop
 endfacet
 facet normal -0.97169 -0.19328 -0.13588
  outer loop
   vertex -41.2551 -5.4313 33.8531
   vertex -40.9561 -10.9742 39.5997
   vertex -42.0382 -5.5344 39.5997
  endloop
 endfacet
 facet normal -0.98079 -0.19509 0.00000
  outer loop
   vertex -42.0382 -5.5344 39.5997
   vertex -40.9561 -10.9742 39.5997
   vertex -40.9561 -10.9742 45.4003
  endloop
 endfacet
 facet normal -0.98079 -0.19509 0.00000
  outer loop
   vertex -42.0382 -5.5344 39.5997
   vertex -40.9561 -10.9742 45.4003
   vertex -42.0382 -5.5344 45.4003
  endloop
 endfacet
 facet normal -0.97169 -0.19328 0.13588
  outer loop
   vertex -42.0382 -5.5344 45.4003
   vertex -40.9561 -10.9742 45.4003
   vertex -40.1932 -10.7697 51.1469
  endloop
 endfacet
 facet normal -0.97169 -0.19328 0.13588
  outer loop
   vertex -42.0382 -5.5344 45.4003
   vertex -40.1932 -10.7697 51.1469
   vertex -41.2551 -5.4313 51.1469
  endloop
 endfacet
 facet normal -0.94456 -0.18789 0.26926
  outer loop
   vertex -41.2551 -5.4313 51.1469
   vertex -40.1932 -10.7697 51.1469
   vertex -38.6816 -10.3647 56.7324
  endloop
 endfacet
 facet normal -0.94456 -0.18789 0.26926
  outer loop
   vertex -41.2551 -5.4313 51.1469
   vertex -38.6816 -10.3647 56.7324
   vertex -39.7035 -5.2271 56.7324
  endloop
 endfacet
 facet normal -0.89989 -0.17900 0.39768
  outer loop
   vertex -39.7035 -5.2271 56.7324
   vertex -38.6816 -10.3647 56.7324
   vertex -36.4493 -9.7666 62.0528
  endloop
 endfacet
 facet normal -0.89989 -0.17900 0.39768
  outer loop
   vertex -39.7035 -5.2271 56.7324
   vertex -36.4493 -9.7666 62.0528
   vertex -37.4123 -4.9254 62.0528
  endloop
 endfacet
 facet normal -0.83849 -0.16679 0.51877
  outer loop
   vertex -37.4123 -4.9254 62.0528
   vertex -36.4493 -9.7666 62.0528
   vertex -33.5381 -8.9865 67.0089
  endloop
 endfacet
 facet normal -0.83849 -0.16679 0.51877
  outer loop
   vertex -37.4123 -4.9254 62.0528
   vertex -33.5381 -8.9865 67.0089
   vertex -34.4242 -4.5320 67.0089
  endloop
 endfacet
 facet normal -0.76146 -0.15146 0.63027
  outer loop
   vertex -34.4242 -4.5320 67.0089
   vertex -33.5381 -8.9865 67.0089
   vertex -30.0022 -8.0391 71.5085
  endloop
 endfacet
 facet normal -0.76146 -0.15146 0.63027
  outer loop
   vertex -34.4242 -4.5320 67.0089
   vertex -30.0022 -8.0391 71.5085
   vertex -30.7948 -4.0542 71.5085
  endloop
 endfacet
 facet normal -0.67020 -0.13331 0.73011
  outer loop
   vertex -30.7948 -4.0542 71.5085
   vertex -30.0022 -8.0391 71.5085
   vertex -25.9073 -6.9418 75.4677
  endloop
 endfacet
 facet normal -0.67020 -0.13331 0.73011
  outer loop
   vertex -30.7948 -4.0542 71.5085
   vertex -25.9073 -6.9418 75.4677
   vertex -26.5918 -3.5009 75.4677
  endloop
 endfacet
 facet normal -0.56641 -0.11267 0.81639
  outer loop
   vertex -26.5918 -3.5009 75.4677
   vertex -25.9073 -6.9418 75.4677
   vertex -21.3299 -5.7153 78.8128
  endloop
 endfacet
 facet normal -0.56641 -0.11267 0.81639
  outer loop
   vertex -26.5918 -3.5009 75.4677
   vertex -21.3299 -5.7153 78.8128
   vertex -21.8934 -2.8823 78.8128
  endloop
 endfacet
 facet normal -0.45199 -0.08991 0.88748
  outer loop
   vertex -21.8934 -2.8823 78.8128
   vertex -21.3299 -5.7153 78.8128
   vertex -16.3551 -4.3823 81.4815
  endloop
 endfacet
 facet normal -0.45199 -0.08991 0.88748
  outer loop
   vertex -21.8934 -2.8823 78.8128
   vertex -16.3551 -4.3823 81.4815
   vertex -16.7872 -2.2101 81.4815
  endloop
 endfacet
 facet normal -0.32907 -0.06546 0.94203
  outer loop
   vertex -16.7872 -2.2101 81.4815
   vertex -16.3551 -4.3823 81.4815
   vertex -11.0757 -2.9677 83.4240
  endloop
 endfacet
 facet normal -0.32907 -0.06546 0.94203
  outer loop
   vertex -16.7872 -2.2101 81.4815
   vertex -11.0757 -2.9677 83.4240
   vertex -11.3683 -1.4967 83.4240
  endloop
 endfacet
 facet normal -0.19996 -0.03977 0.97900
  outer loop
   vertex -11.3683 -1.4967 83.4240
   vertex -11.0757 -2.9677 83.4240
   vertex -5.5899 -1.4978 84.6042
  endloop
 endfacet
 facet normal -0.19996 -0.03977 0.97900
  outer loop
   vertex -11.3683 -1.4967 83.4240
   vertex -5.5899 -1.4978 84.6042
   vertex -5.7376 -0.7554 84.6042
  endloop
 endfacet
 facet normal -0.06707 -0.01334 0.99766
  outer loop
   vertex -5.7376 -0.7554 84.6042
   vertex -5.5899 -1.4978 84.6042
   vertex -0.0000 -0.0000 85.0000
  endloop
 endfacet
 facet normal 0.00000 0.00000 0.00000
  outer loop
   vertex -5.7376 -0.7554 84.6042
   vertex -0.0000 -0.0000 85.0000
   vertex -0.0000 -0.0000 85.0000
  endloop
 endfacet
 facet normal 0.00000 0.00000 0.00000
  outer loop
   vertex -0.0000 -0.0000 0.0000
   vertex -0.0000 -0.0000 0.0000
   vertex -5.3466 -2.2146 0.3958
  endloop
 endfacet
 facet normal -0.06476 -0.02198 -0.99766
  outer loop
   vertex -0.0000 -0.0000 0.0000
   vertex -5.3466 -2.2146 0.3958
   vertex -5.5899 -1.4978 0.3958
  endloop
 endfacet
 facet normal -0.19305 -0.06553 -0.97900
  outer loop
   vertex -5.5899 -1.4978 0.3958
   vertex -5.3466 -2.2146 0.3958
   vertex -10.5935 -4.3880 1.5760
  endloop
 endfacet
 facet normal -0.19305 -0.06553 -0.97900
  outer loop
   vertex -5.5899 -1.4978 0.3958
   vertex -10.5935 -4.3880 1.5760
   vertex -11.0757 -2.9677 1.5760
  endloop
 endfacet
 facet normal -0.31771 -0.10785 -0.94203
  outer loop
   vertex -11.0757 -2.9677 1.5760
   vertex -10.5935 -4.3880 1.5760
   vertex -15.6432 -6.4796 3.5185
  endloop
 endfacet
 facet normal -0.31771 -0.10785 -0.94203
  outer loop
   vertex -11.0757 -2.9677 1.5760
   vertex -15.6432 -6.4796 3.5185
   vertex -16.3551 -4.3823 3.5185
  endloop
 endfacet
 facet normal -0.43639 -0.14813 -0.88748
  outer loop
   vertex -16.3551 -4.3823 3.5185
   vertex -15.6432 -6.4796 3.5185
   vertex -20.4014 -8.4505 6.1872
  endloop
 endfacet
 facet normal -0.43639 -0.14813 -0.88748
  outer loop
   vertex -16.3551 -4.3823 3.5185
   vertex -20.4014 -8.4505 6.1872
   vertex -21.3299 -5.7153 6.1872
  endloop
 endfacet
 facet normal -0.54686 -0.18563 -0.81639
  outer loop
   vertex -21.3299 -5.7153 6.1872
   vertex -20.4014 -8.4505 6.1872
   vertex -24.7796 -10.2640 9.5323
  endloop
 endfacet
 facet normal -0.54686 -0.18563 -0.81639
  outer loop
   vertex -21.3299 -5.7153 6.1872
   vertex -24.7796 -10.2640 9.5323
   vertex -25.9073 -6.9418 9.5323
  endloop
 endfacet
 facet normal -0.64707 -0.21965 -0.73011
  outer loop
   vertex -25.9073 -6.9418 9.5323
   vertex -24.7796 -10.2640 9.5323
   vertex -28.6962 -11.8863 13.4915
  endloop
 endfacet
 facet normal -0.64707 -0.21965 -0.73011
  outer loop
   vertex -25.9073 -6.9418 9.5323
   vertex -28.6962 -11.8863 13.4915
   vertex -30.0022 -8.0391 13.4915
  endloop
 endfacet
 facet normal -0.73517 -0.24956 -0.63027
  outer loop
   vertex -30.0022 -8.0391 13.4915
   vertex -28.6962 -11.8863 13.4915
   vertex -32.0782 -13.2872 17.9911
  endloop
 endfacet
 facet normal -0.73517 -0.24956 -0.63027
  outer loop
   vertex -30.0022 -8.0391 13.4915
   vertex -32.0782 -13.2872 17.9911
   vertex -33.5381 -8.9865 17.9911
  endloop
 endfacet
 facet normal -0.80954 -0.27480 -0.51877
  outer loop
   vertex -33.5381 -8.9865 17.9911
   vertex -32.0782 -13.2872 17.9911
   vertex -34.8627 -14.4406 22.9472
  endloop
 endfacet
 facet normal -0.80954 -0.27480 -0.51877
  outer loop
   vertex -33.5381 -8.9865 17.9911
   vertex -34.8627 -14.4406 22.9472
   vertex -36.4493 -9.7666 22.9472
  endloop
 endfacet
 facet normal -0.86883 -0.29493 -0.39768
  outer loop
   vertex -36.4493 -9.7666 22.9472
   vertex -34.8627 -14.4406 22.9472
   vertex -36.9978 -15.3250 28.2676
  endloop
 endfacet
 facet normal -0.86883 -0.29493 -0.39768
  outer loop
   vertex -36.4493 -9.7666 22.9472
   vertex -36.9978 -15.3250 28.2676
   vertex -38.6816 -10.3647 28.2676
  endloop
 endfacet
 facet normal -0.91196 -0.30957 -0.26926
  outer loop
   vertex -38.6816 -10.3647 28.2676
   vertex -36.9978 -15.3250 28.2676
   vertex -38.4436 -15.9239 33.8531
  endloop
 endfacet
 facet normal -0.91196 -0.30957 -0.26926
  outer loop
   vertex -38.6816 -10.3647 28.2676
   vertex -38.4436 -15.9239 33.8531
   vertex -40.1932 -10.7697 33.8531
  endloop
 endfacet
 facet normal -0.93815 -0.31846 -0.13588
  outer loop
   vertex -40.1932 -10.7697 33.8531
   vertex -38.4436 -15.9239 33.8531
   vertex -39.1733 -16.2261 39.5997
  endloop
 endfacet
 facet normal -0.93815 -0.31846 -0.13588
  outer loop
   vertex -40.1932 -10.7697 33.8531
   vertex -39.1733 -16.2261 39.5997
   vertex -40.9561 -10.9742 39.5997
  endloop
 endfacet
 facet normal -0.94693 -0.32144 0.00000
  outer loop
   vertex -40.9561 -10.9742 39.5997
   vertex -39.1733 -16.2261 39.5997
   vertex -39.1733 -16.2261 45.4003
  endloop
 endfacet
 facet normal -0.94693 -0.32144 0.00000
  outer loop
   vertex -40.9561 -10.9742 39.5997
   vertex -39.1733 -16.2261 45.4003
   vertex -40.9561 -10.9742 45.4003
  endloop
 endfacet
 facet normal -0.93815 -0.31846 0.13588
  outer loop
   vertex -40.9561 -10.9742 45.4003
   vertex -39.1733 -16.2261 45.4003
   vertex -38.4436 -15.9239 51.1469
  endloop
 endfacet
 facet normal -0.93815 -0.31846 0.13588
  outer loop
   vertex -40.9561 -10.9742 45.4003
   vertex -38.4436 -15.9239 51.1469
   vertex -40.1932 -10.7697 51.1469
  endloop
 endfacet
 facet normal -0.91196 -0.30957 0.26926
  outer loop
   vertex -40.1932 -10.7697 51.1469
   vertex -38.4436 -15.9239 51.1469
   vertex -36.9978 -15.3250 56.7324
  endloop
 endfacet
 facet normal -0.91196 -0.30957 0.26926
  outer loop
   vertex -40.1932 -10.7697 51.1469
   vertex -36.9978 -15.3250 56.7324
   vertex -38.6816 -10.3647 56.7324
  endloop
 endfacet
 facet normal -0.86883 -0.29493 0.39768
  outer loop
   vertex -38.6816 -10.3647 56.7324
   vertex -36.9978 -15.3250 56.7324
   vertex -34.8627 -14.4406 62.0528
  endloop
 endfacet
 facet normal -0.86883 -0.29493 0.39768
  outer loop
   vertex -38.6816 -10.3647 56.7324
   vertex -34.8627 -14.4406 62.0528
   vertex -36.4493 -9.7666 62.0528
  endloop
 endfacet
 facet normal -0.80954 -0.27480 0.51877
  outer loop
   vertex -36.4493 -9.7666 62.0528
   vertex -34.8627 -14.4406 62.0528
   vertex -32.0782 -13.2872 67.0089
  endloop
 endfacet
 facet normal -0.80954 -0.27480 0.51877
  outer loop
   vertex -36.4493 -9.7666 62.0528
   vertex -32.0782 -13.2872 67.0089
   vertex -33.5381 -8.9865 67.0089
  endloop
 endfacet
 facet normal -0.73517 -0.24956 0.63027
  outer loop
   vertex -33.5381 -8.9865 67.0089
   vertex -32.0782 -13.2872 67.0089
   vertex -28.6962 -11.8863 71.5085
  endloop
 endfacet
 facet normal -0.73517 -0.24956 0.63027
  outer loop
   vertex -33.5381 -8.9865 67.0089
   vertex -28.6962 -11.8863 71.5085
   vertex -30.0022 -8.0391 71.5085
  endloop
 endfacet
 facet normal -0.64707 -0.21965 0.73011
  outer loop
   vertex -30.0022 -8.0391 71.5085
   vertex -28.6962 -11.8863 71.5085
   vertex -24.7796 -10.2640 75.4677
  endloop
 endfacet
 facet normal -0.64707 -0.21965 0.73011
  outer loop
   vertex -30.0022 -8.0391 71.5085
   vertex -24.7796 -10.2640 75.4677
   vertex -25.9073 -6.9418 75.4677
  endloop
 endfacet
 facet normal -0.54686 -0.18563 0.81639
  outer loop
   vertex -25.9073 -6.9418 75.4677
   vertex -24.7796 -10.2640 75.4677
   vertex -20.4014 -8.4505 78.8128
  endloop
 endfacet
 facet normal -0.54686 -0.18563 0.81639
  outer loop
   vertex -25.9073 -6.9418 75.4677
   vertex -20.4014 -8.4505 78.8128
   vertex -21.3299 -5.7153 78.8128
  endloop
 endfacet
 facet normal -0.43639 -0.14813 0.88748
  outer loop
   vertex -21.3299 -5.7153 78.8128
   vertex -20.4014 -8.4505 78.8128
   vertex -15.6432 -6.4796 81.4815
  endloop
 endfacet
 facet normal -0.43639 -0.14813 0.88748
  outer loop
   vertex -21.3299 -5.7153 78.8128
   vertex -15.6432 -6.4796 81.4815
   vertex -16.3551 -4.3823 81.4815
  endloop
 endfacet
 facet normal -0.31771 -0.10785 0.94203
  outer loop
   vertex -16.3551 -4.3823 81.4815
   vertex -15.6432 -6.4796 81.4815
   vertex -10.5935 -4.3880 83.4240
  endloop
 endfacet
 facet normal -0.31771 -0.10785 0.94203
  outer loop
   vertex -16.3551 -4.3823 81.4815
   vertex -10.5935 -4.3880 83.4240
   vertex -11.0757 -2.9677 83.4240
  endloop
 endfacet
 facet normal -0.19305 -0.06553 0.97900
  outer loop
   vertex -11.0757 -2.9677 83.4240
   vertex -10.5935 -4.3880 83.4240
   vertex -5.3466 -2.2146 84.6042
  endloop
 endfacet
 facet normal -0.19305 -0.06553 0.97900
  outer loop
   vertex -11.0757 -2.9677 83.4240
   vertex -5.3466 -2.2146 84.6042
   vertex -5.5899 -1.4978 84.6042
  endloop
 endfacet
 facet normal -0.06476 -0.02198 0.99766
  outer loop
   vertex -5.5899 -1.4978 84.6042
   vertex -5.3466 -2.2146 84.6042
   vertex -0.0000 -0.0000 85.0000
  endloop
 endfacet
 facet normal 0.00000 0.00000 0.00000
  outer loop
   vertex -5.5899 -1.4978 84.6042
   vertex -0.0000 -0.0000 85.0000
   vertex -0.0000 -0.0000 85.0000
  endloop
 endfacet
 facet normal 0.00000 0.00000 0.00000
  outer loop
   vertex -0.0000 -0.0000 0.0000
   vertex -0.0000 -0.0000 0.0000
   vertex -5.0118 -2.8935 0.3958
  endloop
 endfacet
 facet normal -0.06134 -0.03025 -0.99766
  outer loop
   vertex -0.0000 -0.0000 0.0000
   vertex -5.0118 -2.8935 0.3958
   vertex -5.3466 -2.2146 0.3958
  endloop
 endfacet
 facet normal -0.18285 -0.09017 -0.97900
  outer loop
   vertex -5.3466 -2.2146 0.3958
   vertex -5.0118 -2.8935 0.3958
   vertex -9.9302 -5.7332 1.5760
  endloop
 endfacet
 facet normal -0.18285 -0.09017 -0.97900
  outer loop
   vertex -5.3466 -2.2146 0.3958
   vertex -9.9302 -5.7332 1.5760
   vertex -10.5935 -4.3880 1.5760
  endloop
 endfacet
 facet normal -0.30092 -0.14840 -0.94203
  outer loop
   vertex -10.5935 -4.3880 1.5760
   vertex -9.9302 -5.7332 1.5760
   vertex -14.6636 -8.4660 3.5185
  endloop
 endfacet
 facet normal -0.30092 -0.14840 -0.94203
  outer loop
   vertex -10.5935 -4.3880 1.5760
   vertex -14.6636 -8.4660 3.5185
   vertex -15.6432 -6.4796 3.5185
  endloop
 endfacet
 facet normal -0.41332 -0.20383 -0.88748
  outer loop
   vertex -15.6432 -6.4796 3.5185
   vertex -14.6636 -8.4660 3.5185
   vertex -19.1238 -11.0412 6.1872
  endloop
 endfacet
 facet normal -0.41332 -0.20383 -0.88748
  outer loop
   vertex -15.6432 -6.4796 3.5185
   vertex -19.1238 -11.0412 6.1872
   vertex -20.4014 -8.4505 6.1872
  endloop
 endfacet
 facet normal -0.51795 -0.25542 -0.81639
  outer loop
   vertex -20.4014 -8.4505 6.1872
   vertex -19.1238 -11.0412 6.1872
   vertex -23.2279 -13.4106 9.5323
  endloop
 endfacet
 facet normal -0.51795 -0.25542 -0.81639
  outer loop
   vertex -20.4014 -8.4505 6.1872
   vertex -23.2279 -13.4106 9.5323
   vertex -24.7796 -10.2640 9.5323
  endloop
 endfacet
 facet normal -0.61286 -0.30223 -0.73011
  outer loop
   vertex -24.7796 -10.2640 9.5323
   vertex -23.2279 -13.4106 9.5323
   vertex -26.8992 -15.5303 13.4915
  endloop
 endfacet
 facet normal -0.61286 -0.30223 -0.73011
  outer loop
   vertex -24.7796 -10.2640 9.5323
   vertex -26.8992 -15.5303 13.4915
   vertex -28.6962 -11.8863 13.4915
  endloop
 endfacet
 facet normal -0.69631 -0.34338 -0.63027
  outer loop
   vertex -28.6962 -11.8863 13.4915
   vertex -26.8992 -15.5303 13.4915
   vertex -30.0695 -17.3606 17.9911
  endloop
 endfacet
 facet normal -0.69631 -0.34338 -0.63027
  outer loop
   vertex -28.6962 -11.8863 13.4915
   vertex -30.0695 -17.3606 17.9911
   vertex -32.0782 -13.2872 17.9911
  endloop
 endfacet
 facet normal -0.76675 -0.37812 -0.51877
  outer loop
   vertex -32.0782 -13.2872 17.9911
   vertex -30.0695 -17.3606 17.9911
   vertex -32.6796 -18.8676 22.9472
  endloop
 endfacet
 facet normal -0.76675 -0.37812 -0.51877
  outer loop
   vertex -32.0782 -13.2872 17.9911
   vertex -32.6796 -18.8676 22.9472
   vertex -34.8627 -14.4406 22.9472
  endloop
 endfacet
 facet normal -0.82290 -0.40581 -0.39768
  outer loop
   vertex -34.8627 -14.4406 22.9472
   vertex -32.6796 -18.8676 22.9472
   vertex -34.6809 -20.0230 28.2676
  endloop
 endfacet
 facet normal -0.82290 -0.40581 -0.39768
  outer loop
   vertex -34.8627 -14.4406 22.9472
   vertex -34.6809 -20.0230 28.2676
   vertex -36.9978 -15.3250 28.2676
  endloop
 endfacet
 facet normal -0.86375 -0.42595 -0.26926
  outer loop
   vertex -36.9978 -15.3250 28.2676
   vertex -34.6809 -20.0230 28.2676
   vertex -36.0362 -20.8055 33.8531
  endloop
 endfacet
 facet normal -0.86375 -0.42595 -0.26926
  outer loop
   vertex -36.9978 -15.3250 28.2676
   vertex -36.0362 -20.8055 33.8531
   vertex -38.4436 -15.9239 33.8531
  endloop
 endfacet
 facet normal -0.88855 -0.43819 -0.13588
  outer loop
   vertex -38.4436 -15.9239 33.8531
   vertex -36.0362 -20.8055 33.8531
   vertex -36.7203 -21.2005 39.5997
  endloop
 endfacet
 facet normal -0.88855 -0.43819 -0.13588
  outer loop
   vertex -38.4436 -15.9239 33.8531
   vertex -36.7203 -21.2005 39.5997
   vertex -39.1733 -16.2261 39.5997
  endloop
 endfacet
 facet normal -0.89687 -0.44229 0.00000
  outer loop
   vertex -39.1733 -16.2261 39.5997
   vertex -36.7203 -21.2005 39.5997
   vertex -36.7203 -21.2005 45.4003
  endloop
 endfacet
 facet normal -0.89687 -0.44229 0.00000
  outer loop
   vertex -39.1733 -16.2261 39.5997
   vertex -36.7203 -21.2005 45.4003
   vertex -39.1733 -16.2261 45.4003
  endloop
 endfacet
 facet normal -0.88855 -0.43819 0.13588
  outer loop
   vertex -39.1733 -16.2261 45.4003
   vertex -36.7203 -21.2005 45.4003
   vertex -36.0362 -20.8055 51.1469
  endloop
 endfacet
 facet normal -0.88855 -0.43819 0.13588
  outer loop
   vertex -39.1733 -16.2261 45.4003
   vertex -36.0362 -20.8055 51.1469
   vertex -38.4436 -15.9239 51.1469
  endloop
 endfacet
 facet normal -0.86375 -0.42595 0.26926
  outer loop
   vertex -38.4436 -15.9239 51.1469
   vertex -36.0362 -20.8055 51.1469
   vertex -34.6809 -20.0230 56.7324
  endloop
 endfacet
 facet normal -0.86375 -0.42595 0.26926
  outer loop
   vertex -38.4436 -15.9239 51.1469
   vertex -34.6809 -20.0230 56.7324
   vertex -36.9978 -15.3250 56.7324
  endloop
 endfacet
 facet normal -0.82290 -0.40581 0.39768
  outer loop
   vertex -36.9978 -15.3250 56.7324
   vertex -34.6809 -20.0230 56.7324
   vertex -32.6796 -18.8676 62.0528
  endloop
 endfacet
 facet normal -0.82290 -0.40581 0.39768
  outer loop
   vertex -36.9978 -15.3250 56.7324
   vertex -32.6796 -18.8676 62.0528
   vertex -34.8627 -14.4406 62.0528
  endloop
 endfacet
 facet normal -0.76675 -0.37812 0.51877
  outer loop
   vertex -34.8627 -14.4406 62.0528
   vertex -32.6796 -18.8676 62.0528
   vertex -30.0695 -17.3606 67.0089
  endloop
 endfacet
 facet normal -0.76675 -0.37812 0.51877
  outer loop
   vertex -34.8627 -14.4406 62.0528
   vertex -30.0695 -17.3606 67.0089
   vertex -32.0782 -13.2872 67.0089
  endloop
 endfacet
 facet normal -0.69631 -0.34338 0.63027
  outer loop
   vertex -32.0782 -13.2872 67.0089
   vertex -30.0695 -17.3606 67.0089
   vertex -26.8992 -15.5303 71.5085
  endloop
 endfacet
 facet normal -0.69631 -0.34338 0.63027
  outer loop
   vertex -32.0782 -13.2872 67.0089
   vertex -26.8992 -15.5303 71.5085
   vertex -28.6962 -11.8863 71.5085
  endloop
 endfacet
 facet normal -0.61286 -0.30223 0.73011
  outer loop
   vertex -28.6962 -11.8863 71.5085
   vertex -26.8992 -15.5303 71.5085
   vertex -23.2279 -13.4106 75.4677
  endloop
 endfacet
 facet normal -0.61286 -0.30223 0.73011
  outer loop
   vertex -28.6962 -11.8863 71.5085
   vertex -23.2279 -13.4106 75.4677
   vertex -24.7796 -10.2640 75.4677
  endloop
 endfacet
 facet normal -0.51795 -0.25542 0.81639
  outer loop
   vertex -24.7796 -10.2640 75.4677
   vertex -23.2279 -13.4106 75.4677
   vertex -19.1238 -11.0412 78.8128
  endloop
 endfacet
 facet normal -0.51795 -0.25542 0.81639
  outer loop
   vertex -24.7796 -10.2640 75.4677
   vertex -19.1238 -11.0412 78.8128
   vertex -20.4014 -8.4505 78.8128
  endloop
 endfacet
 facet normal -0.41332 -0.20383 0.88748
  outer loop
   vertex -20.4014 -8.4505 78.8128
   vertex -19.1238 -11.0412 78.8128
   vertex -14.6636 -8.4660 81.4815
  endloop
 endfacet
 facet normal -0.41332 -0.20383 0.88748
  outer loop
   vertex -20.4014 -8.4505 78.8128
   vertex -14.6636 -8.4660 81.4815
   vertex -15.6432 -6.4796 81.4815
  endloop
 endfacet
 facet normal -0.30092 -0.14840 0.94203
  outer loop
   vertex -15.6432 -6.4796 81.4815
   vertex -14.6636 -8.4660 81.4815
   vertex -9.9302 -5.7332 83.4240
  endloop
 endfacet
 facet normal -0.30092 -0.14840 0.94203
  outer loop
   vertex -15.6432 -6.4796 81.4815
   vertex -9.9302 -5.7332 83.4240
   vertex -10.5935 -4.3880 83.4240
  endloop
 endfacet
 facet normal -0.18285 -0.09017 0.97900
  outer loop
   vertex -10.5935 -4.3880 83.4240
   vertex -9.9302 -5.7332 83.4240
   vertex -5.0118 -2.8935 84.6042
  endloop
 endfacet
 facet normal -0.18285 -0.09017 0.97900
  outer loop
   vertex -10.5935 -4.3880 83.4240
   vertex -5.0118 -2.8935 84.6042
   vertex -5.3466 -2.2146 84.6042
  endloop
 endfacet
 facet normal -0.06134 -0.03025 0.99766
  outer loop
   vertex -5.3466 -2.2146 84.6042
   vertex -5.0118 -2.8935 84.6042
   vertex -0.0000 -0.0000 85.0000
  endloop
 endfacet
 facet normal 0.00000 0.00000 0.00000
  outer loop
   vertex -5.3466 -2.2146 84.6042
   vertex -0.0000 -0.0000 85.0000
   vertex -0.0000 -0.0000 85.0000
  endloop
 endfacet
 facet normal 0.00000 0.00000 0.00000
  outer loop
   vertex -0.0000 -0.0000 0.0000
   vertex -0.0000 -0.0000 0.0000
   vertex -4.5912 -3.5230 0.3958
  endloop
 endfacet
 facet normal -0.05686 -0.03799 -0.99766
  outer loop
   vertex -0.0000 -0.0000 0.0000
   vertex -4.5912 -3.5230 0.3958
   vertex -5.0118 -2.8935 0.3958
  endloop
 endfacet
 facet normal -0.16952 -0.11327 -0.97900
  outer loop
   vertex -5.0118 -2.8935 0.3958
   vertex -4.5912 -3.5230 0.3958
   vertex -9.0969 -6.9803 1.5760
  endloop
 endfacet
 facet normal -0.16952 -0.11327 -0.97900
  outer loop
   vertex -5.0118 -2.8935 0.3958
   vertex -9.0969 -6.9803 1.5760
   vertex -9.9302 -5.7332 1.5760
  endloop
 endfacet
 facet normal -0.27897 -0.18640 -0.94203
  outer loop
   vertex -9.9302 -5.7332 1.5760
   vertex -9.0969 -6.9803 1.5760
   vertex -13.4331 -10.3076 3.5185
  endloop
 endfacet
 facet normal -0.27897 -0.18640 -0.94203
  outer loop
   vertex -9.9302 -5.7332 1.5760
   vertex -13.4331 -10.3076 3.5185
   vertex -14.6636 -8.4660 3.5185
  endloop
 endfacet
 facet normal -0.38318 -0.25603 -0.88748
  outer loop
   vertex -14.6636 -8.4660 3.5185
   vertex -13.4331 -10.3076 3.5185
   vertex -17.5191 -13.4429 6.1872
  endloop
 endfacet
 facet normal -0.38318 -0.25603 -0.88748
  outer loop
   vertex -14.6636 -8.4660 3.5185
   vertex -17.5191 -13.4429 6.1872
   vertex -19.1238 -11.0412 6.1872
  endloop
 endfacet
 facet normal -0.48018 -0.32084 -0.81639
  outer loop
   vertex -19.1238 -11.0412 6.1872
   vertex -17.5191 -13.4429 6.1872
   vertex -21.2787 -16.3277 9.5323
  endloop
 endfacet
 facet normal -0.48018 -0.32084 -0.81639
  outer loop
   vertex -19.1238 -11.0412 6.1872
   vertex -21.2787 -16.3277 9.5323
   vertex -23.2279 -13.4106 9.5323
  endloop
 endfacet
 facet normal -0.56817 -0.37964 -0.73011
  outer loop
   vertex -23.2279 -13.4106 9.5323
   vertex -21.2787 -16.3277 9.5323
   vertex -24.6420 -18.9085 13.4915
  endloop
 endfacet
 facet normal -0.56817 -0.37964 -0.73011
  outer loop
   vertex -23.2279 -13.4106 9.5323
   vertex -24.6420 -18.9085 13.4915
   vertex -26.8992 -15.5303 13.4915
  endloop
 endfacet
 facet normal -0.64553 -0.43133 -0.63027
  outer loop
   vertex -26.8992 -15.5303 13.4915
   vertex -24.6420 -18.9085 13.4915
   vertex -27.5462 -21.1369 17.9911
  endloop
 endfacet
 facet normal -0.64553 -0.43133 -0.63027
  outer loop
   vertex -26.8992 -15.5303 13.4915
   vertex -27.5462 -21.1369 17.9911
   vertex -30.0695 -17.3606 17.9911
  endloop
 endfacet
 facet normal -0.71083 -0.47496 -0.51877
  outer loop
   vertex -30.0695 -17.3606 17.9911
   vertex -27.5462 -21.1369 17.9911
   vertex -29.9373 -22.9717 22.9472
  endloop
 endfacet
 facet normal -0.71083 -0.47496 -0.51877
  outer loop
   vertex -30.0695 -17.3606 17.9911
   vertex -29.9373 -22.9717 22.9472
   vertex -32.6796 -18.8676 22.9472
  endloop
 endfacet
 facet normal -0.76289 -0.50975 -0.39768
  outer loop
   vertex -32.6796 -18.8676 22.9472
   vertex -29.9373 -22.9717 22.9472
   vertex -31.7707 -24.3785 28.2676
  endloop
 endfacet
 facet normal -0.76289 -0.50975 -0.39768
  outer loop
   vertex -32.6796 -18.8676 22.9472
   vertex -31.7707 -24.3785 28.2676
   vertex -34.6809 -20.0230 28.2676
  endloop
 endfacet
 facet normal -0.80076 -0.53505 -0.26926
  outer loop
   vertex -34.6809 -20.0230 28.2676
   vertex -31.7707 -24.3785 28.2676
   vertex -33.0123 -25.3312 33.8531
  endloop
 endfacet
 facet normal -0.80076 -0.53505 -0.26926
  outer loop
   vertex -34.6809 -20.0230 28.2676
   vertex -33.0123 -25.3312 33.8531
   vertex -36.0362 -20.8055 33.8531
  endloop
 endfacet
 facet normal -0.82376 -0.55042 -0.13588
  outer loop
   vertex -36.0362 -20.8055 33.8531
   vertex -33.0123 -25.3312 33.8531
   vertex -33.6389 -25.8120 39.5997
  endloop
 endfacet
 facet normal -0.82376 -0.55042 -0.13588
  outer loop
   vertex -36.0362 -20.8055 33.8531
   vertex -33.6389 -25.8120 39.5997
   vertex -36.7203 -21.2005 39.5997
  endloop
 endfacet
 facet normal -0.83147 -0.55557 0.00000
  outer loop
   vertex -36.7203 -21.2005 39.5997
   vertex -33.6389 -25.8120 39.5997
   vertex -33.6389 -25.8120 45.4003
  endloop
 endfacet
 facet normal -0.83147 -0.55557 0.00000
  outer loop
   vertex -36.7203 -21.2005 39.5997
   vertex -33.6389 -25.8120 45.4003
   vertex -36.7203 -21.2005 45.4003
  endloop
 endfacet
 facet normal -0.82376 -0.55042 0.13588
  outer loop
   vertex -36.7203 -21.2005 45.4003
   vertex -33.6389 -25.8120 45.4003
   vertex -33.0123 -25.3312 51.1469
  endloop
 endfacet
 facet normal -0.82376 -0.55042 0.13588
  outer loop
   vertex -36.7203 -21.2005 45.4003
   vertex -33.0123 -25.3312 51.1469
   vertex -36.0362 -20.8055 51.1469
  endloop
 endfacet
 facet normal -0.80076 -0.53505 0.26926
  outer loop
   vertex -36.0362 -20.8055 51.1469
   vertex -33.0123 -25.3312 51.1469
   vertex -31.7707 -24.3785 56.7324
  endloop
 endfacet
 facet normal -0.80076 -0.53505 0.26926
  outer loop
   vertex -36.0362 -20.8055 51.1469
   vertex -31.7707 -24.3785 56.7324
   vertex -34.6809 -20.0230 56.7324
  endloop
 endfacet
 facet normal -0.76289 -0.50975 0.39768
  outer loop
   vertex -34.6809 -20.0230 56.7324
   vertex -31.7707 -24.3785 56.7324
   vertex -29.9373 -22.9717 62.0528
  endloop
 endfacet
 facet normal -0.76289 -0.50975 0.39768
  outer loop
   vertex -34.6809 -20.0230 56.7324
   vertex -29.9373 -22.9717 62.0528
   vertex -32.6796 -18.8676 62.0528
  endloop
 endfacet
 facet normal -0.71083 -0.47496 0.51877
  outer loop
   vertex -32.6796 -18.8676 62.0528
   vertex -29.9373 -22.9717 62.0528
   vertex -27.5462 -21.1369 67.0089
  endloop
 endfacet
 facet normal -0.71083 -0.47496 0.51877
  outer loop
   vertex -32.6796 -18.8676 62.0528
   vertex -27.5462 -21.1369 67.0089
   vertex -30.0695 -17.3606 67.0089
  endloop
 endfacet
 facet normal -0.64553 -0.43133 0.63027
  outer loop
   vertex -30.0695 -17.3606 67.0089
   vertex -27.5462 -21.1369 67.0089
   vertex -24.6420 -18.9085 71.5085
  endloop
 endfacet
 facet normal -0.64553 -0.43133 0.63027
  outer loop
   vertex -30.0695 -17.3606 67.0089
   vertex -24.6420 -18.9085 71.5085
   vertex -26.8992 -15.5303 71.5085
  endloop
 endfacet
 facet normal -0.56817 -0.37964 0.73011
  outer loop
   vertex -26.8992 -15.5303 71.5085
   vertex -24.6420 -18.9085 71.5085
   vertex -21.2787 -16.3277 75.4677
  endloop
 endfacet
 facet normal -0.56817 -0.37964 0.73011
  outer loop
   vertex -26.8992 -15.5303 71.5085
   vertex -21.2787 -16.3277 75.4677
   vertex -23.2279 -13.4106 75.4677
  endloop
 endfacet
 facet normal -0.48018 -0.32084 0.81639
  outer loop
   vertex -23.2279 -13.4106 75.4677
   vertex -21.2787 -16.3277 75.4677
   vertex -17.5191 -13.4429 78.8128
  endloop
 endfacet
 facet normal -0.48018 -0.32084 0.81639
  outer loop
   vertex -23.2279 -13.4106 75.4677
   vertex -17.5191 -13.4429 78.8128
   vertex -19.1238 -11.0412 78.8128
  endloop
 endfacet
 facet normal -0.38318 -0.25603 0.88748
  outer loop
   vertex -19.1238 -11.0412 78.8128
   vertex -17.5191 -13.4429 78.8128
   vertex -13.4331 -10.3076 81.4815
  endloop
 endfacet
 facet normal -0.38318 -0.25603 0.88748
  outer loop
   vertex -19.1238 -11.0412 78.8128
   vertex -13.4331 -10.3076 81.4815
   vertex -14.6636 -8.4660 81.4815
  endloop
 endfacet
 facet normal -0.27897 -0.18640 0.94203
  outer loop
   vertex -14.6636 -8.4660 81.4815
   vertex -13.4331 -10.3076 81.4815
   vertex -9.0969 -6.9803 83.4240
  endloop
 endfacet
 facet normal -0.27897 -0.18640 0.94203
  outer loop
   vertex -14.6636 -8.4660 81.4815
   vertex -9.0969 -6.9803 83.4240
   vertex -9.9302 -5.7332 83.4240
  endloop
 endfacet
 facet normal -0.16952 -0.11327 0.97900
  outer loop
   vertex -9.9302 -5.7332 83.4240
   vertex -9.0969 -6.9803 83.4240
   vertex -4.5912 -3.5230 84.6042
  endloop
 endfacet
 facet normal -0.16952 -0.11327 0.97900
  outer loop
   vertex -9.9302 -5.7332 83.4240
   vertex -4.5912 -3.5230 84.6042
   vertex -5.0118 -2.8935 84.6042
  endloop
 endfacet
 facet normal -0.05686 -0.03799 0.99766
  outer loop
   vertex -5.0118 -2.8935 84.6042
   vertex -4.5912 -3.5230 84.6042
   vertex -0.0000 -0.0000 85.0000
  endloop
 endfacet
 facet normal 0.00000 0.00000 0.00000
  outer loop
   vertex -5.0118 -2.8935 84.6042
   vertex -0.0000 -0.0000 85.0000
   vertex -0.0000 -0.0000 85.0000
  endloop
 endfacet
 facet normal 0.00000 0.00000 0.00000
  outer loop
   vertex -0.0000 -0.0000 0.0000
   vertex -0.0000 -0.0000 0.0000
   vertex -4.0921 -4.0921 0.3958
  endloop
 endfacet
 facet normal -0.05142 -0.04509 -0.99766
  outer loop
   vertex -0.0000 -0.0000 0.0000
   vertex -4.0921 -4.0921 0.3958
   vertex -4.5912 -3.5230 0.3958
  endloop
 endfacet
 facet normal -0.15328 -0.13442 -0.97900
  outer loop
   vertex -4.5912 -3.5230 0.3958
   vertex -4.0921 -4.0921 0.3958
   vertex -8.1079 -8.1079 1.5760
  endloop
 endfacet
 facet normal -0.15328 -0.13442 -0.97900
  outer loop
   vertex -4.5912 -3.5230 0.3958
   vertex -8.1079 -8.1079 1.5760
   vertex -9.0969 -6.9803 1.5760
  endloop
 endfacet
 facet normal -0.25226 -0.22122 -0.94203
  outer loop
   vertex -9.0969 -6.9803 1.5760
   vertex -8.1079 -8.1079 1.5760
   vertex -11.9728 -11.9728 3.5185
  endloop
 endfacet
 facet normal -0.25226 -0.22122 -0.94203
  outer loop
   vertex -9.0969 -6.9803 1.5760
   vertex -11.9728 -11.9728 3.5185
   vertex -13.4331 -10.3076 3.5185
  endloop
 endfacet
 facet normal -0.34648 -0.30385 -0.88748
  outer loop
   vertex -13.4331 -10.3076 3.5185
   vertex -11.9728 -11.9728 3.5185
   vertex -15.6146 -15.6146 6.1872
  endloop
 endfacet
 facet normal -0.34648 -0.30385 -0.88748
  outer loop
   vertex -13.4331 -10.3076 3.5185
   vertex -15.6146 -15.6146 6.1872
   vertex -17.5191 -13.4429 6.1872
  endloop
 endfacet
 facet normal -0.43419 -0.38078 -0.81639
  outer loop
   vertex -17.5191 -13.4429 6.1872
   vertex -15.6146 -15.6146 6.1872
   vertex -18.9655 -18.9655 9.5323
  endloop
 endfacet
 facet normal -0.43419 -0.38078 -0.81639
  outer loop
   vertex -17.5191 -13.4429 6.1872
   vertex -18.9655 -18.9655 9.5323
   vertex -21.2787 -16.3277 9.5323
  endloop
 endfacet
 facet normal -0.51376 -0.45055 -0.73011
  outer loop
   vertex -21.2787 -16.3277 9.5323
   vertex -18.9655 -18.9655 9.5323
   vertex -21.9631 -21.9631 13.4915
  endloop
 endfacet
 facet normal -0.51376 -0.45055 -0.73011
  outer loop
   vertex -21.2787 -16.3277 9.5323
   vertex -21.9631 -21.9631 13.4915
   vertex -24.6420 -18.9085 13.4915
  endloop
 endfacet
 facet normal -0.58371 -0.51190 -0.63027
  outer loop
   vertex -24.6420 -18.9085 13.4915
   vertex -21.9631 -21.9631 13.4915
   vertex -24.5516 -24.5516 17.9911
  endloop
 endfacet
 facet normal -0.58371 -0.51190 -0.63027
  outer loop
   vertex -24.6420 -18.9085 13.4915
   vertex -24.5516 -24.5516 17.9911
   vertex -27.5462 -21.1369 17.9911
  endloop
 endfacet
 facet normal -0.64276 -0.56368 -0.51877
  outer loop
   vertex -27.5462 -21.1369 17.9911
   vertex -24.5516 -24.5516 17.9911
   vertex -26.6828 -26.6828 22.9472
  endloop
 endfacet
 facet normal -0.64276 -0.56368 -0.51877
  outer loop
   vertex -27.5462 -21.1369 17.9911
   vertex -26.6828 -26.6828 22.9472
   vertex -29.9373 -22.9717 22.9472
  endloop
 endfacet
 facet normal -0.68983 -0.60496 -0.39768
  outer loop
   vertex -29.9373 -22.9717 22.9472
   vertex -26.6828 -26.6828 22.9472
   vertex -28.3169 -28.3169 28.2676
  endloop
 endfacet
 facet normal -0.68983 -0.60496 -0.39768
  outer loop
   vertex -29.9373 -22.9717 22.9472
   vertex -28.3169 -28.3169 28.2676
   vertex -31.7707 -24.3785 28.2676
  endloop
 endfacet
 facet normal -0.72407 -0.63499 -0.26926
  outer loop
   vertex -31.7707 -24.3785 28.2676
   vertex -28.3169 -28.3169 28.2676
   vertex -29.4235 -29.4235 33.8531
  endloop
 endfacet
 facet normal -0.72407 -0.63499 -0.26926
  outer loop
   vertex -31.7707 -24.3785 28.2676
   vertex -29.4235 -29.4235 33.8531
   vertex -33.0123 -25.3312 33.8531
  endloop
 endfacet
 facet normal -0.74487 -0.65323 -0.13588
  outer loop
   vertex -33.0123 -25.3312 33.8531
   vertex -29.4235 -29.4235 33.8531
   vertex -29.9820 -29.9820 39.5997
  endloop
 endfacet
 facet normal -0.74487 -0.65323 -0.13588
  outer loop
   vertex -33.0123 -25.3312 33.8531
   vertex -29.9820 -29.9820 39.5997
   vertex -33.6389 -25.8120 39.5997
  endloop
 endfacet
 facet normal -0.75184 -0.65935 0.00000
  outer loop
   vertex -33.6389 -25.8120 39.5997
   vertex -29.9820 -29.9820 39.5997
   vertex -29.9820 -29.9820 45.4003
  endloop
 endfacet
 facet normal -0.75184 -0.65935 0.00000
  outer loop
   vertex -33.6389 -25.8120 39.5997
   vertex -29.9820 -29.9820 45.4003
   vertex -33.6389 -25.8120 45.4003
  endloop
 endfacet
 facet normal -0.74487 -0.65323 0.13588
  outer loop
   vertex -33.6389 -25.8120 45.4003
   vertex -29.9820 -29.9820 45.4003
   vertex -29.4235 -29.4235 51.1469
  endloop
 endfacet
 facet normal -0.74487 -0.65323 0.13588
  outer loop
   vertex -33.6389 -25.8120 45.4003
   vertex -29.4235 -29.4235 51.1469
   vertex -33.0123 -25.3312 51.1469
  endloop
 endfacet
 facet normal -0.72407 -0.63499 0.26926
  outer loop
   vertex -33.0123 -25.3312 51.1469
   vertex -29.4235 -29.4235 51.1469
   vertex -28.3169 -28.3169 56.7324
  endloop
 endfacet
 facet normal -0.72407 -0.63499 0.26926
  outer loop
   vertex -33.0123 -25.3312 51.1469
   vertex -28.3169 -28.3169 56.7324
   vertex -31.7707 -24.3785 56.7324
  endloop
 endfacet
 facet normal -0.68983 -0.60496 0.39768
  outer loop
   vertex -31.7707 -24.3785 56.7324
   vertex -28.3169 -28.3169 56.7324
   vertex -26.6828 -26.6828 62.0528
  endloop
 endfacet
 facet normal -0.68983 -0.60496 0.39768
  outer loop
   vertex -31.7707 -24.3785 56.7324
   vertex -26.6828 -26.6828 62.0528
   vertex -29.9373 -22.9717 62.0528
  endloop
 endfacet
 facet normal -0.64276 -0.56368 0.51877
  outer loop
   vertex -29.9373 -22.9717 62.0528
   vertex -26.6828 -26.6828 62.0528
   vertex -24.5516 -24.5516 67.0089
  endloop
 endfacet
 facet normal -0.64276 -0.56368 0.51877
  outer loop
   vertex -29.9373 -22.9717 62.0528
   vertex -24.5516 -24.5516 67.0089
   vertex -27.5462 -21.1369 67.0089
  endloop
 endfacet
 facet normal -0.58371 -0.51190 0.63027
  outer loop
   vertex -27.5462 -21.1369 67.0089
   vertex -24.5516 -24.5516 67.0089
   vertex -21.9631 -21.9631 71.5085
  endloop
 endfacet
 facet normal -0.58371 -0.51190 0.63027
  outer loop
   vertex -27.5462 -21.1369 67.0089
   vertex -21.9631 -21.9631 71.5085
   vertex -24.6420 -18.9085 71.5085
  endloop
 endfacet
 facet normal -0.51376 -0.45055 0.73011
  outer loop
   vertex -24.6420 -18.9085 71.5085
   vertex -21.9631 -21.9631 71.5085
   vertex -18.9655 -18.9655 75.4677
  endloop
 endfacet
 facet normal -0.51376 -0.45055 0.73011
  outer loop
   vertex -24.6420 -18.9085 71.5085
   vertex -18.9655 -18.9655 75.4677
   vertex -21.2787 -16.3277 75.4677
  endloop
 endfacet
 facet normal -0.43419 -0.38078 0.81639
  outer loop
   vertex -21.2787 -16.3277 75.4677
   vertex -18.9655 -18.9655 75.4677
   vertex -15.6146 -15.6146 78.8128
  endloop
 endfacet
 facet normal -0.43419 -0.38078 0.81639
  outer loop
   vertex -21.2787 -16.3277 75.4677
   vertex -15.6146 -15.6146 78.8128
   vertex -17.5191 -13.4429 78.8128
  endloop
 endfacet
 facet normal -0.34648 -0.30385 0.88748
  outer loop
   vertex -17.5191 -13.4429 78.8128
   vertex -15.6146 -15.6146 78.8128
   vertex -11.9728 -11.9728 81.4815
  endloop
 endfacet
 facet normal -0.34648 -0.30385 0.88748
  outer loop
   vertex -17.5191 -13.4429 78.8128
   vertex -11.9728 -11.9728 81.4815
   vertex -13.4331 -10.3076 81.4815
  endloop
 endfacet
 facet normal -0.25226 -0.22122 0.94203
  outer loop
   vertex -13.4331 -10.3076 81.4815
   vertex -11.9728 -11.9728 81.4815
   vertex -8.1079 -8.1079 83.4240
  endloop
 endfacet
 facet normal -0.25226 -0.22122 0.94203
  outer loop
   vertex -13.4331 -10.3076 81.4815
   vertex -8.1079 -8.1079 83.4240
   vertex -9.0969 -6.9803 83.4240
  endloop
 endfacet
 facet normal -0.15328 -0.13442 0.97900
  outer loop
   vertex -9.0969 -6.9803 83.4240
   vertex -8.1079 -8.1079 83.4240
   vertex -4.0921 -4.0921 84.6042
  endloop
 endfacet
 facet normal -0.15328 -0.13442 0.97900
  outer loop
   vertex -9.0969 -6.9803 83.4240
   vertex -4.0921 -4.0921 84.6042
   vertex -4.5912 -3.5230 84.6042
  endloop
 endfacet
 facet normal -0.05142 -0.04509 0.99766
  outer loop
   vertex -4.5912 -3.5230 84.6042
   vertex -4.0921 -4.0921 84.6042
   vertex -0.0000 -0.0000 85.0000
  endloop
 endfacet
 facet normal 0.00000 0.00000 0.00000
  outer loop
   vertex -4.5912 -3.5230 84.6042
   vertex -0.0000 -0.0000 85.0000
   vertex -0.0000 -0.0000 85.0000
  endloop
 endfacet
 facet normal 0.00000 0.00000 0.00000
  outer loop
   vertex -0.0000 -0.0000 0.0000
   vertex -0.0000 -0.0000 0.0000
   vertex -3.5230 -4.5912 0.3958
  endloop
 endfacet
 facet normal -0.04509 -0.05142 -0.99766
  outer loop
   vertex -0.0000 -0.0000 0.0000
   vertex -3.5230 -4.5912 0.3958
   vertex -4.0921 -4.0921 0.3958
  endloop
 endfacet
 facet normal -0.13442 -0.15328 -0.97900
  outer loop
   vertex -4.0921 -4.0921 0.3958
   vertex -3.5230 -4.5912 0.3958
   vertex -6.9803 -9.0969 1.5760
  endloop
 endfacet
 facet normal -0.13442 -0.15328 -0.97900
  outer loop
   vertex -4.0921 -4.0921 0.3958
   vertex -6.9803 -9.0969 1.5760
   vertex -8.1079 -8.1079 1.5760
  endloop
 endfacet
 facet normal -0.22122 -0.25226 -0.94203
  outer loop
   vertex -8.1079 -8.1079 1.5760
   vertex -6.9803 -9.0969 1.5760
   vertex -10.3076 -13.4331 3.5185
  endloop
 endfacet
 facet normal -0.22122 -0.25226 -0.94203
  outer loop
   vertex -8.1079 -8.1079 1.5760
   vertex -10.3076 -13.4331 3.5185
   vertex -11.9728 -11.9728 3.5185
  endloop
 endfacet
 facet normal -0.30385 -0.34648 -0.88748
  outer loop
   vertex -11.9728 -11.9728 3.5185
   vertex -10.3076 -13.4331 3.5185
   vertex -13.4429 -17.5191 6.1872
  endloop
 endfacet
 facet normal -0.30385 -0.34648 -0.88748
  outer loop
   vertex -11.9728 -11.9728 3.5185
   vertex -13.4429 -17.5191 6.1872
   vertex -15.6146 -15.6146 6.1872
  endloop
 endfacet
 facet normal -0.38078 -0.43419 -0.81639
  outer loop
   vertex -15.6146 -15.6146 6.1872
   vertex -13.4429 -17.5191 6.1872
   vertex -16.3277 -21.2787 9.5323
  endloop
 endfacet
 facet normal -0.38078 -0.43419 -0.81639
  outer loop
   vertex -15.6146 -15.6146 6.1872
   vertex -16.3277 -21.2787 9.5323
   vertex -18.9655 -18.9655 9.5323
  endloop
 endfacet
 facet normal -0.45055 -0.51376 -0.73011
  outer loop
   vertex -18.9655 -18.9655 9.5323
   vertex -16.3277 -21.2787 9.5323
   vertex -18.9085 -24.6420 13.4915
  endloop
 endfacet
 facet normal -0.45055 -0.51376 -0.73011
  outer loop
   vertex -18.9655 -18.9655 9.5323
   vertex -18.9085 -24.6420 13.4915
   vertex -21.9631 -21.9631 13.4915
  endloop
 endfacet
 facet normal -0.51190 -0.58371 -0.63027
  outer loop
   vertex -21.9631 -21.9631 13.4915
   vertex -18.9085 -24.6420 13.4915
   vertex -21.1369 -27.5462 17.9911
  endloop
 endfacet
 facet normal -0.51190 -0.58371 -0.63027
  outer loop
   vertex -21.9631 -21.9631 13.4915
   vertex -21.1369 -27.5462 17.9911
   vertex -24.5516 -24.5516 17.9911
  endloop
 endfacet
 facet normal -0.56368 -0.64276 -0.51877
  outer loop
   vertex -24.5516 -24.5516 17.9911
   vertex -21.1369 -27.5462 17.9911
   vertex -22.9717 -29.9373 22.9472
  endloop
 endfacet
 facet normal -0.56368 -0.64276 -0.51877
  outer loop
   vertex -24.5516 -24.5516 17.9911
   vertex -22.9717 -29.9373 22.9472
   vertex -26.6828 -26.6828 22.9472
  endloop
 endfacet
 facet normal -0.60496 -0.68983 -0.39768
  outer loop
   vertex -26.6828 -26.6828 22.9472
   vertex -22.9717 -29.9373 22.9472
   vertex -24.3785 -31.7707 28.2676
  endloop
 endfacet
 facet normal -0.60496 -0.68983 -0.39768
  outer loop
   vertex -26.6828 -26.6828 22.9472
   vertex -24.3785 -31.7707 28.2676
   vertex -28.3169 -28.3169 28.2676
  endloop
 endfacet
 facet normal -0.63499 -0.72407 -0.26926
  outer loop
   vertex -28.3169 -28.3169 28.2676
   vertex -24.3785 -31.7707 28.2676
   vertex -25.3312 -33.0123 33.8531
  endloop
 endfacet
 facet normal -0.63499 -0.72407 -0.26926
  outer loop
   vertex -28.3169 -28.3169 28.2676
   vertex -25.3312 -33.0123 33.8531
   vertex -29.4235 -29.4235 33.8531
  endloop
 endfacet
 facet normal -0.65323 -0.74487 -0.13588
  outer loop
   vertex -29.4235 -29.4235 33.8531
   vertex -25.3312 -33.0123 33.8531
   vertex -25.8120 -33.6389 39.5997
  endloop
 endfacet
 facet normal -0.65323 -0.74487 -0.13588
  outer loop
   vertex -29.4235 -29.4235 33.8531
   vertex -25.8120 -33.6389 39.5997
   vertex -29.9820 -29.9820 39.5997
  endloop
 endfacet
 facet normal -0.65935 -0.75184 0.00000
  outer loop
   vertex -29.9820 -29.9820 39.5997
   vertex -25.8120 -33.6389 39.5997
   vertex -25.8120 -33.6389 45.4003
  endloop
 endfacet
 facet normal -0.65935 -0.75184 0.00000
  outer loop
   vertex -29.9820 -29.9820 39.5997
   vertex -25.8120 -33.6389 45.4003
   vertex -29.9820 -29.9820 45.4003
  endloop
 endfacet
 facet normal -0.65323 -0.74487 0.13588
  outer loop
   vertex -29.9820 -29.9820 45.4003
   vertex -25.8120 -33.6389 45.4003
   vertex -25.3312 -33.0123 51.1469
  endloop
 endfacet
 facet normal -0.65323 -0.74487 0.13588
  outer loop
   vertex -29.9820 -29.9820 45.4003
   vertex -25.3312 -33.0123 51.1469
   vertex -29.4235 -29.4235 51.1469
  endloop
 endfacet
 facet normal -0.63499 -0.72407 0.26926
  outer loop
   vertex -29.4235 -29.4235 51.1469
   vertex -25.3312 -33.0123 51.1469
   vertex -24.3785 -31.7707 56.7324
  endloop
 endfacet
 facet normal -0.63499 -0.72407 0.26926
  outer loop
   vertex -29.4235 -29.4235 51.1469
   vertex -24.3785 -31.7707 56.7324
   vertex -28.3169 -28.3169 56.7324
  endloop
 endfacet
 facet normal -0.60496 -0.68983 0.39768
  outer loop
   vertex -28.3169 -28.3169 56.7324
   vertex -24.3785 -31.7707 56.7324
   vertex -22.9717 -29.9373 62.0528
  endloop
 endfacet
 facet normal -0.60496 -0.68983 0.39768
  outer loop
   vertex -28.3169 -28.3169 56.7324
   vertex -22.9717 -29.9373 62.0528
   vertex -26.6828 -26.6828 62.0528
  endloop
 endfacet
 facet normal -0.56368 -0.64276 0.51877
  outer loop
   vertex -26.6828 -26.6828 62.0528
   vertex -22.9717 -29.9373 62.0528
   vertex -21.1369 -27.5462 67.0089
  endloop
 endfacet
 facet normal -0.56368 -0.64276 0.51877
  outer loop
   vertex -26.6828 -26.6828 62.0528
   vertex -21.1369 -27.5462 67.0089
   vertex -24.5516 -24.5516 67.0089
  endloop
 endfacet
 facet normal -0.51190 -0.58371 0.63027
  outer loop
   vertex -24.5516 -24.5516 67.0089
   vertex -21.1369 -27.5462 67.0089
   vertex -18.9085 -24.6420 71.5085
  endloop
 endfacet
 facet normal -0.51190 -0.58371 0.63027
  outer loop
   vertex -24.5516 -24.5516 67.0089
   vertex -18.9085 -24.6420 71.5085
   vertex -21.9631 -21.9631 71.5085
  endloop
 endfacet
 facet normal -0.45055 -0.51376 0.73011
  outer loop
   vertex -21.9631 -21.9631 71.5085
   vertex -18.9085 -24.6420 71.5085
   vertex -16.3277 -21.2787 75.4677
  endloop
 endfacet
 facet normal -0.45055 -0.51376 0.73011
  outer loop
   vertex -21.9631 -21.9631 71.5085
   vertex -16.3277 -21.2787 75.4677
   vertex -18.9655 -18.9655 75.4677
  endloop
 endfacet
 facet normal -0.38078 -0.43419 0.81639
  outer loop
   vertex -18.9655 -18.9655 75.4677
   vertex -16.3277 -21.2787 75.4677
   vertex -13.4429 -17.5191 78.8128
  endloop
 endfacet
 facet normal -0.38078 -0.43419 0.81639
  outer loop
   vertex -18.9655 -18.9655 75.4677
   vertex -13.4429 -17.5191 78.8128
   vertex -15.6146 -15.6146 78.8128
  endloop
 endfacet
 facet normal -0.30385 -0.34648 0.88748
  outer loop
   vertex -15.6146 -15.6146 78.8128
   vertex -13.4429 -17.5191 78.8128
   vertex -10.3076 -13.4331 81.4815
  endloop
 endfacet
 facet normal -0.30385 -0.34648 0.88748
  outer loop
   vertex -15.6146 -15.6146 78.8128
   vertex -10.3076 -13.4331 81.4815
   vertex -11.9728 -11.9728 81.4815
  endloop
 endfacet
 facet normal -0.22122 -0.25226 0.94203
  outer loop
   vertex -11.9728 -11.9728 81.4815
   vertex -10.3076 -13.4331 81.4815
   vertex -6.9803 -9.0969 83.4240
  endloop
 endfacet
 facet normal -0.22122 -0.25226 0.94203
  outer loop
   vertex -11.9728 -11.9728 81.4815
   vertex -6.9803 -9.0969 83.4240
   vertex -8.1079 -8.1079 83.4240
  endloop
 endfacet
 facet normal -0.13442 -0.15328 0.97900
  outer loop
   vertex -8.1079 -8.1079 83.4240
   vertex -6.9803 -9.0969 83.4240
   vertex -3.5230 -4.5912 84.6042
  endloop
 endfacet
 facet normal -0.13442 -0.15328 0.97900
  outer loop
   vertex -8.1079 -8.1079 83.4240
   vertex -3.5230 -4.5912 84.6042
   vertex -4.0921 -4.0921 84.6042
  endloop
 endfacet
 facet normal -0.04509 -0.05142 0.99766
  outer loop
   vertex -4.0921 -4.0921 84.6042
   vertex -3.5230 -4.5912 84.6042
   vertex -0.0000 -0.0000 85.0000
  endloop
 endfacet
 facet normal 0.00000 0.00000 0.00000
  outer loop
   vertex -4.0921 -4.0921 84.6042
   vertex -0.0000 -0.0000 85.0000
   vertex -0.0000 -0.0000 85.0000
  endloop
 endfacet
 facet normal 0.00000 0.00000 0.00000
  outer loop
   vertex -0.0000 -0.0000 0.0000
   vertex -0.0000 -0.0000 0.0000
   vertex -2.8935 -5.0118 0.3958
  endloop
 endfacet
 facet normal -0.03799 -0.05686 -0.99766
  outer loop
   vertex -0.0000 -0.0000 0.0000
   vertex -2.8935 -5.0118 0.3958
   vertex -3.5230 -4.5912 0.3958
  endloop
 endfacet
 facet normal -0.11327 -0.16952 -0.97900
  outer loop
   vertex -3.5230 -4.5912 0.3958
   vertex -2.8935 -5.0118 0.3958
   vertex -5.7332 -9.9302 1.5760
  endloop
 endfacet
 facet normal -0.11327 -0.16952 -0.97900
  outer loop
   vertex -3.5230 -4.5912 0.3958
   vertex -5.7332 -9.9302 1.5760
   vertex -6.9803 -9.0969 1.5760
  endloop
 endfacet
 facet normal -0.18640 -0.27897 -0.94203
  outer loop
   vertex -6.9803 -9.0969 1.5760
   vertex -5.7332 -9.9302 1.5760
   vertex -8.4660 -14.6636 3.5185
  endloop
 endfacet
 facet normal -0.18640 -0.27897 -0.94203
  outer loop
   vertex -6.9803 -9.0969 1.5760
   vertex -8.4660 -14.6636 3.5185
   vertex -10.3076 -13.4331 3.5185
  endloop
 endfacet
 facet normal -0.25603 -0.38318 -0.88748
  outer loop
   vertex -10.3076 -13.4331 3.5185
   vertex -8.4660 -14.6636 3.5185
   vertex -11.0412 -19.1238 6.1872
  endloop
 endfacet
 facet normal -0.25603 -0.38318 -0.88748
  outer loop
   vertex -10.3076 -13.4331 3.5185
   vertex -11.0412 -19.1238 6.1872
   vertex -13.4429 -17.5191 6.1872
  endloop
 endfacet
 facet normal -0.32084 -0.48018 -0.81639
  outer loop
   vertex -13.4429 -17.5191 6.1872
   vertex -11.0412 -19.1238 6.1872
   vertex -13.4106 -23.2279 9.5323
  endloop
 endfacet
 facet normal -0.32084 -0.48018 -0.81639
  outer loop
   vertex -13.4429 -17.5191 6.1872
   vertex -13.4106 -23.2279 9.5323
   vertex -16.3277 -21.2787 9.5323
  endloop
 endfacet
 facet normal -0.37964 -0.56817 -0.73011
  outer loop
   vertex -16.3277 -21.2787 9.5323
   vertex -13.4106 -23.2279 9.5323
   vertex -15.5303 -26.8992 13.4915
  endloop
 endfacet
 facet normal -0.37964 -0.56817 -0.73011
  outer loop
   vertex -16.3277 -21.2787 9.5323
   vertex -15.5303 -26.8992 13.4915
   vertex -18.9085 -24.6420 13.4915
  endloop
 endfacet
 facet normal -0.43133 -0.64553 -0.63027
  outer loop
   vertex -18.9085 -24.6420 13.4915
   vertex -15.5303 -26.8992 13.4915
   vertex -17.3606 -30.0695 17.9911
  endloop
 endfacet
 facet normal -0.43133 -0.64553 -0.63027
  outer loop
   vertex -18.9085 -24.6420 13.4915
   vertex -17.3606 -30.0695 17.9911
   vertex -21.1369 -27.5462 17.9911
  endloop
 endfacet
 facet normal -0.47496 -0.71083 -0.51877
  outer loop
   vertex -21.1369 -27.5462 17.9911
   vertex -17.3606 -30.0695 17.9911
   vertex -18.8676 -32.6796 22.9472
  endloop
 endfacet
 facet normal -0.47496 -0.71083 -0.51877
  outer loop
   vertex -21.1369 -27.5462 17.9911
   vertex -18.8676 -32.6796 22.9472
   vertex -22.9717 -29.9373 22.9472
  endloop
 endfacet
 facet normal -0.50975 -0.76289 -0.39768
  outer loop
   vertex -22.9717 -29.9373 22.9472
   vertex -18.8676 -32.6796 22.9472
   vertex -20.0230 -34.6809 28.2676
  endloop
 endfacet
 facet normal -0.50975 -0.76289 -0.39768
  outer loop
   vertex -22.9717 -29.9373 22.9472
   vertex -20.0230 -34.6809 28.2676
   vertex -24.3785 -31.7707 28.2676
  endloop
 endfacet
 facet normal -0.53505 -0.80076 -0.26926
  outer loop
   vertex -24.3785 -31.7707 28.2676
   vertex -20.0230 -34.6809 28.2676
   vertex -20.8055 -36.0362 33.8531
  endloop
 endfacet
 facet normal -0.53505 -0.80076 -0.26926
  outer loop
   vertex -24.3785 -31.7707 28.2676
   vertex -20.8055 -36.0362 33.8531
   vertex -25.3312 -33.0123 33.8531
  endloop
 endfacet
 facet normal -0.55042 -0.82376 -0.13588
  outer loop
   vertex -25.3312 -33.0123 33.8531
   vertex -20.8055 -36.0362 33.8531
   vertex -21.2005 -36.7203 39.5997
  endloop
 endfacet
 facet normal -0.55042 -0.82376 -0.13588
  outer loop
   vertex -25.3312 -33.0123 33.8531
   vertex -21.2005 -36.7203 39.5997
   vertex -25.8120 -33.6389 39.5997
  endloop
 endfacet
 facet normal -0.55557 -0.83147 0.00000
  outer loop
   vertex -25.8120 -33.6389 39.5997
   vertex -21.2005 -36.7203 39.5997
   vertex -21.2005 -36.7203 45.4003
  endloop
 endfacet
 facet normal -0.55557 -0.83147 0.00000
  outer loop
   vertex -25.8120 -33.6389 39.5997
   vertex -21.2005 -36.7203 45.4003
   vertex -25.8120 -33.6389 45.4003
  endloop
 endfacet
 facet normal -0.55042 -0.82376 0.13588
  outer loop
   vertex -25.8120 -33.6389 45.4003
   vertex -21.2005 -36.7203 45.4003
   vertex -20.8055 -36.0362 51.1469
  endloop
 endfacet
 facet normal -0.55042 -0.82376 0.13588
  outer loop
   vertex -25.8120 -33.6389 45.4003
   vertex -20.8055 -36.0362 51.1469
   vertex -25.3312 -33.0123 51.1469
  endloop
 endfacet
 facet normal -0.53505 -0.80076 0.26926
  outer loop
   vertex -25.3312 -33.0123 51.1469
   vertex -20.8055 -36.0362 51.1469
   vertex -20.0230 -34.6809 56.7324
  endloop
 endfacet
 facet normal -0.53505 -0.80076 0.26926
  outer loop
   vertex -25.3312 -33.0123 51.1469
   vertex -20.0230 -34.6809 56.7324
   vertex -24.3785 -31.7707 56.7324
  endloop
 endfacet
 facet normal -0.50975 -0.76289 0.39768
  outer loop
   vertex -24.3785 -31.7707 56.7324
   vertex -20.0230 -34.6809 56.7324
   vertex -18.8676 -32.6796 62.0528
  endloop
 endfacet
 facet normal -0.50975 -0.76289 0.39768
  outer loop
   vertex -24.3785 -31.7707 56.7324
   vertex -18.8676 -32.6796 62.0528
   vertex -22.9717 -29.9373 62.0528
  endloop
 endfacet
 facet normal -0.47496 -0.71083 0.51877
  outer loop
   vertex -22.9717 -29.9373 62.0528
   vertex -18.8676 -32.6796 62.0528
   vertex -17.3606 -30.0695 67.0089
  endloop
 endfacet
 facet normal -0.47496 -0.71083 0.51877
  outer loop
   vertex -22.9717 -29.9373 62.0528
   vertex -17.3606 -30.0695 67.0089
   vertex -21.1369 -27.5462 67.0089
  endloop
 endfacet
 facet normal -0.43133 -0.64553 0.63027
  outer loop
   vertex -21.1369 -27.5462 67.0089
   vertex -17.3606 -30.0695 67.0089
   vertex -15.5303 -26.8992 71.5085
  endloop
 endfacet
 facet normal -0.43133 -0.64553 0.63027
  outer loop
   vertex -21.1369 -27.5462 67.0089
   vertex -15.5303 -26.8992 71.5085
   vertex -18.9085 -24.6420 71.5085
  endloop
 endfacet
 facet normal -0.37964 -0.56817 0.73011
  outer loop
   vertex -18.9085 -24.6420 71.5085
   vertex -15.5303 -26.8992 71.5085
   vertex -13.4106 -23.2279 75.4677
  endloop
 endfacet
 facet normal -0.37964 -0.56817 0.73011
  outer loop
   vertex -18.9085 -24.6420 71.5085
   vertex -13.4106 -23.2279 75.4677
   vertex -16.3277 -21.2787 75.4677
  endloop
 endfacet
 facet normal -0.32084 -0.48018 0.81639
  outer loop
   vertex -16.3277 -21.2787 75.4677
   vertex -13.4106 -23.2279 75.4677
   vertex -11.0412 -19.1238 78.8128
  endloop
 endfacet
 facet normal -0.32084 -0.48018 0.81639
  outer loop
   vertex -16.3277 -21.2787 75.4677
   vertex -11.0412 -19.1238 78.8128
   vertex -13.4429 -17.5191 78.8128
  endloop
 endfacet
 facet normal -0.25603 -0.38318 0.88748
  outer loop
   vertex -13.4429 -17.5191 78.8128
   vertex -11.0412 -19.1238 78.8128
   vertex -8.4660 -14.6636 81.4815
  endloop
 endfacet
 facet normal -0.25603 -0.38318 0.88748
  outer loop
   vertex -13.4429 -17.5191 78.8128
   vertex -8.4660 -14.6636 81.4815
   vertex -10.3076 -13.4331 81.4815
  endloop
 endfacet
 facet normal -0.18640 -0.27897 0.94203
  outer loop
   vertex -10.3076 -13.4331 81.4815
   vertex -8.4660 -14.6636 81.4815
   vertex -5.7332 -9.9302 83.4240
  endloop
 endfacet
 facet normal -0.18640 -0.27897 0.94203
  outer loop
   vertex -10.3076 -13.4331 81.4815
   vertex -5.7332 -9.9302 83.4240
   vertex -6.9803 -9.0969 83.4240
  endloop
 endfacet
 facet normal -0.11327 -0.16952 0.97900
  outer loop
   vertex -6.9803 -9.0969 83.4240
   vertex -5.7332 -9.9302 83.4240
   vertex -2.8935 -5.0118 84.6042
  endloop
 endfacet
 facet normal -0.11327 -0.16952 0.97900
  outer loop
   vertex -6.9803 -9.0969 83.4240
   vertex -2.8935 -5.0118 84.6042
   vertex -3.5230 -4.5912 84.6042
  endloop
 endfacet
 facet normal -0.03799 -0.05686 0.99766
  outer loop
   vertex -3.5230 -4.5912 84.6042
   vertex -2.8935 -5.0118 84.6042
   vertex -0.0000 -0.0000 85.0000
  endloop
 endfacet
 facet normal 0.00000 0.00000 0.00000
  outer loop
   vertex -3.5230 -4.5912 84.6042
   vertex -0.0000 -0.0000 85.0000
   vertex -0.0000 -0.0000 85.0000
  endloop
 endfacet
 facet normal 0.00000 0.00000 0.00000
  outer loop
   vertex -0.0000 -0.0000 0.0000
   vertex -0.0000 -0.0000 0.0000
   vertex -2.2146 -5.3466 0.3958
  endloop
 endfacet
 facet normal -0.03025 -0.06134 -0.99766
  outer loop
   vertex -0.0000 -0.0000 0.0000
   vertex -2.2146 -5.3466 0.3958
   vertex -2.8935 -5.0118 0.3958
  endloop
 endfacet
 facet normal -0.09017 -0.18285 -0.97900
  outer loop
   vertex -2.8935 -5.0118 0.3958
   vertex -2.2146 -5.3466 0.3958
   vertex -4.3880 -10.5935 1.5760
  endloop
 endfacet
 facet normal -0.09017 -0.18285 -0.97900
  outer loop
   vertex -2.8935 -5.0118 0.3958
   vertex -4.3880 -10.5935 1.5760
   vertex -5.7332 -9.9302 1.5760
  endloop
 endfacet
 facet normal -0.14840 -0.30092 -0.94203
  outer loop
   vertex -5.7332 -9.9302 1.5760
   vertex -4.3880 -10.5935 1.5760
   vertex -6.4796 -15.6432 3.5185
  endloop
 endfacet
 facet normal -0.14840 -0.30092 -0.94203
  outer loop
   vertex -5.7332 -9.9302 1.5760
   vertex -6.4796 -15.6432 3.5185
   vertex -8.4660 -14.6636 3.5185
  endloop
 endfacet
 facet normal -0.20383 -0.41332 -0.88748
  outer loop
   vertex -8.4660 -14.6636 3.5185
   vertex -6.4796 -15.6432 3.5185
   vertex -8.4505 -20.4014 6.1872
  endloop
 endfacet
 facet normal -0.20383 -0.41332 -0.88748
  outer loop
   vertex -8.4660 -14.6636 3.5185
   vertex -8.4505 -20.4014 6.1872
   vertex -11.0412 -19.1238 6.1872
  endloop
 endfacet
 facet normal -0.25542 -0.51795 -0.81639
  outer loop
   vertex -11.0412 -19.1238 6.1872
   vertex -8.4505 -20.4014 6.1872
   vertex -10.2640 -24.7796 9.5323
  endloop
 endfacet
 facet normal -0.25542 -0.51795 -0.81639
  outer loop
   vertex -11.0412 -19.1238 6.1872
   vertex -10.2640 -24.7796 9.5323
   vertex -13.4106 -23.2279 9.5323
  endloop
 endfacet
 facet normal -0.30223 -0.61286 -0.73011
  outer loop
   vertex -13.4106 -23.2279 9.5323
   vertex -10.2640 -24.7796 9.5323
   vertex -11.8863 -28.6962 13.4915
  endloop
 endfacet
 facet normal -0.30223 -0.61286 -0.73011
  outer loop
   vertex -13.4106 -23.2279 9.5323
   vertex -11.8863 -28.6962 13.4915
   vertex -15.5303 -26.8992 13.4915
  endloop
 endfacet
 facet normal -0.34338 -0.69631 -0.63027
  outer loop
   vertex -15.5303 -26.8992 13.4915
   vertex -11.8863 -28.6962 13.4915
   vertex -13.2872 -32.0782 17.9911
  endloop
 endfacet
 facet normal -0.34338 -0.69631 -0.63027
  outer loop
   vertex -15.5303 -26.8992 13.4915
   vertex -13.2872 -32.0782 17.9911
   vertex -17.3606 -30.0695 17.9911
  endloop
 endfacet
 facet normal -0.37812 -0.76675 -0.51877
  outer loop
   vertex -17.3606 -30.0695 17.9911
   vertex -13.2872 -32.0782 17.9911
   vertex -14.4406 -34.8627 22.9472
  endloop
 endfacet
 facet normal -0.37812 -0.76675 -0.51877
  outer loop
   vertex -17.3606 -30.0695 17.9911
   vertex -14.4406 -34.8627 22.9472
   vertex -18.8676 -32.6796 22.9472
  endloop
 endfacet
 facet normal -0.40581 -0.82290 -0.39768
  outer loop
   vertex -18.8676 -32.6796 22.9472
   vertex -14.4406 -34.8627 22.9472
   vertex -15.3250 -36.9978 28.2676
  endloop
 endfacet
 facet normal -0.40581 -0.82290 -0.39768
  outer loop
   vertex -18.8676 -32.6796 22.9472
   vertex -15.3250 -36.9978 28.2676
   vertex -20.0230 -34.6809 28.2676
  endloop
 endfacet
 facet normal -0.42595 -0.86375 -0.26926
  outer loop
   vertex -20.0230 -34.6809 28.2676
   vertex -15.3250 -36.9978 28.2676
   vertex -15.9239 -38.4436 33.8531
  endloop
 endfacet
 facet normal -0.42595 -0.86375 -0.26926
  outer loop
   vertex -20.0230 -34.6809 28.2676
   vertex -15.9239 -38.4436 33.8531
   vertex -20.8055 -36.0362 33.8531
  endloop
 endfacet
 facet normal -0.43819 -0.88855 -0.13588
  outer loop
   vertex -20.8055 -36.0362 33.8531
   vertex -15.9239 -38.4436 33.8531
   vertex -16.2261 -39.1733 39.5997
  endloop
 endfacet
 facet normal -0.43819 -0.88855 -0.13588
  outer loop
   vertex -20.8055 -36.0362 33.8531
   vertex -16.2261 -39.1733 39.5997
   vertex -21.2005 -36.7203 39.5997
  endloop
 endfacet
 facet normal -0.44229 -0.89687 0.00000
  outer loop
   vertex -21.2005 -36.7203 39.5997
   vertex -16.2261 -39.1733 39.5997
   vertex -16.2261 -39.1733 45.4003
  endloop
 endfacet
 facet normal -0.44229 -0.89687 0.00000
  outer loop
   vertex -21.2005 -36.7203 39.5997
   vertex -16.2261 -39.1733 45.4003
   vertex -21.2005 -36.7203 45.4003
  endloop
 endfacet
 facet normal -0.43819 -0.88855 0.13588
  outer loop
   vertex -21.2005 -36.7203 45.4003
   vertex -16.2261 -39.1733 45.4003
   vertex -15.9239 -38.4436 51.1469
  endloop
 endfacet
 facet normal -0.43819 -0.88855 0.13588
  outer loop
   vertex -21.2005 -36.7203 45.4003
   vertex -15.9239 -38.4436 51.1469
   vertex -20.8055 -36.0362 51.1469
  endloop
 endfacet
 facet normal -0.42595 -0.86375 0.26926
  outer loop
   vertex -20.8055 -36.0362 51.1469
   vertex -15.9239 -38.4436 51.1469
   vertex -15.3250 -36.9978 56.7324
  endloop
 endfacet
 facet normal -0.42595 -0.86375 0.26926
  outer loop
   vertex -20.8055 -36.0362 51.1469
   vertex -15.3250 -36.9978 56.7324
   vertex -20.0230 -34.6809 56.7324
  endloop
 endfacet
 facet normal -0.40581 -0.82290 0.39768
  outer loop
   vertex -20.0230 -34.6809 56.7324
   vertex -15.3250 -36.9978 56.7324
   vertex -14.4406 -34.8627 62.0528
  endloop
 endfacet
 facet normal -0.40581 -0.82290 0.39768
  outer loop
   vertex -20.0230 -34.6809 56.7324
   vertex -14.4406 -34.8627 62.0528
   vertex -18.8676 -32.6796 62.0528
  endloop
 endfacet
 facet normal -0.37812 -0.76675 0.51877
  outer loop
   vertex -18.8676 -32.6796 62.0528
   vertex -14.4406 -34.8627 62.0528
   vertex -13.2872 -32.0782 67.0089
  endloop
 endfacet
 facet normal -0.37812 -0.76675 0.51877
  outer loop
   vertex -18.8676 -32.6796 62.0528
   vertex -13.2872 -32.0782 67.0089
   vertex -17.3606 -30.0695 67.0089
  endloop
 endfacet
 facet normal -0.34338 -0.69631 0.63027
  outer loop
   vertex -17.3606 -30.0695 67.0089
   vertex -13.2872 -32.0782 67.0089
   vertex -11.8863 -28.6962 71.5085
  endloop
 endfacet
 facet normal -0.34338 -0.69631 0.63027
  outer loop
   vertex -17.3606 -30.0695 67.0089
   vertex -11.8863 -28.6962 71.5085
   vertex -15.5303 -26.8992 71.5085
  endloop
 endfacet
 facet normal -0.30223 -0.61286 0.73011
  outer loop
   vertex -15.5303 -26.8992 71.5085
   vertex -11.8863 -28.6962 71.5085
   vertex -10.2640 -24.7796 75.4677
  endloop
 endfacet
 facet normal -0.30223 -0.61286 0.73011
  outer loop
   vertex -15.5303 -26.8992 71.5085
   vertex -10.2640 -24.7796 75.4677
   vertex -13.4106 -23.2279 75.4677
  endloop
 endfacet
 facet normal -0.25542 -0.51795 0.81639
  outer loop
   vertex -13.4106 -23.2279 75.4677
   vertex -10.2640 -24.7796 75.4677
   vertex -8.4505 -20.4014 78.8128
  endloop
 endfacet
 facet normal -0.25542 -0.51795 0.81639
  outer loop
   vertex -13.4106 -23.2279 75.4677
   vertex -8.4505 -20.4014 78.8128
   vertex -11.0412 -19.1238 78.8128
  endloop
 endfacet
 facet normal -0.20383 -0.41332 0.88748
  outer loop
   vertex -11.0412 -19.1238 78.8128
   vertex -8.4505 -20.4014 78.8128
   vertex -6.4796 -15.6432 81.4815
  endloop
 endfacet
 facet normal -0.20383 -0.41332 0.88748
  outer loop
   vertex -11.0412 -19.1238 78.8128
   vertex -6.4796 -15.6432 81.4815
   vertex -8.4660 -14.6636 81.4815
  endloop
 endfacet
 facet normal -0.14840 -0.30092 0.94203
  outer loop
   vertex -8.4660 -14.6636 81.4815
   vertex -6.4796 -15.6432 81.4815
   vertex -4.3880 -10.5935 83.4240
  endloop
 endfacet
 facet normal -0.14840 -0.30092 0.94203
  outer loop
   vertex -8.4660 -14.6636 81.4815
   vertex -4.3880 -10.5935 83.4240
   vertex -5.7332 -9.9302 83.4240
  endloop
 endfacet
 facet normal -0.09017 -0.18285 0.97900
  outer loop
   vertex -5.7332 -9.9302 83.4240
   vertex -4.3880 -10.5935 83.4240
   vertex -2.2146 -5.3466 84.6042
  endloop
 endfacet
 facet normal -0.09017 -0.18285 0.97900
  outer loop
   vertex -5.7332 -9.9302 83.4240
   vertex -2.2146 -5.3466 84.6042
   vertex -2.8935 -5.0118 84.6042
  endloop
 endfacet
 facet normal -0.03025 -0.06134 0.99766
  outer loop
   vertex -2.8935 -5.0118 84.6042
   vertex -2.2146 -5.3466 84.6042
   vertex -0.0000 -0.0000 85.0000
  endloop
 endfacet
 facet normal 0.00000 0.00000 0.00000
  outer loop
   vertex -2.8935 -5.0118 84.6042
   vertex -0.0000 -0.0000 85.0000
   vertex -0.0000 -0.0000 85.0000
  endloop
 endfacet
 facet normal 0.00000 0.00000 0.00000
  outer loop
   vertex -0.0000 -0.0000 0.0000
   vertex -0.0000 -0.0000 0.0000
   vertex -1.4978 -5.5899 0.3958
  endloop
 endfacet
 facet normal -0.02198 -0.06476 -0.99766
  outer loop
   vertex -0.0000 -0.0000 0.0000
   vertex -1.4978 -5.5899 0.3958
   vertex -2.2146 -5.3466 0.3958
  endloop
 endfacet
 facet normal -0.06553 -0.19305 -0.97900
  outer loop
   vertex -2.2146 -5.3466 0.3958
   vertex -1.4978 -5.5899 0.3958
   vertex -2.9677 -11.0757 1.5760
  endloop
 endfacet
 facet normal -0.06553 -0.19305 -0.97900
  outer loop
   vertex -2.2146 -5.3466 0.3958
   vertex -2.9677 -11.0757 1.5760
   vertex -4.3880 -10.5935 1.5760
  endloop
 endfacet
 facet normal -0.10785 -0.31771 -0.94203
  outer loop
   vertex -4.3880 -10.5935 1.5760
   vertex -2.9677 -11.0757 1.5760
   vertex -4.3823 -16.3551 3.5185
  endloop
 endfacet
 facet normal -0.10785 -0.31771 -0.94203
  outer loop
   vertex -4.3880 -10.5935 1.5760
   vertex -4.3823 -16.3551 3.5185
   vertex -6.4796 -15.6432 3.5185
  endloop
 endfacet
 facet normal -0.14813 -0.43639 -0.88748
  outer loop
   vertex -6.4796 -15.6432 3.5185
   vertex -4.3823 -16.3551 3.5185
   vertex -5.7153 -21.3299 6.1872
  endloop
 endfacet
 facet normal -0.14813 -0.43639 -0.88748
  outer loop
   vertex -6.4796 -15.6432 3.5185
   vertex -5.7153 -21.3299 6.1872
   vertex -8.4505 -20.4014 6.1872
  endloop
 endfacet
 facet normal -0.18563 -0.54686 -0.81639
  outer loop
   vertex -8.4505 -20.4014 6.1872
   vertex -5.7153 -21.3299 6.1872
   vertex -6.9418 -25.9073 9.5323
  endloop
 endfacet
 facet normal -0.18563 -0.54686 -0.81639
  outer loop
   vertex -8.4505 -20.4014 6.1872
   vertex -6.9418 -25.9073 9.5323
   vertex -10.2640 -24.7796 9.5323
  endloop
 endfacet
 facet normal -0.21965 -0.64707 -0.73011
  outer loop
   vertex -10.2640 -24.7796 9.5323
   vertex -6.9418 -25.9073 9.5323
   vertex -8.0391 -30.0022 13.4915
  endloop
 endfacet
 facet normal -0.21965 -0.64707 -0.73011
  outer loop
   vertex -10.2640 -24.7796 9.5323
   vertex -8.0391 -30.0022 13.4915
   vertex -11.8863 -28.6962 13.4915
  endloop
 endfacet
 facet normal -0.24956 -0.73517 -0.63027
  outer loop
   vertex -11.8863 -28.6962 13.4915
   vertex -8.0391 -30.0022 13.4915
   vertex -8.9865 -33.5381 17.9911
  endloop
 endfacet
 facet normal -0.24956 -0.73517 -0.63027
  outer loop
   vertex -11.8863 -28.6962 13.4915
   vertex -8.9865 -33.5381 17.9911
   vertex -13.2872 -32.0782 17.9911
  endloop
 endfacet
 facet normal -0.27480 -0.80954 -0.51877
  outer loop
   vertex -13.2872 -32.0782 17.9911
   vertex -8.9865 -33.5381 17.9911
   vertex -9.7666 -36.4493 22.9472
  endloop
 endfacet
 facet normal -0.27480 -0.80954 -0.51877
  outer loop
   vertex -13.2872 -32.0782 17.9911
   vertex -9.7666 -36.4493 22.9472
   vertex -14.4406 -34.8627 22.9472
  endloop
 endfacet
 facet normal -0.29493 -0.86883 -0.39768
  outer loop
   vertex -14.4406 -34.8627 22.9472
   vertex -9.7666 -36.4493 22.9472
   vertex -10.3647 -38.6816 28.2676
  endloop
 endfacet
 facet normal -0.29493 -0.86883 -0.39768
  outer loop
   vertex -14.4406 -34.8627 22.9472
   vertex -10.3647 -38.6816 28.2676
   vertex -15.3250 -36.9978 28.2676
  endloop
 endfacet
 facet normal -0.30957 -0.91196 -0.26926
  outer loop
   vertex -15.3250 -36.9978 28.2676
   vertex -10.3647 -38.6816 28.2676
   vertex -10.7697 -40.1932 33.8531
  endloop
 endfacet
 facet normal -0.30957 -0.91196 -0.26926
  outer loop
   vertex -15.3250 -36.9978 28.2676
   vertex -10.7697 -40.1932 33.8531
   vertex -15.9239 -38.4436 33.8531
  endloop
 endfacet
 facet normal -0.31846 -0.93815 -0.13588
  outer loop
   vertex -15.9239 -38.4436 33.8531
   vertex -10.7697 -40.1932 33.8531
   vertex -10.9742 -40.9561 39.5997
  endloop
 endfacet
 facet normal -0.31846 -0.93815 -0.13588
  outer loop
   vertex -15.9239 -38.4436 33.8531
   vertex -10.9742 -40.9561 39.5997
   vertex -16.2261 -39.1733 39.5997
  endloop
 endfacet
 facet normal -0.32144 -0.94693 0.00000
  outer loop
   vertex -16.2261 -39.1733 39.5997
   vertex -10.9742 -40.9561 39.5997
   vertex -10.9742 -40.9561 45.4003
  endloop
 endfacet
 facet normal -0.32144 -0.94693 0.00000
  outer loop
   vertex -16.2261 -39.1733 39.5997
   vertex -10.9742 -40.9561 45.4003
   vertex -16.2261 -39.1733 45.4003
  endloop
 endfacet
 facet normal -0.31846 -0.93815 0.13588
  outer loop
   vertex -16.2261 -39.1733 45.4003
   vertex -10.9742 -40.9561 45.4003
   vertex -10.7697 -40.1932 51.1469
  endloop
 endfacet
 facet normal -0.31846 -0.93815 0.13588
  outer loop
   vertex -16.2261 -39.1733 45.4003
   vertex -10.7697 -40.1932 51.1469
   vertex -15.9239 -38.4436 51.1469
  endloop
 endfacet
 facet normal -0.30957 -0.91196 0.26926
  outer loop
   vertex -15.9239 -38.4436 51.1469
   vertex -10.7697 -40.1932 51.1469
   vertex -10.3647 -38.6816 56.7324
  endloop
 endfacet
 facet normal -0.30957 -0.91196 0.26926
  outer loop
   vertex -15.9239 -38.4436 51.1469
   vertex -10.3647 -38.6816 56.7324
   vertex -15.3250 -36.9978 56.7324
  endloop
 endfacet
 facet normal -0.29493 -0.86883 0.39768
  outer loop
   vertex -15.3250 -36.9978 56.7324
   vertex -10.3647 -38.6816 56.7324
   vertex -9.7666 -36.4493 62.0528
  endloop
 endfacet
 facet normal -0.29493 -0.86883 0.39768
  outer loop
   vertex -15.3250 -36.9978 56.7324
   vertex -9.7666 -36.4493 62.0528
   vertex -14.4406 -34.8627 62.0528
  endloop
 endfacet
 facet normal -0.27480 -0.80954 0.51877
  outer loop
   vertex -14.4406 -34.8627 62.0528
   vertex -9.7666 -36.4493 62.0528
   vertex -8.9865 -33.5381 67.0089
  endloop
 endfacet
 facet normal -0.27480 -0.80954 0.51877
  outer loop
   vertex -14.4406 -34.8627 62.0528
   vertex -8.9865 -33.5381 67.0089
   vertex -13.2872 -32.0782 67.0089
  endloop
 endfacet
 facet normal -0.24956 -0.73517 0.63027
  outer loop
   vertex -13.2872 -32.0782 67.0089
   vertex -8.9865 -33.5381 67.0089
   vertex -8.0391 -30.0022 71.5085
  endloop
 endfacet
 facet normal -0.24956 -0.73517 0.63027
  outer loop
   vertex -13.2872 -32.0782 67.0089
   vertex -8.0391 -30.0022 71.5085
   vertex -11.8863 -28.6962 71.5085
  endloop
 endfacet
 facet normal -0.21965 -0.64707 0.73011
  outer loop
   vertex -11.8863 -28.6962 71.5085
   vertex -8.0391 -30.0022 71.5085
   vertex -6.9418 -25.9073 75.4677
  endloop
 endfacet
 facet normal -0.21965 -0.64707 0.73011
  outer loop
   vertex -11.8863 -28.6962 71.5085
   vertex -6.9418 -25.9073 75.4677
   vertex -10.2640 -24.7796 75.4677
  endloop
 endfacet
 facet normal -0.18563 -0.54686 0.81639
  outer loop
   vertex -10.2640 -24.7796 75.4677
   vertex -6.9418 -25.9073 75.4677
   vertex -5.7153 -21.3299 78.8128
  endloop
 endfacet
 facet normal -0.18563 -0.54686 0.81639
  outer loop
   vertex -10.2640 -24.7796 75.4677
   vertex -5.7153 -21.3299 78.8128
   vertex -8.4505 -20.4014 78.8128
  endloop
 endfacet
 facet normal -0.14813 -0.43639 0.88748
  outer loop
   vertex -8.4505 -20.4014 78.8128
   vertex -5.7153 -21.3299 78.8128
   vertex -4.3823 -16.3551 81.4815
  endloop
 endfacet
 facet normal -0.14813 -0.43639 0.88748
  outer loop
   vertex -8.4505 -20.4014 78.8128
   vertex -4.3823 -16.3551 81.4815
   vertex -6.4796 -15.6432 81.4815
  endloop
 endfacet
 facet normal -0.10785 -0.31771 0.94203
  outer loop
   vertex -6.4796 -15.6432 81.4815
   vertex -4.3823 -16.3551 81.4815
   vertex -2.9677 -11.0757 83.4240
  endloop
 endfacet
 facet normal -0.10785 -0.31771 0.94203
  outer loop
   vertex -6.4796 -15.6432 81.4815
   vertex -2.9677 -11.0757 83.4240
   vertex -4.3880 -10.5935 83.4240
  endloop
 endfacet
 facet normal -0.06553 -0.19305 0.97900
  outer loop
   vertex -4.3880 -10.5935 83.4240
   vertex -2.9677 -11.0757 83.4240
   vertex -1.4978 -5.5899 84.6042
  endloop
 endfacet
 facet normal -0.06553 -0.19305 0.97900
  outer loop
   vertex -4.3880 -10.5935 83.4240
   vertex -1.4978 -5.5899 84.6042
   vertex -2.2146 -5.3466 84.6042
  endloop
 endfacet
 facet normal -0.02198 -0.06476 0.99766
  outer loop
   vertex -2.2146 -5.3466 84.6042
   vertex -1.4978 -5.5899 84.6042
   vertex -0.0000 -0.0000 85.0000
  endloop
 endfacet
 facet normal 0.00000 0.00000 0.00000
  outer loop
   vertex -2.2146 -5.3466 84.6042
   vertex -0.0000 -0.0000 85.0000
   vertex -0.0000 -0.0000 85.0000
  endloop
 endfacet
 facet normal 0.00000 0.00000 0.00000
  outer loop
   vertex -0.0000 -0.0000 0.0000
   vertex -0.0000 -0.0000 0.0000
   vertex -0.7554 -5.7376 0.3958
  endloop
 endfacet
 facet normal -0.01334 -0.06707 -0.99766
  outer loop
   vertex -0.0000 -0.0000 0.0000
   vertex -0.7554 -5.7376 0.3958
   vertex -1.4978 -5.5899 0.3958
  endloop
 endfacet
 facet normal -0.03977 -0.19996 -0.97900
  outer loop
   vertex -1.4978 -5.5899 0.3958
   vertex -0.7554 -5.7376 0.3958
   vertex -1.4967 -11.3683 1.5760
  endloop
 endfacet
 facet normal -0.03977 -0.19996 -0.97900
  outer loop
   vertex -1.4978 -5.5899 0.3958
   vertex -1.4967 -11.3683 1.5760
   vertex -2.9677 -11.0757 1.5760
  endloop
 endfacet
 facet normal -0.06546 -0.32907 -0.94203
  outer loop
   vertex -2.9677 -11.0757 1.5760
   vertex -1.4967 -11.3683 1.5760
   vertex -2.2101 -16.7872 3.5185
  endloop
 endfacet
 facet normal -0.06546 -0.32907 -0.94203
  outer loop
   vertex -2.9677 -11.0757 1.5760
   vertex -2.2101 -16.7872 3.5185
   vertex -4.3823 -16.3551 3.5185
  endloop
 endfacet
 facet normal -0.08991 -0.45199 -0.88748
  outer loop
   vertex -4.3823 -16.3551 3.5185
   vertex -2.2101 -16.7872 3.5185
   vertex -2.8823 -21.8934 6.1872
  endloop
 endfacet
 facet normal -0.08991 -0.45199 -0.88748
  outer loop
   vertex -4.3823 -16.3551 3.5185
   vertex -2.8823 -21.8934 6.1872
   vertex -5.7153 -21.3299 6.1872
  endloop
 endfacet
 facet normal -0.11267 -0.56641 -0.81639
  outer loop
   vertex -5.7153 -21.3299 6.1872
   vertex -2.8823 -21.8934 6.1872
   vertex -3.5009 -26.5918 9.5323
  endloop
 endfacet
 facet normal -0.11267 -0.56641 -0.81639
  outer loop
   vertex -5.7153 -21.3299 6.1872
   vertex -3.5009 -26.5918 9.5323
   vertex -6.9418 -25.9073 9.5323
  endloop
 endfacet
 facet normal -0.13331 -0.67020 -0.73011
  outer loop
   vertex -6.9418 -25.9073 9.5323
   vertex -3.5009 -26.5918 9.5323
   vertex -4.0542 -30.7948 13.4915
  endloop
 endfacet
 facet normal -0.13331 -0.67020 -0.73011
  outer loop
   vertex -6.9418 -25.9073 9.5323
   vertex -4.0542 -30.7948 13.4915
   vertex -8.0391 -30.0022 13.4915
  endloop
 endfacet
 facet normal -0.15146 -0.76146 -0.63027
  outer loop
   vertex -8.0391 -30.0022 13.4915
   vertex -4.0542 -30.7948 13.4915
   vertex -4.5320 -34.4242 17.9911
  endloop
 endfacet
 facet normal -0.15146 -0.76146 -0.63027
  outer loop
   vertex -8.0391 -30.0022 13.4915
   vertex -4.5320 -34.4242 17.9911
   vertex -8.9865 -33.5381 17.9911
  endloop
 endfacet
 facet normal -0.16679 -0.83849 -0.51877
  outer loop
   vertex -8.9865 -33.5381 17.9911
   vertex -4.5320 -34.4242 17.9911
   vertex -4.9254 -37.4123 22.9472
  endloop
 endfacet
 facet normal -0.16679 -0.83849 -0.51877
  outer loop
   vertex -8.9865 -33.5381 17.9911
   vertex -4.9254 -37.4123 22.9472
   vertex -9.7666 -36.4493 22.9472
  endloop
 endfacet
 facet normal -0.17900 -0.89989 -0.39768
  outer loop
   vertex -9.7666 -36.4493 22.9472
   vertex -4.9254 -37.4123 22.9472
   vertex -5.2271 -39.7035 28.2676
  endloop
 endfacet
 facet normal -0.17900 -0.89989 -0.39768
  outer loop
   vertex -9.7666 -36.4493 22.9472
   vertex -5.2271 -39.7035 28.2676
   vertex -10.3647 -38.6816 28.2676
  endloop
 endfacet
 facet normal -0.18789 -0.94456 -0.26926
  outer loop
   vertex -10.3647 -38.6816 28.2676
   vertex -5.2271 -39.7035 28.2676
   vertex -5.4313 -41.2551 33.8531
  endloop
 endfacet
 facet normal -0.18789 -0.94456 -0.26926
  outer loop
   vertex -10.3647 -38.6816 28.2676
   vertex -5.4313 -41.2551 33.8531
   vertex -10.7697 -40.1932 33.8531
  endloop
 endfacet
 facet normal -0.19328 -0.97169 -0.13588
  outer loop
   vertex -10.7697 -40.1932 33.8531
   vertex -5.4313 -41.2551 33.8531
   vertex -5.5344 -42.0382 39.5997
  endloop
 endfacet
 facet normal -0.19328 -0.97169 -0.13588
  outer loop
   vertex -10.7697 -40.1932 33.8531
   vertex -5.5344 -42.0382 39.5997
   vertex -10.9742 -40.9561 39.5997
  endloop
 endfacet
 facet normal -0.19509 -0.98079 0.00000
  outer loop
   vertex -10.9742 -40.9561 39.5997
   vertex -5.5344 -42.0382 39.5997
   vertex -5.5344 -42.0382 45.4003
  endloop
 endfacet
 facet normal -0.19509 -0.98079 0.00000
  outer loop
   vertex -10.9742 -40.9561 39.5997
   vertex -5.5344 -42.0382 45.4003
   vertex -10.9742 -40.9561 45.4003
  endloop
 endfacet
 facet normal -0.19328 -0.97169 0.13588
  outer loop
   vertex -10.9742 -40.9561 45.4003
   vertex -5.5344 -42.0382 45.4003
   vertex -5.4313 -41.2551 51.1469
  endloop
 endfacet
 facet normal -0.19328 -0.97169 0.13588
  outer loop
   vertex -10.9742 -40.9561 45.4003
   vertex -5.4313 -41.2551 51.1469
   vertex -10.7697 -40.1932 51.1469
  endloop
 endfacet
 facet normal -0.18789 -0.94456 0.26926
  outer loop
   vertex -10.7697 -40.1932 51.1469
   vertex -5.4313 -41.2551 51.1469
   vertex -5.2271 -39.7035 56.7324
  endloop
 endfacet
 facet normal -0.18789 -0.94456 0.26926
  outer loop
   vertex -10.7697 -40.1932 51.1469
   vertex -5.2271 -39.7035 56.7324
   vertex -10.3647 -38.6816 56.7324
  endloop
 endfacet
 facet normal -0.17900 -0.89989 0.39768
  outer loop
   vertex -10.3647 -38.6816 56.7324
   vertex -5.2271 -39.7035 56.7324
   vertex -4.9254 -37.4123 62.0528
  endloop
 endfacet
 facet normal -0.17900 -0.89989 0.39768
  outer loop
   vertex -10.3647 -38.6816 56.7324
   vertex -4.9254 -37.4123 62.0528
   vertex -9.7666 -36.4493 62.0528
  endloop
 endfacet
 facet normal -0.16679 -0.83849 0.51877
  outer loop
   vertex -9.7666 -36.4493 62.0528
   vertex -4.9254 -37.4123 62.0528
   vertex -4.5320 -34.4242 67.0089
  endloop
 endfacet
 facet normal -0.16679 -0.83849 0.51877
  outer loop
   vertex -9.7666 -36.4493 62.0528
   vertex -4.5320 -34.4242 67.0089
   vertex -8.9865 -33.5381 67.0089
  endloop
 endfacet
 facet normal -0.15146 -0.76146 0.63027
  outer loop
   vertex -8.9865 -33.5381 67.0089
   vertex -4.5320 -34.4242 67.0089
   vertex -4.0542 -30.7948 71.5085
  endloop
 endfacet
 facet normal -0.15146 -0.76146 0.63027
  outer loop
   vertex -8.9865 -33.5381 67.0089
   vertex -4.0542 -30.7948 71.5085
   vertex -8.0391 -30.0022 71.5085
  endloop
 endfacet
 facet normal -0.13331 -0.67020 0.73011
  outer loop
   vertex -8.0391 -30.0022 71.5085
   vertex -4.0542 -30.7948 71.5085
   vertex -3.5009 -26.5918 75.4677
  endloop
 endfacet
 facet normal -0.13331 -0.67020 0.73011
  outer loop
   vertex -8.0391 -30.0022 71.5085
   vertex -3.5009 -26.5918 75.4677
   vertex -6.9418 -25.9073 75.4677
  endloop
 endfacet
 facet normal -0.11267 -0.56641 0.81639
  outer loop
   vertex -6.9418 -25.9073 75.4677
   vertex -3.5009 -26.5918 75.4677
   vertex -2.8823 -21.8934 78.8128
  endloop
 endfacet
 facet normal -0.11267 -0.56641 0.81639
  outer loop
   vertex -6.9418 -25.9073 75.4677
   vertex -2.8823 -21.8934 78.8128
   vertex -5.7153 -21.3299 78.8128
  endloop
 endfacet
 facet normal -0.08991 -0.45199 0.88748
  outer loop
   vertex -5.7153 -21.3299 78.8128
   vertex -2.8823 -21.8934 78.8128
   vertex -2.2101 -16.7872 81.4815
  endloop
 endfacet
 facet normal -0.08991 -0.45199 0.88748
  outer loop
   vertex -5.7153 -21.3299 78.8128
   vertex -2.2101 -16.7872 81.4815
   vertex -4.3823 -16.3551 81.4815
  endloop
 endfacet
 facet normal -0.06546 -0.32907 0.94203
  outer loop
   vertex -4.3823 -16.3551 81.4815
   vertex -2.2101 -16.7872 81.4815
   vertex -1.4967 -11.3683 83.4240
  endloop
 endfacet
 facet normal -0.06546 -0.32907 0.94203
  outer loop
   vertex -4.3823 -16.3551 81.4815
   vertex -1.4967 -11.3683 83.4240
   vertex -2.9677 -11.0757 83.4240
  endloop
 endfacet
 facet normal -0.03977 -0.19996 0.97900
  outer loop
   vertex -2.9677 -11.0757 83.4240
   vertex -1.4967 -11.3683 83.4240
   vertex -0.7554 -5.7376 84.6042
  endloop
 endfacet
 facet normal -0.03977 -0.19996 0.97900
  outer loop
   vertex -2.9677 -11.0757 83.4240
   vertex -0.7554 -5.7376 84.6042
   vertex -1.4978 -5.5899 84.6042
  endloop
 endfacet
 facet normal -0.01334 -0.06707 0.99766
  outer loop
   vertex -1.4978 -5.5899 84.6042
   vertex -0.7554 -5.7376 84.6042
   vertex -0.0000 -0.0000 85.0000
  endloop
 endfacet
 facet normal 0.00000 0.00000 0.00000
  outer loop
   vertex -1.4978 -5.5899 84.6042
   vertex -0.0000 -0.0000 85.0000
   vertex -0.0000 -0.0000 85.0000
  endloop
 endfacet
 facet normal 0.00000 0.00000 0.00000
  outer loop
   vertex -0.0000 -0.0000 0.0000
   vertex -0.0000 -0.0000 0.0000
   vertex -0.0000 -5.7871 0.3958
  endloop
 endfacet
 facet normal -0.00447 -0.06824 -0.99766
  outer loop
   vertex -0.0000 -0.0000 0.0000
   vertex -0.0000 -5.7871 0.3958
   vertex -0.7554 -5.7376 0.3958
  endloop
 endfacet
 facet normal -0.01333 -0.20344 -0.97900
  outer loop
   vertex -0.7554 -5.7376 0.3958
   vertex -0.0000 -5.7871 0.3958
   vertex -0.0000 -11.4664 1.5760
  endloop
 endfacet
 facet normal -0.01333 -0.20344 -0.97900
  outer loop
   vertex -0.7554 -5.7376 0.3958
   vertex -0.0000 -11.4664 1.5760
   vertex -1.4967 -11.3683 1.5760
  endloop
 endfacet
 facet normal -0.02194 -0.33480 -0.94203
  outer loop
   vertex -1.4967 -11.3683 1.5760
   vertex -0.0000 -11.4664 1.5760
   vertex -0.0000 -16.9320 3.5185
  endloop
 endfacet
 facet normal -0.02194 -0.33480 -0.94203
  outer loop
   vertex -1.4967 -11.3683 1.5760
   vertex -0.0000 -16.9320 3.5185
   vertex -2.2101 -16.7872 3.5185
  endloop
 endfacet
 facet normal -0.03014 -0.45986 -0.88748
  outer loop
   vertex -2.2101 -16.7872 3.5185
   vertex -0.0000 -16.9320 3.5185
   vertex -0.0000 -22.0823 6.1872
  endloop
 endfacet
 facet normal -0.03014 -0.45986 -0.88748
  outer loop
   vertex -2.2101 -16.7872 3.5185
   vertex -0.0000 -22.0823 6.1872
   vertex -2.8823 -21.8934 6.1872
  endloop
 endfacet
 facet normal -0.03777 -0.57627 -0.81639
  outer loop
   vertex -2.8823 -21.8934 6.1872
   vertex -0.0000 -22.0823 6.1872
   vertex -0.0000 -26.8212 9.5323
  endloop
 endfacet
 facet normal -0.03777 -0.57627 -0.81639
  outer loop
   vertex -2.8823 -21.8934 6.1872
   vertex -0.0000 -26.8212 9.5323
   vertex -3.5009 -26.5918 9.5323
  endloop
 endfacet
 facet normal -0.04469 -0.68187 -0.73011
  outer loop
   vertex -3.5009 -26.5918 9.5323
   vertex -0.0000 -26.8212 9.5323
   vertex -0.0000 -31.0605 13.4915
  endloop
 endfacet
 facet normal -0.04469 -0.68187 -0.73011
  outer loop
   vertex -3.5009 -26.5918 9.5323
   vertex -0.0000 -31.0605 13.4915
   vertex -4.0542 -30.7948 13.4915
  endloop
 endfacet
 facet normal -0.05078 -0.77471 -0.63027
  outer loop
   vertex -4.0542 -30.7948 13.4915
   vertex -0.0000 -31.0605 13.4915
   vertex -0.0000 -34.7212 17.9911
  endloop
 endfacet
 facet normal -0.05078 -0.77471 -0.63027
  outer loop
   vertex -4.0542 -30.7948 13.4915
   vertex -0.0000 -34.7212 17.9911
   vertex -4.5320 -34.4242 17.9911
  endloop
 endfacet
 facet normal -0.05591 -0.85308 -0.51877
  outer loop
   vertex -4.5320 -34.4242 17.9911
   vertex -0.0000 -34.7212 17.9911
   vertex -0.0000 -37.7351 22.9472
  endloop
 endfacet
 facet normal -0.05591 -0.85308 -0.51877
  outer loop
   vertex -4.5320 -34.4242 17.9911
   vertex -0.0000 -37.7351 22.9472
   vertex -4.9254 -37.4123 22.9472
  endloop
 endfacet
 facet normal -0.06001 -0.91556 -0.39768
  outer loop
   vertex -4.9254 -37.4123 22.9472
   vertex -0.0000 -37.7351 22.9472
   vertex -0.0000 -40.0461 28.2676
  endloop
 endfacet
 facet normal -0.06001 -0.91556 -0.39768
  outer loop
   vertex -4.9254 -37.4123 22.9472
   vertex -0.0000 -40.0461 28.2676
   vertex -5.2271 -39.7035 28.2676
  endloop
 endfacet
 facet normal -0.06299 -0.96101 -0.26926
  outer loop
   vertex -5.2271 -39.7035 28.2676
   vertex -0.0000 -40.0461 28.2676
   vertex -0.0000 -41.6111 33.8531
  endloop
 endfacet
 facet normal -0.06299 -0.96101 -0.26926
  outer loop
   vertex -5.2271 -39.7035 28.2676
   vertex -0.0000 -41.6111 33.8531
   vertex -5.4313 -41.2551 33.8531
  endloop
 endfacet
 facet normal -0.06480 -0.98860 -0.13588
  outer loop
   vertex -5.4313 -41.2551 33.8531
   vertex -0.0000 -41.6111 33.8531
   vertex -0.0000 -42.4009 39.5997
  endloop
 endfacet
 facet normal -0.06480 -0.98860 -0.13588
  outer loop
   vertex -5.4313 -41.2551 33.8531
   vertex -0.0000 -42.4009 39.5997
   vertex -5.5344 -42.0382 39.5997
  endloop
 endfacet
 facet normal -0.06540 -0.99786 0.00000
  outer loop
   vertex -5.5344 -42.0382 39.5997
   vertex -0.0000 -42.4009 39.5997
   vertex -0.0000 -42.4009 45.4003
  endloop
 endfacet
 facet normal -0.06540 -0.99786 0.00000
  outer loop
   vertex -5.5344 -42.0382 39.5997
   vertex -0.0000 -42.4009 45.4003
   vertex -5.5344 -42.0382 45.4003
  endloop
 endfacet
 facet normal -0.06480 -0.98860 0.13588
  outer loop
   vertex -5.5344 -42.0382 45.4003
   vertex -0.0000 -42.4009 45.4003
   vertex -0.0000 -41.6111 51.1469
  endloop
 endfacet
 facet normal -0.06480 -0.98860 0.13588
  outer loop
   vertex -5.5344 -42.0382 45.4003
   vertex -0.0000 -41.6111 51.1469
   vertex -5.4313 -41.2551 51.1469
  endloop
 endfacet
 facet normal -0.06299 -0.96101 0.26926
  outer loop
   vertex -5.4313 -41.2551 51.1469
   vertex -0.0000 -41.6111 51.1469
   vertex -0.0000 -40.0461 56.7324
  endloop
 endfacet
 facet normal -0.06299 -0.96101 0.26926
  outer loop
   vertex -5.4313 -41.2551 51.1469
   vertex -0.0000 -40.0461 56.7324
   vertex -5.2271 -39.7035 56.7324
  endloop
 endfacet
 facet normal -0.06001 -0.91556 0.39768
  outer loop
   vertex -5.2271 -39.7035 56.7324
   vertex -0.0000 -40.0461 56.7324
   vertex -0.0000 -37.7351 62.0528
  endloop
 endfacet
 facet normal -0.06001 -0.91556 0.39768
  outer loop
   vertex -5.2271 -39.7035 56.7324
   vertex -0.0000 -37.7351 62.0528
   vertex -4.9254 -37.4123 62.0528
  endloop
 endfacet
 facet normal -0.05591 -0.85308 0.51877
  outer loop
   vertex -4.9254 -37.4123 62.0528
   vertex -0.0000 -37.7351 62.0528
   vertex -0.0000 -34.7212 67.0089
  endloop
 endfacet
 facet normal -0.05591 -0.85308 0.51877
  outer loop
   vertex -4.9254 -37.4123 62.0528
   vertex -0.0000 -34.7212 67.0089
   vertex -4.5320 -34.4242 67.0089
  endloop
 endfacet
 facet normal -0.05078 -0.77471 0.63027
  outer loop
   vertex -4.5320 -34.4242 67.0089
   vertex -0.0000 -34.7212 67.0089
   vertex -0.0000 -31.0605 71.5085
  endloop
 endfacet
 facet normal -0.05078 -0.77471 0.63027
  outer loop
   vertex -4.5320 -34.4242 67.0089
   vertex -0.0000 -31.0605 71.5085
   vertex -4.0542 -30.7948 71.5085
  endloop
 endfacet
 facet normal -0.04469 -0.68187 0.73011
  outer loop
   vertex -4.0542 -30.7948 71.5085
   vertex -0.0000 -31.0605 71.5085
   vertex -0.0000 -26.8212 75.4677
  endloop
 endfacet
 facet normal -0.04469 -0.68187 0.73011
  outer loop
   vertex -4.0542 -30.7948 71.5085
   vertex -0.0000 -26.8212 75.4677
   vertex -3.5009 -26.5918 75.4677
  endloop
 endfacet
 facet normal -0.03777 -0.57627 0.81639
  outer loop
   vertex -3.5009 -26.5918 75.4677
   vertex -0.0000 -26.8212 75.4677
   vertex -0.0000 -22.0823 78.8128
  endloop
 endfacet
 facet normal -0.03777 -0.57627 0.81639
  outer loop
   vertex -3.5009 -26.5918 75.4677
   vertex -0.0000 -22.0823 78.8128
   vertex -2.8823 -21.8934 78.8128
  endloop
 endfacet
 facet normal -0.03014 -0.45986 0.88748
  outer loop
   vertex -2.8823 -21.8934 78.8128
   vertex -0.0000 -22.0823 78.8128
   vertex -0.0000 -16.9320 81.4815
  endloop
 endfacet
 facet normal -0.03014 -0.45986 0.88748
  outer loop
   vertex -2.8823 -21.8934 78.8128
   vertex -0.0000 -16.9320 81.4815
   vertex -2.2101 -16.7872 81.4815
  endloop
 endfacet
 facet normal -0.02194 -0.33480 0.94203
  outer loop
   vertex -2.2101 -16.7872 81.4815
   vertex -0.0000 -16.9320 81.4815
   vertex -0.0000 -11.4664 83.4240
  endloop
 endfacet
 facet normal -0.02194 -0.33480 0.94203
  outer loop
   vertex -2.2101 -16.7872 81.4815
   vertex -0.0000 -11.4664 83.4240
   vertex -1.4967 -11.3683 83.4240
  endloop
 endfacet
 facet normal -0.01333 -0.20344 0.97900
  outer loop
   vertex -1.4967 -11.3683 83.4240
   vertex -0.0000 -11.4664 83.4240
   vertex -0.0000 -5.7871 84.6042
  endloop
 endfacet
 facet normal -0.01333 -0.20344 0.97900
  outer loop
   vertex -1.4967 -11.3683 83.4240
   vertex -0.0000 -5.7871 84.6042
   vertex -0.7554 -5.7376 84.6042
  endloop
 endfacet
 facet normal -0.00447 -0.06824 0.99766
  outer loop
   vertex -0.7554 -5.7376 84.6042
   vertex -0.0000 -5.7871 84.6042
   vertex -0.0000 -0.0000 85.0000
  endloop
 endfacet
 facet normal 0.00000 0.00000 0.00000
  outer loop
   vertex -0.7554 -5.7376 84.6042
   vertex -0.0000 -0.0000 85.0000
   vertex -0.0000 -0.0000 85.0000
  endloop
 endfacet
 facet normal 0.00000 0.00000 0.00000
  outer loop
   vertex -0.0000 -0.0000 0.0000
   vertex 0.0000 -0.0000 0.0000
   vertex 0.7554 -5.7376 0.3958
  endloop
 endfacet
 facet normal 0.00447 -0.06824 -0.99766
  outer loop
   vertex -0.0000 -0.0000 0.0000
   vertex 0.7554 -5.7376 0.3958
   vertex -0.0000 -5.7871 0.3958
  endloop
 endfacet
 facet normal 0.01333 -0.20344 -0.97900
  outer loop
   vertex -0.0000 -5.7871 0.3958
   vertex 0.7554 -5.7376 0.3958
   vertex 1.4967 -11.3683 1.5760
  endloop
 endfacet
 facet normal 0.01333 -0.20344 -0.97900
  outer loop
   vertex -0.0000 -5.7871 0.3958
   vertex 1.4967 -11.3683 1.5760
   vertex -0.0000 -11.4664 1.5760
  endloop
 endfacet
 facet normal 0.02194 -0.33480 -0.94203
  outer loop
   vertex -0.0000 -11.4664 1.5760
   vertex 1.4967 -11.3683 1.5760
   vertex 2.2101 -16.7872 3.5185
  endloop
 endfacet
 facet normal 0.02194 -0.33480 -0.94203
  outer loop
   vertex -0.0000 -11.4664 1.5760
   vertex 2.2101 -16.7872 3.5185
   vertex -0.0000 -16.9320 3.5185
  endloop
 endfacet
 facet normal 0.03014 -0.45986 -0.88748
  outer loop
   vertex -0.0000 -16.9320 3.5185
   vertex 2.2101 -16.7872 3.5185
   vertex 2.8823 -21.8934 6.1872
  endloop
 endfacet
 facet normal 0.03014 -0.45986 -0.88748
  outer loop
   vertex -0.0000 -16.9320 3.5185
   vertex 2.8823 -21.8934 6.1872
   vertex -0.0000 -22.0823 6.1872
  endloop
 endfacet
 facet normal 0.03777 -0.57627 -0.81639
  outer loop
   vertex -0.0000 -22.0823 6.1872
   vertex 2.8823 -21.8934 6.1872
   vertex 3.5009 -26.5918 9.5323
  endloop
 endfacet
 facet normal 0.03777 -0.57627 -0.81639
  outer loop
   vertex -0.0000 -22.0823 6.1872
   vertex 3.5009 -26.5918 9.5323
   vertex -0.0000 -26.8212 9.5323
  endloop
 endfacet
 facet normal 0.04469 -0.68187 -0.73011
  outer loop
   vertex -0.0000 -26.8212 9.5323
   vertex 3.5009 -26.5918 9.5323
   vertex 4.0542 -30.7948 13.4915
  endloop
 endfacet
 facet normal 0.04469 -0.68187 -0.73011
  outer loop
   vertex -0.0000 -26.8212 9.5323
   vertex 4.0542 -30.7948 13.4915
   vertex -0.0000 -31.0605 13.4915
  endloop
 endfacet
 facet normal 0.05078 -0.77471 -0.63027
  outer loop
   vertex -0.0000 -31.0605 13.4915
   vertex 4.0542 -30.7948 13.4915
   vertex 4.5320 -34.4242 17.9911
  endloop
 endfacet
 facet normal 0.05078 -0.77471 -0.63027
  outer loop
   vertex -0.0000 -31.0605 13.4915
   vertex 4.5320 -34.4242 17.9911
   vertex -0.0000 -34.7212 17.9911
  endloop
 endfacet
 facet normal 0.05591 -0.85308 -0.51877
  outer loop
   vertex -0.0000 -34.7212 17.9911
   vertex 4.5320 -34.4242 17.9911
   vertex 4.9254 -37.4123 22.9472
  endloop
 endfacet
 facet normal 0.05591 -0.85308 -0.51877
  outer loop
   vertex -0.0000 -34.7212 17.9911
   vertex 4.9254 -37.4123 22.9472
   vertex -0.0000 -37.7351 22.9472
  endloop
 endfacet
 facet normal 0.06001 -0.91556 -0.39768
  outer loop
   vertex -0.0000 -37.7351 22.9472
   vertex 4.9254 -37.4123 22.9472
   vertex 5.2271 -39.7035 28.2676
  endloop
 endfacet
 facet normal 0.06001 -0.91556 -0.39768
  outer loop
   vertex -0.0000 -37.7351 22.9472
   vertex 5.2271 -39.7035 28.2676
   vertex -0.0000 -40.0461 28.2676
  endloop
 endfacet
 facet normal 0.06299 -0.96101 -0.26926
  outer loop
   vertex -0.0000 -40.0461 28.2676
   vertex 5.2271 -39.7035 28.2676
   vertex 5.4313 -41.2551 33.8531
  endloop
 endfacet
 facet normal 0.06299 -0.96101 -0.26926
  outer loop
   vertex -0.0000 -40.0461 28.2676
   vertex 5.4313 -41.2551 33.8531
   vertex -0.0000 -41.6111 33.8531
  endloop
 endfacet
 facet normal 0.06480 -0.98860 -0.13588
  outer loop
   vertex -0.0000 -41.6111 33.8531
   vertex 5.4313 -41.2551 33.8531
   vertex 5.5344 -42.0382 39.5997
  endloop
 endfacet
 facet normal 0.06480 -0.98860 -0.13588
  outer loop
   vertex -0.0000 -41.6111 33.8531
   vertex 5.5344 -42.0382 39.5997
   vertex -0.0000 -42.4009 39.5997
  endloop
 endfacet
 facet normal 0.06540 -0.99786 0.00000
  outer loop
   vertex -0.0000 -42.4009 39.5997
   vertex 5.5344 -42.0382 39.5997
   vertex 5.5344 -42.0382 45.4003
  endloop
 endfacet
 facet normal 0.06540 -0.99786 0.00000
  outer loop
   vertex -0.0000 -42.4009 39.5997
   vertex 5.5344 -42.0382 45.4003
   vertex -0.0000 -42.4009 45.4003
  endloop
 endfacet
 facet normal 0.06480 -0.98860 0.13588
  outer loop
   vertex -0.0000 -42.4009 45.4003
   vertex 5.5344 -42.0382 45.4003
   vertex 5.4313 -41.2551 51.1469
  endloop
 endfacet
 facet normal 0.06480 -0.98860 0.13588
  outer loop
   vertex -0.0000 -42.4009 45.4003
   vertex 5.4313 -41.2551 51.1469
   vertex -0.0000 -41.6111 51.1469
  endloop
 endfacet
 facet normal 0.06299 -0.96101 0.26926
  outer loop
   vertex -0.0000 -41.6111 51.1469
   vertex 5.4313 -41.2551 51.1469
   vertex 5.2271 -39.7035 56.7324
  endloop
 endfacet
 facet normal 0.06299 -0.96101 0.26926
  outer loop
   vertex -0.0000 -41.6111 51.1469
   vertex 5.2271 -39.7035 56.7324
   vertex -0.0000 -40.0461 56.7324
  endloop
 endfacet
 facet normal 0.06001 -0.91556 0.39768
  outer loop
   vertex -0.0000 -40.0461 56.7324
   vertex 5.2271 -39.7035 56.7324
   vertex 4.9254 -37.4123 62.0528
  endloop
 endfacet
 facet normal 0.06001 -0.91556 0.39768
  outer loop
   vertex -0.0000 -40.0461 56.7324
   vertex 4.9254 -37.4123 62.0528
   vertex -0.0000 -37.7351 62.0528
  endloop
 endfacet
 facet normal 0.05591 -0.85308 0.51877
  outer loop
   vertex -0.0000 -37.7351 62.0528
   vertex 4.9254 -37.4123 62.0528
   vertex 4.5320 -34.4242 67.0089
  endloop
 endfacet
 facet normal 0.05591 -0.85308 0.51877
  outer loop
   vertex -0.0000 -37.7351 62.0528
   vertex 4.5320 -34.4242 67.0089
   vertex -0.0000 -34.7212 67.0089
  endloop
 endfacet
 facet normal 0.05078 -0.77471 0.63027
  outer loop
   vertex -0.0000 -34.7212 67.0089
   vertex 4.5320 -34.4242 67.0089
   vertex 4.0542 -30.7948 71.5085
  endloop
 endfacet
 facet normal 0.05078 -0.77471 0.63027
  outer loop
   vertex -0.0000 -34.7212 67.0089
   vertex 4.0542 -30.7948 71.5085
   vertex -0.0000 -31.0605 71.5085
  endloop
 endfacet
 facet normal 0.04469 -0.68187 0.73011
  outer loop
   vertex -0.0000 -31.0605 71.5085
   vertex 4.0542 -30.7948 71.5085
   vertex 3.5009 -26.5918 75.4677
  endloop
 endfacet
 facet normal 0.04469 -0.68187 0.73011
  outer loop
   vertex -0.0000 -31.0605 71.5085
   vertex 3.5009 -26.5918 75.4677
   vertex -0.0000 -26.8212 75.4677
  endloop
 endfacet
 facet normal 0.03777 -0.57627 0.81639
  outer loop
   vertex -0.0000 -26.8212 75.4677
   vertex 3.5009 -26.5918 75.4677
   vertex 2.8823 -21.8934 78.8128
  endloop
 endfacet
 facet normal 0.03777 -0.57627 0.81639
  outer loop
   vertex -0.0000 -26.8212 75.4677
   vertex 2.8823 -21.8934 78.8128
   vertex -0.0000 -22.0823 78.8128
  endloop
 endfacet
 facet normal 0.03014 -0.45986 0.88748
  outer loop
   vertex -0.0000 -22.0823 78.8128
   vertex 2.8823 -21.8934 78.8128
   vertex 2.2101 -16.7872 81.4815
  endloop
 endfacet
 facet normal 0.03014 -0.45986 0.88748
  outer loop
   vertex -0.0000 -22.0823 78.8128
   vertex 2.2101 -16.7872 81.4815
   vertex -0.0000 -16.9320 81.4815
  endloop
 endfacet
 facet normal 0.02194 -0.33480 0.94203
  outer loop
   vertex -0.0000 -16.9320 81.4815
   vertex 2.2101 -16.7872 81.4815
   vertex 1.4967 -11.3683 83.4240
  endloop
 endfacet
 facet normal 0.02194 -0.33480 0.94203
  outer loop
   vertex -0.0000 -16.9320 81.4815
   vertex 1.4967 -11.3683 83.4240
   vertex -0.0000 -11.4664 83.4240
  endloop
 endfacet
 facet normal 0.01333 -0.20344 0.97900
  outer loop
   vertex -0.0000 -11.4664 83.4240
   vertex 1.4967 -11.3683 83.4240
   vertex 0.7554 -5.7376 84.6042
  endloop
 endfacet
 facet normal 0.01333 -0.20344 0.97900
  outer loop
   vertex -0.0000 -11.4664 83.4240
   vertex 0.7554 -5.7376 84.6042
   vertex -0.0000 -5.7871 84.6042
  endloop
 endfacet
 facet normal 0.00447 -0.06824 0.99766
  outer loop
   vertex -0.0000 -5.7871 84.6042
   vertex 0.7554 -5.7376 84.6042
   vertex 0.0000 -0.0000 85.0000
  endloop
 endfacet
 facet normal 0.00000 0.00000 0.00000
  outer loop
   vertex -0.0000 -5.7871 84.6042
   vertex 0.0000 -0.0000 85.0000
   vertex -0.0000 -0.0000 85.0000
  endloop
 endfacet
 facet normal 0.00000 0.00000 0.00000
  outer loop
   vertex 0.0000 -0.0000 0.0000
   vertex 0.0000 -0.0000 0.0000
   vertex 1.4978 -5.5899 0.3958
  endloop
 endfacet
 facet normal 0.01334 -0.06707 -0.99766
  outer loop
   vertex 0.0000 -0.0000 0.0000
   vertex 1.4978 -5.5899 0.3958
   vertex 0.7554 -5.7376 0.3958
  endloop
 endfacet
 facet normal 0.03977 -0.19996 -0.97900
  outer loop
   vertex 0.7554 -5.7376 0.3958
   vertex 1.4978 -5.5899 0.3958
   vertex 2.9677 -11.0757 1.5760
  endloop
 endfacet
 facet normal 0.03977 -0.19996 -0.97900
  outer loop
   vertex 0.7554 -5.7376 0.3958
   vertex 2.9677 -11.0757 1.5760
   vertex 1.4967 -11.3683 1.5760
  endloop
 endfacet
 facet normal 0.06546 -0.32907 -0.94203
  outer loop
   vertex 1.4967 -11.3683 1.5760
   vertex 2.9677 -11.0757 1.5760
   vertex 4.3823 -16.3551 3.5185
  endloop
 endfacet
 facet normal 0.06546 -0.32907 -0.94203
  outer loop
   vertex 1.4967 -11.3683 1.5760
   vertex 4.3823 -16.3551 3.5185
   vertex 2.2101 -16.7872 3.5185
  endloop
 endfacet
 facet normal 0.08991 -0.45199 -0.88748
  outer loop
   vertex 2.2101 -16.7872 3.5185
   vertex 4.3823 -16.3551 3.5185
   vertex 5.7153 -21.3299 6.1872
  endloop
 endfacet
 facet normal 0.08991 -0.45199 -0.88748
  outer loop
   vertex 2.2101 -16.7872 3.5185
   vertex 5.7153 -21.3299 6.1872
   vertex 2.8823 -21.8934 6.1872
  endloop
 endfacet
 facet normal 0.11267 -0.56641 -0.81639
  outer loop
   vertex 2.8823 -21.8934 6.1872
   vertex 5.7153 -21.3299 6.1872
   vertex 6.9418 -25.9073 9.5323
  endloop
 endfacet
 facet normal 0.11267 -0.56641 -0.81639
  outer loop
   vertex 2.8823 -21.8934 6.1872
   vertex 6.9418 -25.9073 9.5323
   vertex 3.5009 -26.5918 9.5323
  endloop
 endfacet
 facet normal 0.13331 -0.67020 -0.73011
  outer loop
   vertex 3.5009 -26.5918 9.5323
   vertex 6.9418 -25.9073 9.5323
   vertex 8.0391 -30.0022 13.4915
  endloop
 endfacet
 facet normal 0.13331 -0.67020 -0.73011
  outer loop
   vertex 3.5009 -26.5918 9.5323
   vertex 8.0391 -30.0022 13.4915
   vertex 4.0542 -30.7948 13.4915
  endloop
 endfacet
 facet normal 0.15146 -0.76146 -0.63027
  outer loop
   vertex 4.0542 -30.7948 13.4915
   vertex 8.0391 -30.0022 13.4915
   vertex 8.9865 -33.5381 17.9911
  endloop
 endfacet
 facet normal 0.15146 -0.76146 -0.63027
  outer loop
   vertex 4.0542 -30.7948 13.4915
   vertex 8.9865 -33.5381 17.9911
   vertex 4.5320 -34.4242 17.9911
  endloop
 endfacet
 facet normal 0.16679 -0.83849 -0.51877
  outer loop
   vertex 4.5320 -34.4242 17.9911
   vertex 8.9865 -33.5381 17.9911
   vertex 9.7666 -36.4493 22.9472
  endloop
 endfacet
 facet normal 0.16679 -0.83849 -0.51877
  outer loop
   vertex 4.5320 -34.4242 17.9911
   vertex 9.7666 -36.4493 22.9472
   vertex 4.9254 -37.4123 22.9472
  endloop
 endfacet
 facet normal 0.17900 -0.89989 -0.39768
  outer loop
   vertex 4.9254 -37.4123 22.9472
   vertex 9.7666 -36.4493 22.9472
   vertex 10.3647 -38.6816 28.2676
  endloop
 endfacet
 facet normal 0.17900 -0.89989 -0.39768
  outer loop
   vertex 4.9254 -37.4123 22.9472
   vertex 10.3647 -38.6816 28.2676
   vertex 5.2271 -39.7035 28.2676
  endloop
 endfacet
 facet normal 0.18789 -0.94456 -0.26926
  outer loop
   vertex 5.2271 -39.7035 28.2676
   vertex 10.3647 -38.6816 28.2676
   vertex 10.7697 -40.1932 33.8531
  endloop
 endfacet
 facet normal 0.18789 -0.94456 -0.26926
  outer loop
   vertex 5.2271 -39.7035 28.2676
   vertex 10.7697 -40.1932 33.8531
   vertex 5.4313 -41.2551 33.8531
  endloop
 endfacet
 facet normal 0.19328 -0.97169 -0.13588
  outer loop
   vertex 5.4313 -41.2551 33.8531
   vertex 10.7697 -40.1932 33.8531
   vertex 10.9742 -40.9561 39.5997
  endloop
 endfacet
 facet normal 0.19328 -0.97169 -0.13588
  outer loop
   vertex 5.4313 -41.2551 33.8531
   vertex 10.9742 -40.9561 39.5997
   vertex 5.5344 -42.0382 39.5997
  endloop
 endfacet
 facet normal 0.19509 -0.98079 0.00000
  outer loop
   vertex 5.5344 -42.0382 39.5997
   vertex 10.9742 -40.9561 39.5997
   vertex 10.9742 -40.9561 45.4003
  endloop
 endfacet
 facet normal 0.19509 -0.98079 0.00000
  outer loop
   vertex 5.5344 -42.0382 39.5997
   vertex 10.9742 -40.9561 45.4003
   vertex 5.5344 -42.0382 45.4003
  endloop
 endfacet
 facet normal 0.19328 -0.97169 0.13588
  outer loop
   vertex 5.5344 -42.0382 45.4003
   vertex 10.9742 -40.9561 45.4003
   vertex 10.7697 -40.1932 51.1469
  endloop
 endfacet
 facet normal 0.19328 -0.97169 0.13588
  outer loop
   vertex 5.5344 -42.0382 45.4003
   vertex 10.7697 -40.1932 51.1469
   vertex 5.4313 -41.2551 51.1469
  endloop
 endfacet
 facet normal 0.18789 -0.94456 0.26926
  outer loop
   vertex 5.4313 -41.2551 51.1469
   vertex 10.7697 -40.1932 51.1469
   vertex 10.3647 -38.6816 56.7324
  endloop
 endfacet
 facet normal 0.18789 -0.94456 0.26926
  outer loop
   vertex 5.4313 -41.2551 51.1469
   vertex 10.3647 -38.6816 56.7324
   vertex 5.2271 -39.7035 56.7324
  endloop
 endfacet
 facet normal 0.17900 -0.89989 0.39768
  outer loop
   vertex 5.2271 -39.7035 56.7324
   vertex 10.3647 -38.6816 56.7324
   vertex 9.7666 -36.4493 62.0528
  endloop
 endfacet
 facet normal 0.17900 -0.89989 0.39768
  outer loop
   vertex 5.2271 -39.7035 56.7324
   vertex 9.7666 -36.4493 62.0528
   vertex 4.9254 -37.4123 62.0528
  endloop
 endfacet
 facet normal 0.16679 -0.83849 0.51877
  outer loop
   vertex 4.9254 -37.4123 62.0528
   vertex 9.7666 -36.4493 62.0528
   vertex 8.9865 -33.5381 67.0089
  endloop
 endfacet
 facet normal 0.16679 -0.83849 0.51877
  outer loop
   vertex 4.9254 -37.4123 62.0528
   vertex 8.9865 -33.5381 67.0089
   vertex 4.5320 -34.4242 67.0089
  endloop
 endfacet
 facet normal 0.15146 -0.76146 0.63027
  outer loop
   vertex 4.5320 -34.4242 67.0089
   vertex 8.9865 -33.5381 67.0089
   vertex 8.0391 -30.0022 71.5085
  endloop
 endfacet
 facet normal 0.15146 -0.76146 0.63027
  outer loop
   vertex 4.5320 -34.4242 67.0089
   vertex 8.0391 -30.0022 71.5085
   vertex 4.0542 -30.7948 71.5085
  endloop
 endfacet
 facet normal 0.13331 -0.67020 0.73011
  outer loop
   vertex 4.0542 -30.7948 71.5085
   vertex 8.0391 -30.0022 71.5085
   vertex 6.9418 -25.9073 75.4677
  endloop
 endfacet
 facet normal 0.13331 -0.67020 0.73011
  outer loop
   vertex 4.0542 -30.7948 71.5085
   vertex 6.9418 -25.9073 75.4677
   vertex 3.5009 -26.5918 75.4677
  endloop
 endfacet
 facet normal 0.11267 -0.56641 0.81639
  outer loop
   vertex 3.5009 -26.5918 75.4677
   vertex 6.9418 -25.9073 75.4677
   vertex 5.7153 -21.3299 78.8128
  endloop
 endfacet
 facet normal 0.11267 -0.56641 0.81639
  outer loop
   vertex 3.5009 -26.5918 75.4677
   vertex 5.7153 -21.3299 78.8128
   vertex 2.8823 -21.8934 78.8128
  endloop
 endfacet
 facet normal 0.08991 -0.45199 0.88748
  outer loop
   vertex 2.8823 -21.8934 78.8128
   vertex 5.7153 -21.3299 78.8128
   vertex 4.3823 -16.3551 81.4815
  endloop
 endfacet
 facet normal 0.08991 -0.45199 0.88748
  outer loop
   vertex 2.8823 -21.8934 78.8128
   vertex 4.3823 -16.3551 81.4815
   vertex 2.2101 -16.7872 81.4815
  endloop
 endfacet
 facet normal 0.06546 -0.32907 0.94203
  outer loop
   vertex 2.2101 -16.7872 81.4815
   vertex 4.3823 -16.3551 81.4815
   vertex 2.9677 -11.0757 83.4240
  endloop
 endfacet
 facet normal 0.06546 -0.32907 0.94203
  outer loop
   vertex 2.2101 -16.7872 81.4815
   vertex 2.9677 -11.0757 83.4240
   vertex 1.4967 -11.3683 83.4240
  endloop
 endfacet
 facet normal 0.03977 -0.19996 0.97900
  outer loop
   vertex 1.4967 -11.3683 83.4240
   vertex 2.9677 -11.0757 83.4240
   vertex 1.4978 -5.5899 84.6042
  endloop
 endfacet
 facet normal 0.03977 -0.19996 0.97900
  outer loop
   vertex 1.4967 -11.3683 83.4240
   vertex 1.4978 -5.5899 84.6042
   vertex 0.7554 -5.7376 84.6042
  endloop
 endfacet
 facet normal 0.01334 -0.06707 0.99766
  outer loop
   vertex 0.7554 -5.7376 84.6042
   vertex 1.4978 -5.5899 84.6042
   vertex 0.0000 -0.0000 85.0000
  endloop
 endfacet
 facet normal 0.00000 0.00000 0.00000
  outer loop
   vertex 0.7554 -5.7376 84.6042
   vertex 0.0000 -0.0000 85.0000
   vertex 0.0000 -0.0000 85.0000
  endloop
 endfacet
 facet normal 0.00000 0.00000 0.00000
  outer loop
   vertex 0.0000 -0.0000 0.0000
   vertex 0.0000 -0.0000 0.0000
   vertex 2.2146 -5.3466 0.3958
  endloop
 endfacet
 facet normal 0.02198 -0.06476 -0.99766
  outer loop
   vertex 0.0000 -0.0000 0.0000
   vertex 2.2146 -5.3466 0.3958
   vertex 1.4978 -5.5899 0.3958
  endloop
 endfacet
 facet normal 0.06553 -0.19305 -0.97900
  outer loop
   vertex 1.4978 -5.5899 0.3958
   vertex 2.2146 -5.3466 0.3958
   vertex 4.3880 -10.5935 1.5760
  endloop
 endfacet
 facet normal 0.06553 -0.19305 -0.97900
  outer loop
   vertex 1.4978 -5.5899 0.3958
   vertex 4.3880 -10.5935 1.5760
   vertex 2.9677 -11.0757 1.5760
  endloop
 endfacet
 facet normal 0.10785 -0.31771 -0.94203
  outer loop
   vertex 2.9677 -11.0757 1.5760
   vertex 4.3880 -10.5935 1.5760
   vertex 6.4796 -15.6432 3.5185
  endloop
 endfacet
 facet normal 0.10785 -0.31771 -0.94203
  outer loop
   vertex 2.9677 -11.0757 1.5760
   vertex 6.4796 -15.6432 3.5185
   vertex 4.3823 -16.3551 3.5185
  endloop
 endfacet
 facet normal 0.14813 -0.43639 -0.88748
  outer loop
   vertex 4.3823 -16.3551 3.5185
   vertex 6.4796 -15.6432 3.5185
   vertex 8.4505 -20.4014 6.1872
  endloop
 endfacet
 facet normal 0.14813 -0.43639 -0.88748
  outer loop
   vertex 4.3823 -16.3551 3.5185
   vertex 8.4505 -20.4014 6.1872
   vertex 5.7153 -21.3299 6.1872
  endloop
 endfacet
 facet normal 0.18563 -0.54686 -0.81639
  outer loop
   vertex 5.7153 -21.3299 6.1872
   vertex 8.4505 -20.4014 6.1872
   vertex 10.2640 -24.7796 9.5323
  endloop
 endfacet
 facet normal 0.18563 -0.54686 -0.81639
  outer loop
   vertex 5.7153 -21.3299 6.1872
   vertex 10.2640 -24.7796 9.5323
   vertex 6.9418 -25.9073 9.5323
  endloop
 endfacet
 facet normal 0.21965 -0.64707 -0.73011
  outer loop
   vertex 6.9418 -25.9073 9.5323
   vertex 10.2640 -24.7796 9.5323
   vertex 11.8863 -28.6962 13.4915
  endloop
 endfacet
 facet normal 0.21965 -0.64707 -0.73011
  outer loop
   vertex 6.9418 -25.9073 9.5323
   vertex 11.8863 -28.6962 13.4915
   vertex 8.0391 -30.0022 13.4915
  endloop
 endfacet
 facet normal 0.24956 -0.73517 -0.63027
  outer loop
   vertex 8.0391 -30.0022 13.4915
   vertex 11.8863 -28.6962 13.4915
   vertex 13.2872 -32.0782 17.9911
  endloop
 endfacet
 facet normal 0.24956 -0.73517 -0.63027
  outer loop
   vertex 8.0391 -30.0022 13.4915
   vertex 13.2872 -32.0782 17.9911
   vertex 8.9865 -33.5381 17.9911
  endloop
 endfacet
 facet normal 0.27480 -0.80954 -0.51877
  outer loop
   vertex 8.9865 -33.5381 17.9911
   vertex 13.2872 -32.0782 17.9911
   vertex 14.4406 -34.8627 22.9472
  endloop
 endfacet
 facet normal 0.27480 -0.80954 -0.51877
  outer loop
   vertex 8.9865 -33.5381 17.9911
   vertex 14.4406 -34.8627 22.9472
   vertex 9.7666 -36.4493 22.9472
  endloop
 endfacet
 facet normal 0.29493 -0.86883 -0.39768
  outer loop
   vertex 9.7666 -36.4493 22.9472
   vertex 14.4406 -34.8627 22.9472
   vertex 15.3250 -36.9978 28.2676
  endloop
 endfacet
 facet normal 0.29493 -0.86883 -0.39768
  outer loop
   vertex 9.7666 -36.4493 22.9472
   vertex 15.3250 -36.9978 28.2676
   vertex 10.3647 -38.6816 28.2676
  endloop
 endfacet
 facet normal 0.30957 -0.91196 -0.26926
  outer loop
   vertex 10.3647 -38.6816 28.2676
   vertex 15.3250 -36.9978 28.2676
   vertex 15.9239 -38.4436 33.8531
  endloop
 endfacet
 facet normal 0.30957 -0.91196 -0.26926
  outer loop
   vertex 10.3647 -38.6816 28.2676
   vertex 15.9239 -38.4436 33.8531
   vertex 10.7697 -40.1932 33.8531
  endloop
 endfacet
 facet normal 0.31846 -0.93815 -0.13588
  outer loop
   vertex 10.7697 -40.1932 33.8531
   vertex 15.9239 -38.4436 33.8531
   vertex 16.2261 -39.1733 39.5997
  endloop
 endfacet
 facet normal 0.31846 -0.93815 -0.13588
  outer loop
   vertex 10.7697 -40.1932 33.8531
   vertex 16.2261 -39.1733 39.5997
   vertex 10.9742 -40.9561 39.5997
  endloop
 endfacet
 facet normal 0.32144 -0.94693 0.00000
  outer loop
   vertex 10.9742 -40.9561 39.5997
   vertex 16.2261 -39.1733 39.5997
   vertex 16.2261 -39.1733 45.4003
  endloop
 endfacet
 facet normal 0.32144 -0.94693 0.00000
  outer loop
   vertex 10.9742 -40.9561 39.5997
   vertex 16.2261 -39.1733 45.4003
   vertex 10.9742 -40.9561 45.4003
  endloop
 endfacet
 facet normal 0.31846 -0.93815 0.13588
  outer loop
   vertex 10.9742 -40.9561 45.4003
   vertex 16.2261 -39.1733 45.4003
   vertex 15.9239 -38.4436 51.1469
  endloop
 endfacet
 facet normal 0.31846 -0.93815 0.13588
  outer loop
   vertex 10.9742 -40.9561 45.4003
   vertex 15.9239 -38.4436 51.1469
   vertex 10.7697 -40.1932 51.1469
  endloop
 endfacet
 facet normal 0.30957 -0.91196 0.26926
  outer loop
   vertex 10.7697 -40.1932 51.1469
   vertex 15.9239 -38.4436 51.1469
   vertex 15.3250 -36.9978 56.7324
  endloop
 endfacet
 facet normal 0.30957 -0.91196 0.26926
  outer loop
   vertex 10.7697 -40.1932 51.1469
   vertex 15.3250 -36.9978 56.7324
   vertex 10.3647 -38.6816 56.7324
  endloop
 endfacet
 facet normal 0.29493 -0.86883 0.39768
  outer loop
   vertex 10.3647 -38.6816 56.7324
   vertex 15.3250 -36.9978 56.7324
   vertex 14.4406 -34.8627 62.0528
  endloop
 endfacet
 facet normal 0.29493 -0.86883 0.39768
  outer loop
   vertex 10.3647 -38.6816 56.7324
   vertex 14.4406 -34.8627 62.0528
   vertex 9.7666 -36.4493 62.0528
  endloop
 endfacet
 facet normal 0.27480 -0.80954 0.51877
  outer loop
   vertex 9.7666 -36.4493 62.0528
   vertex 14.4406 -34.8627 62.0528
   vertex 13.2872 -32.0782 67.0089
  endloop
 endfacet
 facet normal 0.27480 -0.80954 0.51877
  outer loop
   vertex 9.7666 -36.4493 62.0528
   vertex 13.2872 -32.0782 67.0089
   vertex 8.9865 -33.5381 67.0089
  endloop
 endfacet
 facet normal 0.24956 -0.73517 0.63027
  outer loop
   vertex 8.9865 -33.5381 67.0089
   vertex 13.2872 -32.0782 67.0089
   vertex 11.8863 -28.6962 71.5085
  endloop
 endfacet
 facet normal 0.24956 -0.73517 0.63027
  outer loop
   vertex 8.9865 -33.5381 67.0089
   vertex 11.8863 -28.6962 71.5085
   vertex 8.0391 -30.0022 71.5085
  endloop
 endfacet
 facet normal 0.21965 -0.64707 0.73011
  outer loop
   vertex 8.0391 -30.0022 71.5085
   vertex 11.8863 -28.6962 71.5085
   vertex 10.2640 -24.7796 75.4677
  endloop
 endfacet
 facet normal 0.21965 -0.64707 0.73011
  outer loop
   vertex 8.0391 -30.0022 71.5085
   vertex 10.2640 -24.7796 75.4677
   vertex 6.9418 -25.9073 75.4677
  endloop
 endfacet
 facet normal 0.18563 -0.54686 0.81639
  outer loop
   vertex 6.9418 -25.9073 75.4677
   vertex 10.2640 -24.7796 75.4677
   vertex 8.4505 -20.4014 78.8128
  endloop
 endfacet
 facet normal 0.18563 -0.54686 0.81639
  outer loop
   vertex 6.9418 -25.9073 75.4677
   vertex 8.4505 -20.4014 78.8128
   vertex 5.7153 -21.3299 78.8128
  endloop
 endfacet
 facet normal 0.14813 -0.43639 0.88748
  outer loop
   vertex 5.7153 -21.3299 78.8128
   vertex 8.4505 -20.4014 78.8128
   vertex 6.4796 -15.6432 81.4815
  endloop
 endfacet
 facet normal 0.14813 -0.43639 0.88748
  outer loop
   vertex 5.7153 -21.3299 78.8128
   vertex 6.4796 -15.6432 81.4815
   vertex 4.3823 -16.3551 81.4815
  endloop
 endfacet
 facet normal 0.10785 -0.31771 0.94203
  outer loop
   vertex 4.3823 -16.3551 81.4815
   vertex 6.4796 -15.6432 81.4815
   vertex 4.3880 -10.5935 83.4240
  endloop
 endfacet
 facet normal 0.10785 -0.31771 0.94203
  outer loop
   vertex 4.3823 -16.3551 81.4815
   vertex 4.3880 -10.5935 83.4240
   vertex 2.9677 -11.0757 83.4240
  endloop
 endfacet
 facet normal 0.06553 -0.19305 0.97900
  outer loop
   vertex 2.9677 -11.0757 83.4240
   vertex 4.3880 -10.5935 83.4240
   vertex 2.2146 -5.3466 84.6042
  endloop
 endfacet
 facet normal 0.06553 -0.19305 0.97900
  outer loop
   vertex 2.9677 -11.0757 83.4240
   vertex 2.2146 -5.3466 84.6042
   vertex 1.4978 -5.5899 84.6042
  endloop
 endfacet
 facet normal 0.02198 -0.06476 0.99766
  outer loop
   vertex 1.4978 -5.5899 84.6042
   vertex 2.2146 -5.3466 84.6042
   vertex 0.0000 -0.0000 85.0000
  endloop
 endfacet
 facet normal 0.00000 0.00000 0.00000
  outer loop
   vertex 1.4978 -5.5899 84.6042
   vertex 0.0000 -0.0000 85.0000
   vertex 0.0000 -0.0000 85.0000
  endloop
 endfacet
 facet normal 0.00000 0.00000 0.00000
  outer loop
   vertex 0.0000 -0.0000 0.0000
   vertex 0.0000 -0.0000 0.0000
   vertex 2.8935 -5.0118 0.3958
  endloop
 endfacet
 facet normal 0.03025 -0.06134 -0.99766
  outer loop
   vertex 0.0000 -0.0000 0.0000
   vertex 2.8935 -5.0118 0.3958
   vertex 2.2146 -5.3466 0.3958
  endloop
 endfacet
 facet normal 0.09017 -0.18285 -0.97900
  outer loop
   vertex 2.2146 -5.3466 0.3958
   vertex 2.8935 -5.0118 0.3958
   vertex 5.7332 -9.9302 1.5760
  endloop
 endfacet
 facet normal 0.09017 -0.18285 -0.97900
  outer loop
   vertex 2.2146 -5.3466 0.3958
   vertex 5.7332 -9.9302 1.5760
   vertex 4.3880 -10.5935 1.5760
  endloop
 endfacet
 facet normal 0.14840 -0.30092 -0.94203
  outer loop
   vertex 4.3880 -10.5935 1.5760
   vertex 5.7332 -9.9302 1.5760
   vertex 8.4660 -14.6636 3.5185
  endloop
 endfacet
 facet normal 0.14840 -0.30092 -0.94203
  outer loop
   vertex 4.3880 -10.5935 1.5760
   vertex 8.4660 -14.6636 3.5185
   vertex 6.4796 -15.6432 3.5185
  endloop
 endfacet
 facet normal 0.20383 -0.41332 -0.88748
  outer loop
   vertex 6.4796 -15.6432 3.5185
   vertex 8.4660 -14.6636 3.5185
   vertex 11.0412 -19.1238 6.1872
  endloop
 endfacet
 facet normal 0.20383 -0.41332 -0.88748
  outer loop
   vertex 6.4796 -15.6432 3.5185
   vertex 11.0412 -19.1238 6.1872
   vertex 8.4505 -20.4014 6.1872
  endloop
 endfacet
 facet normal 0.25542 -0.51795 -0.81639
  outer loop
   vertex 8.4505 -20.4014 6.1872
   vertex 11.0412 -19.1238 6.1872
   vertex 13.4106 -23.2279 9.5323
  endloop
 endfacet
 facet normal 0.25542 -0.51795 -0.81639
  outer loop
   vertex 8.4505 -20.4014 6.1872
   vertex 13.4106 -23.2279 9.5323
   vertex 10.2640 -24.7796 9.5323
  endloop
 endfacet
 facet normal 0.30223 -0.61286 -0.73011
  outer loop
   vertex 10.2640 -24.7796 9.5323
   vertex 13.4106 -23.2279 9.5323
   vertex 15.5303 -26.8992 13.4915
  endloop
 endfacet
 facet normal 0.30223 -0.61286 -0.73011
  outer loop
   vertex 10.2640 -24.7796 9.5323
   vertex 15.5303 -26.8992 13.4915
   vertex 11.8863 -28.6962 13.4915
  endloop
 endfacet
 facet normal 0.34338 -0.69631 -0.63027
  outer loop
   vertex 11.8863 -28.6962 13.4915
   vertex 15.5303 -26.8992 13.4915
   vertex 17.3606 -30.0695 17.9911
  endloop
 endfacet
 facet normal 0.34338 -0.69631 -0.63027
  outer loop
   vertex 11.8863 -28.6962 13.4915
   vertex 17.3606 -30.0695 17.9911
   vertex 13.2872 -32.0782 17.9911
  endloop
 endfacet
 facet normal 0.37812 -0.76675 -0.51877
  outer loop
   vertex 13.2872 -32.0782 17.9911
   vertex 17.3606 -30.0695 17.9911
   vertex 18.8676 -32.6796 22.9472
  endloop
 endfacet
 facet normal 0.37812 -0.76675 -0.51877
  outer loop
   vertex 13.2872 -32.0782 17.9911
   vertex 18.8676 -32.6796 22.9472
   vertex 14.4406 -34.8627 22.9472
  endloop
 endfacet
 facet normal 0.40581 -0.82290 -0.39768
  outer loop
   vertex 14.4406 -34.8627 22.9472
   vertex 18.8676 -32.6796 22.9472
   vertex 20.0230 -34.6809 28.2676
  endloop
 endfacet
 facet normal 0.40581 -0.82290 -0.39768
  outer loop
   vertex 14.4406 -34.8627 22.9472
   vertex 20.0230 -34.6809 28.2676
   vertex 15.3250 -36.9978 28.2676
  endloop
 endfacet
 facet normal 0.42595 -0.86375 -0.26926
  outer loop
   vertex 15.3250 -36.9978 28.2676
   vertex 20.0230 -34.6809 28.2676
   vertex 20.8055 -36.0362 33.8531
  endloop
 endfacet
 facet normal 0.42595 -0.86375 -0.26926
  outer loop
   vertex 15.3250 -36.9978 28.2676
   vertex 20.8055 -36.0362 33.8531
   vertex 15.9239 -38.4436 33.8531
  endloop
 endfacet
 facet normal 0.43819 -0.88855 -0.13588
  outer loop
   vertex 15.9239 -38.4436 33.8531
   vertex 20.8055 -36.0362 33.8531
   vertex 21.2005 -36.7203 39.5997
  endloop
 endfacet
 facet normal 0.43819 -0.88855 -0.13588
  outer loop
   vertex 15.9239 -38.4436 33.8531
   vertex 21.2005 -36.7203 39.5997
   vertex 16.2261 -39.1733 39.5997
  endloop
 endfacet
 facet normal 0.44229 -0.89687 0.00000
  outer loop
   vertex 16.2261 -39.1733 39.5997
   vertex 21.2005 -36.7203 39.5997
   vertex 21.2005 -36.7203 45.4003
  endloop
 endfacet
 facet normal 0.44229 -0.89687 0.00000
  outer loop
   vertex 16.2261 -39.1733 39.5997
   vertex 21.2005 -36.7203 45.4003
   vertex 16.2261 -39.1733 45.4003
  endloop
 endfacet
 facet normal 0.43819 -0.88855 0.13588
  outer loop
   vertex 16.2261 -39.1733 45.4003
   vertex 21.2005 -36.7203 45.4003
   vertex 20.8055 -36.0362 51.1469
  endloop
 endfacet
 facet normal 0.43819 -0.88855 0.13588
  outer loop
   vertex 16.2261 -39.1733 45.4003
   vertex 20.8055 -36.0362 51.1469
   vertex 15.9239 -38.4436 51.1469
  endloop
 endfacet
 facet normal 0.42595 -0.86375 0.26926
  outer loop
   vertex 15.9239 -38.4436 51.1469
   vertex 20.8055 -36.0362 51.1469
   vertex 20.0230 -34.6809 56.7324
  endloop
 endfacet
 facet normal 0.42595 -0.86375 0.26926
  outer loop
   vertex 15.9239 -38.4436 51.1469
   vertex 20.0230 -34.6809 56.7324
   vertex 15.3250 -36.9978 56.7324
  endloop
 endfacet
 facet normal 0.40581 -0.82290 0.39768
  outer loop
   vertex 15.3250 -36.9978 56.7324
   vertex 20.0230 -34.6809 56.7324
   vertex 18.8676 -32.6796 62.0528
  endloop
 endfacet
 facet normal 0.40581 -0.82290 0.39768
  outer loop
   vertex 15.3250 -36.9978 56.7324
   vertex 18.8676 -32.6796 62.0528
   vertex 14.4406 -34.8627 62.0528
  endloop
 endfacet
 facet normal 0.37812 -0.76675 0.51877
  outer loop
   vertex 14.4406 -34.8627 62.0528
   vertex 18.8676 -32.6796 62.0528
   vertex 17.3606 -30.0695 67.0089
  endloop
 endfacet
 facet normal 0.37812 -0.76675 0.51877
  outer loop
   vertex 14.4406 -34.8627 62.0528
   vertex 17.3606 -30.0695 67.0089
   vertex 13.2872 -32.0782 67.0089
  endloop
 endfacet
 facet normal 0.34338 -0.69631 0.63027
  outer loop
   vertex 13.2872 -32.0782 67.0089
   vertex 17.3606 -30.0695 67.0089
   vertex 15.5303 -26.8992 71.5085
  endloop
 endfacet
 facet normal 0.34338 -0.69631 0.63027
  outer loop
   vertex 13.2872 -32.0782 67.0089
   vertex 15.5303 -26.8992 71.5085
   vertex 11.8863 -28.6962 71.5085
  endloop
 endfacet
 facet normal 0.30223 -0.61286 0.73011
  outer loop
   vertex 11.8863 -28.6962 71.5085
   vertex 15.5303 -26.8992 71.5085
   vertex 13.4106 -23.2279 75.4677
  endloop
 endfacet
 facet normal 0.30223 -0.61286 0.73011
  outer loop
   vertex 11.8863 -28.6962 71.5085
   vertex 13.4106 -23.2279 75.4677
   vertex 10.2640 -24.7796 75.4677
  endloop
 endfacet
 facet normal 0.25542 -0.51795 0.81639
  outer loop
   vertex 10.2640 -24.7796 75.4677
   vertex 13.4106 -23.2279 75.4677
   vertex 11.0412 -19.1238 78.8128
  endloop
 endfacet
 facet normal 0.25542 -0.51795 0.81639
  outer loop
   vertex 10.2640 -24.7796 75.4677
   vertex 11.0412 -19.1238 78.8128
   vertex 8.4505 -20.4014 78.8128
  endloop
 endfacet
 facet normal 0.20383 -0.41332 0.88748
  outer loop
   vertex 8.4505 -20.4014 78.8128
   vertex 11.0412 -19.1238 78.8128
   vertex 8.4660 -14.6636 81.4815
  endloop
 endfacet
 facet normal 0.20383 -0.41332 0.88748
  outer loop
   vertex 8.4505 -20.4014 78.8128
   vertex 8.4660 -14.6636 81.4815
   vertex 6.4796 -15.6432 81.4815
  endloop
 endfacet
 facet normal 0.14840 -0.30092 0.94203
  outer loop
   vertex 6.4796 -15.6432 81.4815
   vertex 8.4660 -14.6636 81.4815
   vertex 5.7332 -9.9302 83.4240
  endloop
 endfacet
 facet normal 0.14840 -0.30092 0.94203
  outer loop
   vertex 6.4796 -15.6432 81.4815
   vertex 5.7332 -9.9302 83.4240
   vertex 4.3880 -10.5935 83.4240
  endloop
 endfacet
 facet normal 0.09017 -0.18285 0.97900
  outer loop
   vertex 4.3880 -10.5935 83.4240
   vertex 5.7332 -9.9302 83.4240
   vertex 2.8935 -5.0118 84.6042
  endloop
 endfacet
 facet normal 0.09017 -0.18285 0.97900
  outer loop
   vertex 4.3880 -10.5935 83.4240
   vertex 2.8935 -5.0118 84.6042
   vertex 2.2146 -5.3466 84.6042
  endloop
 endfacet
 facet normal 0.03025 -0.06134 0.99766
  outer loop
   vertex 2.2146 -5.3466 84.6042
   vertex 2.8935 -5.0118 84.6042
   vertex 0.0000 -0.0000 85.0000
  endloop
 endfacet
 facet normal 0.00000 0.00000 0.00000
  outer loop
   vertex 2.2146 -5.3466 84.6042
   vertex 0.0000 -0.0000 85.0000
   vertex 0.0000 -0.0000 85.0000
  endloop
 endfacet
 facet normal 0.00000 0.00000 0.00000
  outer loop
   vertex 0.0000 -0.0000 0.0000
   vertex 0.0000 -0.0000 0.0000
   vertex 3.5230 -4.5912 0.3958
  endloop
 endfacet
 facet normal 0.03799 -0.05686 -0.99766
  outer loop
   vertex 0.0000 -0.0000 0.0000
   vertex 3.5230 -4.5912 0.3958
   vertex 2.8935 -5.0118 0.3958
  endloop
 endfacet
 facet normal 0.11327 -0.16952 -0.97900
  outer loop
   vertex 2.8935 -5.0118 0.3958
   vertex 3.5230 -4.5912 0.3958
   vertex 6.9803 -9.0969 1.5760
  endloop
 endfacet
 facet normal 0.11327 -0.16952 -0.97900
  outer loop
   vertex 2.8935 -5.0118 0.3958
   vertex 6.9803 -9.0969 1.5760
   vertex 5.7332 -9.9302 1.5760
  endloop
 endfacet
 facet normal 0.18640 -0.27897 -0.94203
  outer loop
   vertex 5.7332 -9.9302 1.5760
   vertex 6.9803 -9.0969 1.5760
   vertex 10.3076 -13.4331 3.5185
  endloop
 endfacet
 facet normal 0.18640 -0.27897 -0.94203
  outer loop
   vertex 5.7332 -9.9302 1.5760
   vertex 10.3076 -13.4331 3.5185
   vertex 8.4660 -14.6636 3.5185
  endloop
 endfacet
 facet normal 0.25603 -0.38318 -0.88748
  outer loop
   vertex 8.4660 -14.6636 3.5185
   vertex 10.3076 -13.4331 3.5185
   vertex 13.4429 -17.5191 6.1872
  endloop
 endfacet
 facet normal 0.25603 -0.38318 -0.88748
  outer loop
   vertex 8.4660 -14.6636 3.5185
   vertex 13.4429 -17.5191 6.1872
   vertex 11.0412 -19.1238 6.1872
  endloop
 endfacet
 facet normal 0.32084 -0.48018 -0.81639
  outer loop
   vertex 11.0412 -19.1238 6.1872
   vertex 13.4429 -17.5191 6.1872
   vertex 16.3277 -21.2787 9.5323
  endloop
 endfacet
 facet normal 0.32084 -0.48018 -0.81639
  outer loop
   vertex 11.0412 -19.1238 6.1872
   vertex 16.3277 -21.2787 9.5323
   vertex 13.4106 -23.2279 9.5323
  endloop
 endfacet
 facet normal 0.37964 -0.56817 -0.73011
  outer loop
   vertex 13.4106 -23.2279 9.5323
   vertex 16.3277 -21.2787 9.5323
   vertex 18.9085 -24.6420 13.4915
  endloop
 endfacet
 facet normal 0.37964 -0.56817 -0.73011
  outer loop
   vertex 13.4106 -23.2279 9.5323
   vertex 18.9085 -24.6420 13.4915
   vertex 15.5303 -26.8992 13.4915
  endloop
 endfacet
 facet normal 0.43133 -0.64553 -0.63027
  outer loop
   vertex 15.5303 -26.8992 13.4915
   vertex 18.9085 -24.6420 13.4915
   vertex 21.1369 -27.5462 17.9911
  endloop
 endfacet
 facet normal 0.43133 -0.64553 -0.63027
  outer loop
   vertex 15.5303 -26.8992 13.4915
   vertex 21.1369 -27.5462 17.9911
   vertex 17.3606 -30.0695 17.9911
  endloop
 endfacet
 facet normal 0.47496 -0.71083 -0.51877
  outer loop
   vertex 17.3606 -30.0695 17.9911
   vertex 21.1369 -27.5462 17.9911
   vertex 22.9717 -29.9373 22.9472
  endloop
 endfacet
 facet normal 0.47496 -0.71083 -0.51877
  outer loop
   vertex 17.3606 -30.0695 17.9911
   vertex 22.9717 -29.9373 22.9472
   vertex 18.8676 -32.6796 22.9472
  endloop
 endfacet
 facet normal 0.50975 -0.76289 -0.39768
  outer loop
   vertex 18.8676 -32.6796 22.9472
   vertex 22.9717 -29.9373 22.9472
   vertex 24.3785 -31.7707 28.2676
  endloop
 endfacet
 facet normal 0.50975 -0.76289 -0.39768
  outer loop
   vertex 18.8676 -32.6796 22.9472
   vertex 24.3785 -31.7707 28.2676
   vertex 20.0230 -34.6809 28.2676
  endloop
 endfacet
 facet normal 0.53505 -0.80076 -0.26926
  outer loop
   vertex 20.0230 -34.6809 28.2676
   vertex 24.3785 -31.7707 28.2676
   vertex 25.3312 -33.0123 33.8531
  endloop
 endfacet
 facet normal 0.53505 -0.80076 -0.26926
  outer loop
   vertex 20.0230 -34.6809 28.2676
   vertex 25.3312 -33.0123 33.8531
   vertex 20.8055 -36.0362 33.8531
  endloop
 endfacet
 facet normal 0.55042 -0.82376 -0.13588
  outer loop
   vertex 20.8055 -36.0362 33.8531
   vertex 25.3312 -33.0123 33.8531
   vertex 25.8120 -33.6389 39.5997
  endloop
 endfacet
 facet normal 0.55042 -0.82376 -0.13588
  outer loop
   vertex 20.8055 -36.0362 33.8531
   vertex 25.8120 -33.6389 39.5997
   vertex 21.2005 -36.7203 39.5997
  endloop
 endfacet
 facet normal 0.55557 -0.83147 0.00000
  outer loop
   vertex 21.2005 -36.7203 39.5997
   vertex 25.8120 -33.6389 39.5997
   vertex 25.8120 -33.6389 45.4003
  endloop
 endfacet
 facet normal 0.55557 -0.83147 0.00000
  outer loop
   vertex 21.2005 -36.7203 39.5997
   vertex 25.8120 -33.6389 45.4003
   vertex 21.2005 -36.7203 45.4003
  endloop
 endfacet
 facet normal 0.55042 -0.82376 0.13588
  outer loop
   vertex 21.2005 -36.7203 45.4003
   vertex 25.8120 -33.6389 45.4003
   vertex 25.3312 -33.0123 51.1469
  endloop
 endfacet
 facet normal 0.55042 -0.82376 0.13588
  outer loop
   vertex 21.2005 -36.7203 45.4003
   vertex 25.3312 -33.0123 51.1469
   vertex 20.8055 -36.0362 51.1469
  endloop
 endfacet
 facet normal 0.53505 -0.80076 0.26926
  outer loop
   vertex 20.8055 -36.0362 51.1469
   vertex 25.3312 -33.0123 51.1469
   vertex 24.3785 -31.7707 56.7324
  endloop
 endfacet
 facet normal 0.53505 -0.80076 0.26926
  outer loop
   vertex 20.8055 -36.0362 51.1469
   vertex 24.3785 -31.7707 56.7324
   vertex 20.0230 -34.6809 56.7324
  endloop
 endfacet
 facet normal 0.50975 -0.76289 0.39768
  outer loop
   vertex 20.0230 -34.6809 56.7324
   vertex 24.3785 -31.7707 56.7324
   vertex 22.9717 -29.9373 62.0528
  endloop
 endfacet
 facet normal 0.50975 -0.76289 0.39768
  outer loop
   vertex 20.0230 -34.6809 56.7324
   vertex 22.9717 -29.9373 62.0528
   vertex 18.8676 -32.6796 62.0528
  endloop
 endfacet
 facet normal 0.47496 -0.71083 0.51877
  outer loop
   vertex 18.8676 -32.6796 62.0528
   vertex 22.9717 -29.9373 62.0528
   vertex 21.1369 -27.5462 67.0089
  endloop
 endfacet
 facet normal 0.47496 -0.71083 0.51877
  outer loop
   vertex 18.8676 -32.6796 62.0528
   vertex 21.1369 -27.5462 67.0089
   vertex 17.3606 -30.0695 67.0089
  endloop
 endfacet
 facet normal 0.43133 -0.64553 0.63027
  outer loop
   vertex 17.3606 -30.0695 67.0089
   vertex 21.1369 -27.5462 67.0089
   vertex 18.9085 -24.6420 71.5085
  endloop
 endfacet
 facet normal 0.43133 -0.64553 0.63027
  outer loop
   vertex 17.3606 -30.0695 67.0089
   vertex 18.9085 -24.6420 71.5085
   vertex 15.5303 -26.8992 71.5085
  endloop
 endfacet
 facet normal 0.37964 -0.56817 0.73011
  outer loop
   vertex 15.5303 -26.8992 71.5085
   vertex 18.9085 -24.6420 71.5085
   vertex 16.3277 -21.2787 75.4677
  endloop
 endfacet
 facet normal 0.37964 -0.56817 0.73011
  outer loop
   vertex 15.5303 -26.8992 71.5085
   vertex 16.3277 -21.2787 75.4677
   vertex 13.4106 -23.2279 75.4677
  endloop
 endfacet
 facet normal 0.32084 -0.48018 0.81639
  outer loop
   vertex 13.4106 -23.2279 75.4677
   vertex 16.3277 -21.2787 75.4677
   vertex 13.4429 -17.5191 78.8128
  endloop
 endfacet
 facet normal 0.32084 -0.48018 0.81639
  outer loop
   vertex 13.4106 -23.2279 75.4677
   vertex 13.4429 -17.5191 78.8128
   vertex 11.0412 -19.1238 78.8128
  endloop
 endfacet
 facet normal 0.25603 -0.38318 0.88748
  outer loop
   vertex 11.0412 -19.1238 78.8128
   vertex 13.4429 -17.5191 78.8128
   vertex 10.3076 -13.4331 81.4815
  endloop
 endfacet
 facet normal 0.25603 -0.38318 0.88748
  outer loop
   vertex 11.0412 -19.1238 78.8128
   vertex 10.3076 -13.4331 81.4815
   vertex 8.4660 -14.6636 81.4815
  endloop
 endfacet
 facet normal 0.18640 -0.27897 0.94203
  outer loop
   vertex 8.4660 -14.6636 81.4815
   vertex 10.3076 -13.4331 81.4815
   vertex 6.9803 -9.0969 83.4240
  endloop
 endfacet
 facet normal 0.18640 -0.27897 0.94203
  outer loop
   vertex 8.4660 -14.6636 81.4815
   vertex 6.9803 -9.0969 83.4240
   vertex 5.7332 -9.9302 83.4240
  endloop
 endfacet
 facet normal 0.11327 -0.16952 0.97900
  outer loop
   vertex 5.7332 -9.9302 83.4240
   vertex 6.9803 -9.0969 83.4240
   vertex 3.5230 -4.5912 84.6042
  endloop
 endfacet
 facet normal 0.11327 -0.16952 0.97900
  outer loop
   vertex 5.7332 -9.9302 83.4240
   vertex 3.5230 -4.5912 84.6042
   vertex 2.8935 -5.0118 84.6042
  endloop
 endfacet
 facet normal 0.03799 -0.05686 0.99766
  outer loop
   vertex 2.8935 -5.0118 84.6042
   vertex 3.5230 -4.5912 84.6042
   vertex 0.0000 -0.0000 85.0000
  endloop
 endfacet
 facet normal 0.00000 0.00000 0.00000
  outer loop
   vertex 2.8935 -5.0118 84.6042
   vertex 0.0000 -0.0000 85.0000
   vertex 0.0000 -0.0000 85.0000
  endloop
 endfacet
 facet normal 0.00000 0.00000 0.00000
  outer loop
   vertex 0.0000 -0.0000 0.0000
   vertex 0.0000 -0.0000 0.0000
   vertex 4.0921 -4.0921 0.3958
  endloop
 endfacet
 facet normal 0.04509 -0.05142 -0.99766
  outer loop
   vertex 0.0000 -0.0000 0.0000
   vertex 4.0921 -4.0921 0.3958
   vertex 3.5230 -4.5912 0.3958
  endloop
 endfacet
 facet normal 0.13442 -0.15328 -0.97900
  outer loop
   vertex 3.5230 -4.5912 0.3958
   vertex 4.0921 -4.0921 0.3958
   vertex 8.1079 -8.1079 1.5760
  endloop
 endfacet
 facet normal 0.13442 -0.15328 -0.97900
  outer loop
   vertex 3.5230 -4.5912 0.3958
   vertex 8.1079 -8.1079 1.5760
   vertex 6.9803 -9.0969 1.5760
  endloop
 endfacet
 facet normal 0.22122 -0.25226 -0.94203
  outer loop
   vertex 6.9803 -9.0969 1.5760
   vertex 8.1079 -8.1079 1.5760
   vertex 11.9728 -11.9728 3.5185
  endloop
 endfacet
 facet normal 0.22122 -0.25226 -0.94203
  outer loop
   vertex 6.9803 -9.0969 1.5760
   vertex 11.9728 -11.9728 3.5185
   vertex 10.3076 -13.4331 3.5185
  endloop
 endfacet
 facet normal 0.30385 -0.34648 -0.88748
  outer loop
   vertex 10.3076 -13.4331 3.5185
   vertex 11.9728 -11.9728 3.5185
   vertex 15.6146 -15.6146 6.1872
  endloop
 endfacet
 facet normal 0.30385 -0.34648 -0.88748
  outer loop
   vertex 10.3076 -13.4331 3.5185
   vertex 15.6146 -15.6146 6.1872
   vertex 13.4429 -17.5191 6.1872
  endloop
 endfacet
 facet normal 0.38078 -0.43419 -0.81639
  outer loop
   vertex 13.4429 -17.5191 6.1872
   vertex 15.6146 -15.6146 6.1872
   vertex 18.9655 -18.9655 9.5323
  endloop
 endfacet
 facet normal 0.38078 -0.43419 -0.81639
  outer loop
   vertex 13.4429 -17.5191 6.1872
   vertex 18.9655 -18.9655 9.5323
   vertex 16.3277 -21.2787 9.5323
  endloop
 endfacet
 facet normal 0.45055 -0.51376 -0.73011
  outer loop
   vertex 16.3277 -21.2787 9.5323
   vertex 18.9655 -18.9655 9.5323
   vertex 21.9631 -21.9631 13.4915
  endloop
 endfacet
 facet normal 0.45055 -0.51376 -0.73011
  outer loop
   vertex 16.3277 -21.2787 9.5323
   vertex 21.9631 -21.9631 13.4915
   vertex 18.9085 -24.6420 13.4915
  endloop
 endfacet
 facet normal 0.51190 -0.58371 -0.63027
  outer loop
   vertex 18.9085 -24.6420 13.4915
   vertex 21.9631 -21.9631 13.4915
   vertex 24.5516 -24.5516 17.9911
  endloop
 endfacet
 facet normal 0.51190 -0.58371 -0.63027
  outer loop
   vertex 18.9085 -24.6420 13.4915
   vertex 24.5516 -24.5516 17.9911
   vertex 21.1369 -27.5462 17.9911
  endloop
 endfacet
 facet normal 0.56368 -0.64276 -0.51877
  outer loop
   vertex 21.1369 -27.5462 17.9911
   vertex 24.5516 -24.5516 17.9911
   vertex 26.6828 -26.6828 22.9472
  endloop
 endfacet
 facet normal 0.56368 -0.64276 -0.51877
  outer loop
   vertex 21.1369 -27.5462 17.9911
   vertex 26.6828 -26.6828 22.9472
   vertex 22.9717 -29.9373 22.9472
  endloop
 endfacet
 facet normal 0.60496 -0.68983 -0.39768
  outer loop
   vertex 22.9717 -29.9373 22.9472
   vertex 26.6828 -26.6828 22.9472
   vertex 28.3169 -28.3169 28.2676
  endloop
 endfacet
 facet normal 0.60496 -0.68983 -0.39768
  outer loop
   vertex 22.9717 -29.9373 22.9472
   vertex 28.3169 -28.3169 28.2676
   vertex 24.3785 -31.7707 28.2676
  endloop
 endfacet
 facet normal 0.63499 -0.72407 -0.26926
  outer loop
   vertex 24.3785 -31.7707 28.2676
   vertex 28.3169 -28.3169 28.2676
   vertex 29.4235 -29.4235 33.8531
  endloop
 endfacet
 facet normal 0.63499 -0.72407 -0.26926
  outer loop
   vertex 24.3785 -31.7707 28.2676
   vertex 29.4235 -29.4235 33.8531
   vertex 25.3312 -33.0123 33.8531
  endloop
 endfacet
 facet normal 0.65323 -0.74487 -0.13588
  outer loop
   vertex 25.3312 -33.0123 33.8531
   vertex 29.4235 -29.4235 33.8531
   vertex 29.9820 -29.9820 39.5997
  endloop
 endfacet
 facet normal 0.65323 -0.74487 -0.13588
  outer loop
   vertex 25.3312 -33.0123 33.8531
   vertex 29.9820 -29.9820 39.5997
   vertex 25.8120 -33.6389 39.5997
  endloop
 endfacet
 facet normal 0.65935 -0.75184 0.00000
  outer loop
   vertex 25.8120 -33.6389 39.5997
   vertex 29.9820 -29.9820 39.5997
   vertex 29.9820 -29.9820 45.4003
  endloop
 endfacet
 facet normal 0.65935 -0.75184 0.00000
  outer loop
   vertex 25.8120 -33.6389 39.5997
   vertex 29.9820 -29.9820 45.4003
   vertex 25.8120 -33.6389 45.4003
  endloop
 endfacet
 facet normal 0.65323 -0.74487 0.13588
  outer loop
   vertex 25.8120 -33.6389 45.4003
   vertex 29.9820 -29.9820 45.4003
   vertex 29.4235 -29.4235 51.1469
  endloop
 endfacet
 facet normal 0.65323 -0.74487 0.13588
  outer loop
   vertex 25.8120 -33.6389 45.4003
   vertex 29.4235 -29.4235 51.1469
   vertex 25.3312 -33.0123 51.1469
  endloop
 endfacet
 facet normal 0.63499 -0.72407 0.26926
  outer loop
   vertex 25.3312 -33.0123 51.1469
   vertex 29.4235 -29.4235 51.1469
   vertex 28.3169 -28.3169 56.7324
  endloop
 endfacet
 facet normal 0.63499 -0.72407 0.26926
  outer loop
   vertex 25.3312 -33.0123 51.1469
   vertex 28.3169 -28.3169 56.7324
   vertex 24.3785 -31.7707 56.7324
  endloop
 endfacet
 facet normal 0.60496 -0.68983 0.39768
  outer loop
   vertex 24.3785 -31.7707 56.7324
   vertex 28.3169 -28.3169 56.7324
   vertex 26.6828 -26.6828 62.0528
  endloop
 endfacet
 facet normal 0.60496 -0.68983 0.39768
  outer loop
   vertex 24.3785 -31.7707 56.7324
   vertex 26.6828 -26.6828 62.0528
   vertex 22.9717 -29.9373 62.0528
  endloop
 endfacet
 facet normal 0.56368 -0.64276 0.51877
  outer loop
   vertex 22.9717 -29.9373 62.0528
   vertex 26.6828 -26.6828 62.0528
   vertex 24.5516 -24.5516 67.0089
  endloop
 endfacet
 facet normal 0.56368 -0.64276 0.51877
  outer loop
   vertex 22.9717 -29.9373 62.0528
   vertex 24.5516 -24.5516 67.0089
   vertex 21.1369 -27.5462 67.0089
  endloop
 endfacet
 facet normal 0.51190 -0.58371 0.63027
  outer loop
   vertex 21.1369 -27.5462 67.0089
   vertex 24.5516 -24.5516 67.0089
   vertex 21.9631 -21.9631 71.5085
  endloop
 endfacet
 facet normal 0.51190 -0.58371 0.63027
  outer loop
   vertex 21.1369 -27.5462 67.0089
   vertex 21.9631 -21.9631 71.5085
   vertex 18.9085 -24.6420 71.5085
  endloop
 endfacet
 facet normal 0.45055 -0.51376 0.73011
  outer loop
   vertex 18.9085 -24.6420 71.5085
   vertex 21.9631 -21.9631 71.5085
   vertex 18.9655 -18.9655 75.4677
  endloop
 endfacet
 facet normal 0.45055 -0.51376 0.73011
  outer loop
   vertex 18.9085 -24.6420 71.5085
   vertex 18.9655 -18.9655 75.4677
   vertex 16.3277 -21.2787 75.4677
  endloop
 endfacet
 facet normal 0.38078 -0.43419 0.81639
  outer loop
   vertex 16.3277 -21.2787 75.4677
   vertex 18.9655 -18.9655 75.4677
   vertex 15.6146 -15.6146 78.8128
  endloop
 endfacet
 facet normal 0.38078 -0.43419 0.81639
  outer loop
   vertex 16.3277 -21.2787 75.4677
   vertex 15.6146 -15.6146 78.8128
   vertex 13.4429 -17.5191 78.8128
  endloop
 endfacet
 facet normal 0.30385 -0.34648 0.88748
  outer loop
   vertex 13.4429 -17.5191 78.8128
   vertex 15.6146 -15.6146 78.8128
   vertex 11.9728 -11.9728 81.4815
  endloop
 endfacet
 facet normal 0.30385 -0.34648 0.88748
  outer loop
   vertex 13.4429 -17.5191 78.8128
   vertex 11.9728 -11.9728 81.4815
   vertex 10.3076 -13.4331 81.4815
  endloop
 endfacet
 facet normal 0.22122 -0.25226 0.94203
  outer loop
   vertex 10.3076 -13.4331 81.4815
   vertex 11.9728 -11.9728 81.4815
   vertex 8.1079 -8.1079 83.4240
  endloop
 endfacet
 facet normal 0.22122 -0.25226 0.94203
  outer loop
   vertex 10.3076 -13.4331 81.4815
   vertex 8.1079 -8.1079 83.4240
   vertex 6.9803 -9.0969 83.4240
  endloop
 endfacet
 facet normal 0.13442 -0.15328 0.97900
  outer loop
   vertex 6.9803 -9.0969 83.4240
   vertex 8.1079 -8.1079 83.4240
   vertex 4.0921 -4.0921 84.6042
  endloop
 endfacet
 facet normal 0.13442 -0.15328 0.97900
  outer loop
   vertex 6.9803 -9.0969 83.4240
   vertex 4.0921 -4.0921 84.6042
   vertex 3.5230 -4.5912 84.6042
  endloop
 endfacet
 facet normal 0.04509 -0.05142 0.99766
  outer loop
   vertex 3.5230 -4.5912 84.6042
   vertex 4.0921 -4.0921 84.6042
   vertex 0.0000 -0.0000 85.0000
  endloop
 endfacet
 facet normal 0.00000 0.00000 0.00000
  outer loop
   vertex 3.5230 -4.5912 84.6042
   vertex 0.0000 -0.0000 85.0000
   vertex 0.0000 -0.0000 85.0000
  endloop
 endfacet
 facet normal 0.00000 0.00000 0.00000
  outer loop
   vertex 0.0000 -0.0000 0.0000
   vertex 0.0000 -0.0000 0.0000
   vertex 4.5912 -3.5230 0.3958
  endloop
 endfacet
 facet normal 0.05142 -0.04509 -0.99766
  outer loop
   vertex 0.0000 -0.0000 0.0000
   vertex 4.5912 -3.5230 0.3958
   vertex 4.0921 -4.0921 0.3958
  endloop
 endfacet
 facet normal 0.15328 -0.13442 -0.97900
  outer loop
   vertex 4.0921 -4.0921 0.3958
   vertex 4.5912 -3.5230 0.3958
   vertex 9.0969 -6.9803 1.5760
  endloop
 endfacet
 facet normal 0.15328 -0.13442 -0.97900
  outer loop
   vertex 4.0921 -4.0921 0.3958
   vertex 9.0969 -6.9803 1.5760
   vertex 8.1079 -8.1079 1.5760
  endloop
 endfacet
 facet normal 0.25226 -0.22122 -0.94203
  outer loop
   vertex 8.1079 -8.1079 1.5760
   vertex 9.0969 -6.9803 1.5760
   vertex 13.4331 -10.3076 3.5185
  endloop
 endfacet
 facet normal 0.25226 -0.22122 -0.94203
  outer loop
   vertex 8.1079 -8.1079 1.5760
   vertex 13.4331 -10.3076 3.5185
   vertex 11.9728 -11.9728 3.5185
  endloop
 endfacet
 facet normal 0.34648 -0.30385 -0.88748
  outer loop
   vertex 11.9728 -11.9728 3.5185
   vertex 13.4331 -10.3076 3.5185
   vertex 17.5191 -13.4429 6.1872
  endloop
 endfacet
 facet normal 0.34648 -0.30385 -0.88748
  outer loop
   vertex 11.9728 -11.9728 3.5185
   vertex 17.5191 -13.4429 6.1872
   vertex 15.6146 -15.6146 6.1872
  endloop
 endfacet
 facet normal 0.43419 -0.38078 -0.81639
  outer loop
   vertex 15.6146 -15.6146 6.1872
   vertex 17.5191 -13.4429 6.1872
   vertex 21.2787 -16.3277 9.5323
  endloop
 endfacet
 facet normal 0.43419 -0.38078 -0.81639
  outer loop
   vertex 15.6146 -15.6146 6.1872
   vertex 21.2787 -16.3277 9.5323
   vertex 18.9655 -18.9655 9.5323
  endloop
 endfacet
 facet normal 0.51376 -0.45055 -0.73011
  outer loop
   vertex 18.9655 -18.9655 9.5323
   vertex 21.2787 -16.3277 9.5323
   vertex 24.6420 -18.9085 13.4915
  endloop
 endfacet
 facet normal 0.51376 -0.45055 -0.73011
  outer loop
   vertex 18.9655 -18.9655 9.5323
   vertex 24.6420 -18.9085 13.4915
   vertex 21.9631 -21.9631 13.4915
  endloop
 endfacet
 facet normal 0.58371 -0.51190 -0.63027
  outer loop
   vertex 21.9631 -21.9631 13.4915
   vertex 24.6420 -18.9085 13.4915
   vertex 27.5462 -21.1369 17.9911
  endloop
 endfacet
 facet normal 0.58371 -0.51190 -0.63027
  outer loop
   vertex 21.9631 -21.9631 13.4915
   vertex 27.5462 -21.1369 17.9911
   vertex 24.5516 -24.5516 17.9911
  endloop
 endfacet
 facet normal 0.64276 -0.56368 -0.51877
  outer loop
   vertex 24.5516 -24.5516 17.9911
   vertex 27.5462 -21.1369 17.9911
   vertex 29.9373 -22.9717 22.9472
  endloop
 endfacet
 facet normal 0.64276 -0.56368 -0.51877
  outer loop
   vertex 24.5516 -24.5516 17.9911
   vertex 29.9373 -22.9717 22.9472
   vertex 26.6828 -26.6828 22.9472
  endloop
 endfacet
 facet normal 0.68983 -0.60496 -0.39768
  outer loop
   vertex 26.6828 -26.6828 22.9472
   vertex 29.9373 -22.9717 22.9472
   vertex 31.7707 -24.3785 28.2676
  endloop
 endfacet
 facet normal 0.68983 -0.60496 -0.39768
  outer loop
   vertex 26.6828 -26.6828 22.9472
   vertex 31.7707 -24.3785 28.2676
   vertex 28.3169 -28.3169 28.2676
  endloop
 endfacet
 facet normal 0.72407 -0.63499 -0.26926
  outer loop
   vertex 28.3169 -28.3169 28.2676
   vertex 31.7707 -24.3785 28.2676
   vertex 33.0123 -25.3312 33.8531
  endloop
 endfacet
 facet normal 0.72407 -0.63499 -0.26926
  outer loop
   vertex 28.3169 -28.3169 28.2676
   vertex 33.0123 -25.3312 33.8531
   vertex 29.4235 -29.4235 33.8531
  endloop
 endfacet
 facet normal 0.74487 -0.65323 -0.13588
  outer loop
   vertex 29.4235 -29.4235 33.8531
   vertex 33.0123 -25.3312 33.8531
   vertex 33.6389 -25.8120 39.5997
  endloop
 endfacet
 facet normal 0.74487 -0.65323 -0.13588
  outer loop
   vertex 29.4235 -29.4235 33.8531
   vertex 33.6389 -25.8120 39.5997
   vertex 29.9820 -29.9820 39.5997
  endloop
 endfacet
 facet normal 0.75184 -0.65935 0.00000
  outer loop
   vertex 29.9820 -29.9820 39.5997
   vertex 33.6389 -25.8120 39.5997
   vertex 33.6389 -25.8120 45.4003
  endloop
 endfacet
 facet normal 0.75184 -0.65935 0.00000
  outer loop
   vertex 29.9820 -29.9820 39.5997
   vertex 33.6389 -25.8120 45.4003
   vertex 29.9820 -29.9820 45.4003
  endloop
 endfacet
 facet normal 0.74487 -0.65323 0.13588
  outer loop
   vertex 29.9820 -29.9820 45.4003
   vertex 33.6389 -25.8120 45.4003
   vertex 33.0123 -25.3312 51.1469
  endloop
 endfacet
 facet normal 0.74487 -0.65323 0.13588
  outer loop
   vertex 29.9820 -29.9820 45.4003
   vertex 33.0123 -25.3312 51.1469
   vertex 29.4235 -29.4235 51.1469
  endloop
 endfacet
 facet normal 0.72407 -0.63499 0.26926
  outer loop
   vertex 29.4235 -29.4235 51.1469
   vertex 33.0123 -25.3312 51.1469
   vertex 31.7707 -24.3785 56.7324
  endloop
 endfacet
 facet normal 0.72407 -0.63499 0.26926
  outer loop
   vertex 29.4235 -29.4235 51.1469
   vertex 31.7707 -24.3785 56.7324
   vertex 28.3169 -28.3169 56.7324
  endloop
 endfacet
 facet normal 0.68983 -0.60496 0.39768
  outer loop
   vertex 28.3169 -28.3169 56.7324
   vertex 31.7707 -24.3785 56.7324
   vertex 29.9373 -22.9717 62.0528
  endloop
 endfacet
 facet normal 0.68983 -0.60496 0.39768
  outer loop
   vertex 28.3169 -28.3169 56.7324
   vertex 29.9373 -22.9717 62.0528
   vertex 26.6828 -26.6828 62.0528
  endloop
 endfacet
 facet normal 0.64276 -0.56368 0.51877
  outer loop
   vertex 26.6828 -26.6828 62.0528
   vertex 29.9373 -22.9717 62.0528
   vertex 27.5462 -21.1369 67.0089
  endloop
 endfacet
 facet normal 0.64276 -0.56368 0.51877
  outer loop
   vertex 26.6828 -26.6828 62.0528
   vertex 27.5462 -21.1369 67.0089
   vertex 24.5516 -24.5516 67.0089
  endloop
 endfacet
 facet normal 0.58371 -0.51190 0.63027
  outer loop
   vertex 24.5516 -24.5516 67.0089
   vertex 27.5462 -21.1369 67.0089
   vertex 24.6420 -18.9085 71.5085
  endloop
 endfacet
 facet normal 0.58371 -0.51190 0.63027
  outer loop
   vertex 24.5516 -24.5516 67.0089
   vertex 24.6420 -18.9085 71.5085
   vertex 21.9631 -21.9631 71.5085
  endloop
 endfacet
 facet normal 0.51376 -0.45055 0.73011
  outer loop
   vertex 21.9631 -21.9631 71.5085
   vertex 24.6420 -18.9085 71.5085
   vertex 21.2787 -16.3277 75.4677
  endloop
 endfacet
 facet normal 0.51376 -0.45055 0.73011
  outer loop
   vertex 21.9631 -21.9631 71.5085
   vertex 21.2787 -16.3277 75.4677
   vertex 18.9655 -18.9655 75.4677
  endloop
 endfacet
 facet normal 0.43419 -0.38078 0.81639
  outer loop
   vertex 18.9655 -18.9655 75.4677
   vertex 21.2787 -16.3277 75.4677
   vertex 17.5191 -13.4429 78.8128
  endloop
 endfacet
 facet normal 0.43419 -0.38078 0.81639
  outer loop
   vertex 18.9655 -18.9655 75.4677
   vertex 17.5191 -13.4429 78.8128
   vertex 15.6146 -15.6146 78.8128
  endloop
 endfacet
 facet normal 0.34648 -0.30385 0.88748
  outer loop
   vertex 15.6146 -15.6146 78.8128
   vertex 17.5191 -13.4429 78.8128
   vertex 13.4331 -10.3076 81.4815
  endloop
 endfacet
 facet normal 0.34648 -0.30385 0.88748
  outer loop
   vertex 15.6146 -15.6146 78.8128
   vertex 13.4331 -10.3076 81.4815
   vertex 11.9728 -11.9728 81.4815
  endloop
 endfacet
 facet normal 0.25226 -0.22122 0.94203
  outer loop
   vertex 11.9728 -11.9728 81.4815
   vertex 13.4331 -10.3076 81.4815
   vertex 9.0969 -6.9803 83.4240
  endloop
 endfacet
 facet normal 0.25226 -0.22122 0.94203
  outer loop
   vertex 11.9728 -11.9728 81.4815
   vertex 9.0969 -6.9803 83.4240
   vertex 8.1079 -8.1079 83.4240
  endloop
 endfacet
 facet normal 0.15328 -0.13442 0.97900
  outer loop
   vertex 8.1079 -8.1079 83.4240
   vertex 9.0969 -6.9803 83.4240
   vertex 4.5912 -3.5230 84.6042
  endloop
 endfacet
 facet normal 0.15328 -0.13442 0.97900
  outer loop
   vertex 8.1079 -8.1079 83.4240
   vertex 4.5912 -3.5230 84.6042
   vertex 4.0921 -4.0921 84.6042
  endloop
 endfacet
 facet normal 0.05142 -0.04509 0.99766
  outer loop
   vertex 4.0921 -4.0921 84.6042
   vertex 4.5912 -3.5230 84.6042
   vertex 0.0000 -0.0000 85.0000
  endloop
 endfacet
 facet normal 0.00000 0.00000 0.00000
  outer loop
   vertex 4.0921 -4.0921 84.6042
   vertex 0.0000 -0.0000 85.0000
   vertex 0.0000 -0.0000 85.0000
  endloop
 endfacet
 facet normal 0.00000 0.00000 0.00000
  outer loop
   vertex 0.0000 -0.0000 0.0000
   vertex 0.0000 -0.0000 0.0000
   vertex 5.0118 -2.8935 0.3958
  endloop
 endfacet
 facet normal 0.05686 -0.03799 -0.99766
  outer loop
   vertex 0.0000 -0.0000 0.0000
   vertex 5.0118 -2.8935 0.3958
   vertex 4.5912 -3.5230 0.3958
  endloop
 endfacet
 facet normal 0.16952 -0.11327 -0.97900
  outer loop
   vertex 4.5912 -3.5230 0.3958
   vertex 5.0118 -2.8935 0.3958
   vertex 9.9302 -5.7332 1.5760
  endloop
 endfacet
 facet normal 0.16952 -0.11327 -0.97900
  outer loop
   vertex 4.5912 -3.5230 0.3958
   vertex 9.9302 -5.7332 1.5760
   vertex 9.0969 -6.9803 1.5760
  endloop
 endfacet
 facet normal 0.27897 -0.18640 -0.94203
  outer loop
   vertex 9.0969 -6.9803 1.5760
   vertex 9.9302 -5.7332 1.5760
   vertex 14.6636 -8.4660 3.5185
  endloop
 endfacet
 facet normal 0.27897 -0.18640 -0.94203
  outer loop
   vertex 9.0969 -6.9803 1.5760
   vertex 14.6636 -8.4660 3.5185
   vertex 13.4331 -10.3076 3.5185
  endloop
 endfacet
 facet normal 0.38318 -0.25603 -0.88748
  outer loop
   vertex 13.4331 -10.3076 3.5185
   vertex 14.6636 -8.4660 3.5185
   vertex 19.1238 -11.0412 6.1872
  endloop
 endfacet
 facet normal 0.38318 -0.25603 -0.88748
  outer loop
   vertex 13.4331 -10.3076 3.5185
   vertex 19.1238 -11.0412 6.1872
   vertex 17.5191 -13.4429 6.1872
  endloop
 endfacet
 facet normal 0.48018 -0.32084 -0.81639
  outer loop
   vertex 17.5191 -13.4429 6.1872
   vertex 19.1238 -11.0412 6.1872
   vertex 23.2279 -13.4106 9.5323
  endloop
 endfacet
 facet normal 0.48018 -0.32084 -0.81639
  outer loop
   vertex 17.5191 -13.4429 6.1872
   vertex 23.2279 -13.4106 9.5323
   vertex 21.2787 -16.3277 9.5323
  endloop
 endfacet
 facet normal 0.56817 -0.37964 -0.73011
  outer loop
   vertex 21.2787 -16.3277 9.5323
   vertex 23.2279 -13.4106 9.5323
   vertex 26.8992 -15.5303 13.4915
  endloop
 endfacet
 facet normal 0.56817 -0.37964 -0.73011
  outer loop
   vertex 21.2787 -16.3277 9.5323
   vertex 26.8992 -15.5303 13.4915
   vertex 24.6420 -18.9085 13.4915
  endloop
 endfacet
 facet normal 0.64553 -0.43133 -0.63027
  outer loop
   vertex 24.6420 -18.9085 13.4915
   vertex 26.8992 -15.5303 13.4915
   vertex 30.0695 -17.3606 17.9911
  endloop
 endfacet
 facet normal 0.64553 -0.43133 -0.63027
  outer loop
   vertex 24.6420 -18.9085 13.4915
   vertex 30.0695 -17.3606 17.9911
   vertex 27.5462 -21.1369 17.9911
  endloop
 endfacet
 facet normal 0.71083 -0.47496 -0.51877
  outer loop
   vertex 27.5462 -21.1369 17.9911
   vertex 30.0695 -17.3606 17.9911
   vertex 32.6796 -18.8676 22.9472
  endloop
 endfacet
 facet normal 0.71083 -0.47496 -0.51877
  outer loop
   vertex 27.5462 -21.1369 17.9911
   vertex 32.6796 -18.8676 22.9472
   vertex 29.9373 -22.9717 22.9472
  endloop
 endfacet
 facet normal 0.76289 -0.50975 -0.39768
  outer loop
   vertex 29.9373 -22.9717 22.9472
   vertex 32.6796 -18.8676 22.9472
   vertex 34.6809 -20.0230 28.2676
  endloop
 endfacet
 facet normal 0.76289 -0.50975 -0.39768
  outer loop
   vertex 29.9373 -22.9717 22.9472
   vertex 34.6809 -20.0230 28.2676
   vertex 31.7707 -24.3785 28.2676
  endloop
 endfacet
 facet normal 0.80076 -0.53505 -0.26926
  outer loop
   vertex 31.7707 -24.3785 28.2676
   vertex 34.6809 -20.0230 28.2676
   vertex 36.0362 -20.8055 33.8531
  endloop
 endfacet
 facet normal 0.80076 -0.53505 -0.26926
  outer loop
   vertex 31.7707 -24.3785 28.2676
   vertex 36.0362 -20.8055 33.8531
   vertex 33.0123 -25.3312 33.8531
  endloop
 endfacet
 facet normal 0.82376 -0.55042 -0.13588
  outer loop
   vertex 33.0123 -25.3312 33.8531
   vertex 36.0362 -20.8055 33.8531
   vertex 36.7203 -21.2005 39.5997
  endloop
 endfacet
 facet normal 0.82376 -0.55042 -0.13588
  outer loop
   vertex 33.0123 -25.3312 33.8531
   vertex 36.7203 -21.2005 39.5997
   vertex 33.6389 -25.8120 39.5997
  endloop
 endfacet
 facet normal 0.83147 -0.55557 0.00000
  outer loop
   vertex 33.6389 -25.8120 39.5997
   vertex 36.7203 -21.2005 39.5997
   vertex 36.7203 -21.2005 45.4003
  endloop
 endfacet
 facet normal 0.83147 -0.55557 0.00000
  outer loop
   vertex 33.6389 -25.8120 39.5997
   vertex 36.7203 -21.2005 45.4003
   vertex 33.6389 -25.8120 45.4003
  endloop
 endfacet
 facet normal 0.82376 -0.55042 0.13588
  outer loop
   vertex 33.6389 -25.8120 45.4003
   vertex 36.7203 -21.2005 45.4003
   vertex 36.0362 -20.8055 51.1469
  endloop
 endfacet
 facet normal 0.82376 -0.55042 0.13588
  outer loop
   vertex 33.6389 -25.8120 45.4003
   vertex 36.0362 -20.8055 51.1469
   vertex 33.0123 -25.3312 51.1469
  endloop
 endfacet
 facet normal 0.80076 -0.53505 0.26926
  outer loop
   vertex 33.0123 -25.3312 51.1469
   vertex 36.0362 -20.8055 51.1469
   vertex 34.6809 -20.0230 56.7324
  endloop
 endfacet
 facet normal 0.80076 -0.53505 0.26926
  outer loop
   vertex 33.0123 -25.3312 51.1469
   vertex 34.6809 -20.0230 56.7324
   vertex 31.7707 -24.3785 56.7324
  endloop
 endfacet
 facet normal 0.76289 -0.50975 0.39768
  outer loop
   vertex 31.7707 -24.3785 56.7324
   vertex 34.6809 -20.0230 56.7324
   vertex 32.6796 -18.8676 62.0528
  endloop
 endfacet
 facet normal 0.76289 -0.50975 0.39768
  outer loop
   vertex 31.7707 -24.3785 56.7324
   vertex 32.6796 -18.8676 62.0528
   vertex 29.9373 -22.9717 62.0528
  endloop
 endfacet
 facet normal 0.71083 -0.47496 0.51877
  outer loop
   vertex 29.9373 -22.9717 62.0528
   vertex 32.6796 -18.8676 62.0528
   vertex 30.0695 -17.3606 67.0089
  endloop
 endfacet
 facet normal 0.71083 -0.47496 0.51877
  outer loop
   vertex 29.9373 -22.9717 62.0528
   vertex 30.0695 -17.3606 67.0089
   vertex 27.5462 -21.1369 67.0089
  endloop
 endfacet
 facet normal 0.64553 -0.43133 0.63027
  outer loop
   vertex 27.5462 -21.1369 67.0089
   vertex 30.0695 -17.3606 67.0089
   vertex 26.8992 -15.5303 71.5085
  endloop
 endfacet
 facet normal 0.64553 -0.43133 0.63027
  outer loop
   vertex 27.5462 -21.1369 67.0089
   vertex 26.8992 -15.5303 71.5085
   vertex 24.6420 -18.9085 71.5085
  endloop
 endfacet
 facet normal 0.56817 -0.37964 0.73011
  outer loop
   vertex 24.6420 -18.9085 71.5085
   vertex 26.8992 -15.5303 71.5085
   vertex 23.2279 -13.4106 75.4677
  endloop
 endfacet
 facet normal 0.56817 -0.37964 0.73011
  outer loop
   vertex 24.6420 -18.9085 71.5085
   vertex 23.2279 -13.4106 75.4677
   vertex 21.2787 -16.3277 75.4677
  endloop
 endfacet
 facet normal 0.48018 -0.32084 0.81639
  outer loop
   vertex 21.2787 -16.3277 75.4677
   vertex 23.2279 -13.4106 75.4677
   vertex 19.1238 -11.0412 78.8128
  endloop
 endfacet
 facet normal 0.48018 -0.32084 0.81639
  outer loop
   vertex 21.2787 -16.3277 75.4677
   vertex 19.1238 -11.0412 78.8128
   vertex 17.5191 -13.4429 78.8128
  endloop
 endfacet
 facet normal 0.38318 -0.25603 0.88748
  outer loop
   vertex 17.5191 -13.4429 78.8128
   vertex 19.1238 -11.0412 78.8128
   vertex 14.6636 -8.4660 81.4815
  endloop
 endfacet
 facet normal 0.38318 -0.25603 0.88748
  outer loop
   vertex 17.5191 -13.4429 78.8128
   vertex 14.6636 -8.4660 81.4815
   vertex 13.4331 -10.3076 81.4815
  endloop
 endfacet
 facet normal 0.27897 -0.18640 0.94203
  outer loop
   vertex 13.4331 -10.3076 81.4815
   vertex 14.6636 -8.4660 81.4815
   vertex 9.9302 -5.7332 83.4240
  endloop
 endfacet
 facet normal 0.27897 -0.18640 0.94203
  outer loop
   vertex 13.4331 -10.3076 81.4815
   vertex 9.9302 -5.7332 83.4240
   vertex 9.0969 -6.9803 83.4240
  endloop
 endfacet
 facet normal 0.16952 -0.11327 0.97900
  outer loop
   vertex 9.0969 -6.9803 83.4240
   vertex 9.9302 -5.7332 83.4240
   vertex 5.0118 -2.8935 84.6042
  endloop
 endfacet
 facet normal 0.16952 -0.11327 0.97900
  outer loop
   vertex 9.0969 -6.9803 83.4240
   vertex 5.0118 -2.8935 84.6042
   vertex 4.5912 -3.5230 84.6042
  endloop
 endfacet
 facet normal 0.05686 -0.03799 0.99766
  outer loop
   vertex 4.5912 -3.5230 84.6042
   vertex 5.0118 -2.8935 84.6042
   vertex 0.0000 -0.0000 85.0000
  endloop
 endfacet
 facet normal 0.00000 0.00000 0.00000
  outer loop
   vertex 4.5912 -3.5230 84.6042
   vertex 0.0000 -0.0000 85.0000
   vertex 0.0000 -0.0000 85.0000
  endloop
 endfacet
 facet normal 0.00000 0.00000 0.00000
  outer loop
   vertex 0.0000 -0.0000 0.0000
   vertex 0.0000 -0.0000 0.0000
   vertex 5.3466 -2.2146 0.3958
  endloop
 endfacet
 facet normal 0.06134 -0.03025 -0.99766
  outer loop
   vertex 0.0000 -0.0000 0.0000
   vertex 5.3466 -2.2146 0.3958
   vertex 5.0118 -2.8935 0.3958
  endloop
 endfacet
 facet normal 0.18285 -0.09017 -0.97900
  outer loop
   vertex 5.0118 -2.8935 0.3958
   vertex 5.3466 -2.2146 0.3958
   vertex 10.5935 -4.3880 1.5760
  endloop
 endfacet
 facet normal 0.18285 -0.09017 -0.97900
  outer loop
   vertex 5.0118 -2.8935 0.3958
   vertex 10.5935 -4.3880 1.5760
   vertex 9.9302 -5.7332 1.5760
  endloop
 endfacet
 facet normal 0.30092 -0.14840 -0.94203
  outer loop
   vertex 9.9302 -5.7332 1.5760
   vertex 10.5935 -4.3880 1.5760
   vertex 15.6432 -6.4796 3.5185
  endloop
 endfacet
 facet normal 0.30092 -0.14840 -0.94203
  outer loop
   vertex 9.9302 -5.7332 1.5760
   vertex 15.6432 -6.4796 3.5185
   vertex 14.6636 -8.4660 3.5185
  endloop
 endfacet
 facet normal 0.41332 -0.20383 -0.88748
  outer loop
   vertex 14.6636 -8.4660 3.5185
   vertex 15.6432 -6.4796 3.5185
   vertex 20.4014 -8.4505 6.1872
  endloop
 endfacet
 facet normal 0.41332 -0.20383 -0.88748
  outer loop
   vertex 14.6636 -8.4660 3.5185
   vertex 20.4014 -8.4505 6.1872
   vertex 19.1238 -11.0412 6.1872
  endloop
 endfacet
 facet normal 0.51795 -0.25542 -0.81639
  outer loop
   vertex 19.1238 -11.0412 6.1872
   vertex 20.4014 -8.4505 6.1872
   vertex 24.7796 -10.2640 9.5323
  endloop
 endfacet
 facet normal 0.51795 -0.25542 -0.81639
  outer loop
   vertex 19.1238 -11.0412 6.1872
   vertex 24.7796 -10.2640 9.5323
   vertex 23.2279 -13.4106 9.5323
  endloop
 endfacet
 facet normal 0.61286 -0.30223 -0.73011
  outer loop
   vertex 23.2279 -13.4106 9.5323
   vertex 24.7796 -10.2640 9.5323
   vertex 28.6962 -11.8863 13.4915
  endloop
 endfacet
 facet normal 0.61286 -0.30223 -0.73011
  outer loop
   vertex 23.2279 -13.4106 9.5323
   vertex 28.6962 -11.8863 13.4915
   vertex 26.8992 -15.5303 13.4915
  endloop
 endfacet
 facet normal 0.69631 -0.34338 -0.63027
  outer loop
   vertex 26.8992 -15.5303 13.4915
   vertex 28.6962 -11.8863 13.4915
   vertex 32.0782 -13.2872 17.9911
  endloop
 endfacet
 facet normal 0.69631 -0.34338 -0.63027
  outer loop
   vertex 26.8992 -15.5303 13.4915
   vertex 32.0782 -13.2872 17.9911
   vertex 30.0695 -17.3606 17.9911
  endloop
 endfacet
 facet normal 0.76675 -0.37812 -0.51877
  outer loop
   vertex 30.0695 -17.3606 17.9911
   vertex 32.0782 -13.2872 17.9911
   vertex 34.8627 -14.4406 22.9472
  endloop
 endfacet
 facet normal 0.76675 -0.37812 -0.51877
  outer loop
   vertex 30.0695 -17.3606 17.9911
   vertex 34.8627 -14.4406 22.9472
   vertex 32.6796 -18.8676 22.9472
  endloop
 endfacet
 facet normal 0.82290 -0.40581 -0.39768
  outer loop
   vertex 32.6796 -18.8676 22.9472
   vertex 34.8627 -14.4406 22.9472
   vertex 36.9978 -15.3250 28.2676
  endloop
 endfacet
 facet normal 0.82290 -0.40581 -0.39768
  outer loop
   vertex 32.6796 -18.8676 22.9472
   vertex 36.9978 -15.3250 28.2676
   vertex 34.6809 -20.0230 28.2676
  endloop
 endfacet
 facet normal 0.86375 -0.42595 -0.26926
  outer loop
   vertex 34.6809 -20.0230 28.2676
   vertex 36.9978 -15.3250 28.2676
   vertex 38.4436 -15.9239 33.8531
  endloop
 endfacet
 facet normal 0.86375 -0.42595 -0.26926
  outer loop
   vertex 34.6809 -20.0230 28.2676
   vertex 38.4436 -15.9239 33.8531
   vertex 36.0362 -20.8055 33.8531
  endloop
 endfacet
 facet normal 0.88855 -0.43819 -0.13588
  outer loop
   vertex 36.0362 -20.8055 33.8531
   vertex 38.4436 -15.9239 33.8531
   vertex 39.1733 -16.2261 39.5997
  endloop
 endfacet
 facet normal 0.88855 -0.43819 -0.13588
  outer loop
   vertex 36.0362 -20.8055 33.8531
   vertex 39.1733 -16.2261 39.5997
   vertex 36.7203 -21.2005 39.5997
  endloop
 endfacet
 facet normal 0.89687 -0.44229 0.00000
  outer loop
   vertex 36.7203 -21.2005 39.5997
   vertex 39.1733 -16.2261 39.5997
   vertex 39.1733 -16.2261 45.4003
  endloop
 endfacet
 facet normal 0.89687 -0.44229 0.00000
  outer loop
   vertex 36.7203 -21.2005 39.5997
   vertex 39.1733 -16.2261 45.4003
   vertex 36.7203 -21.2005 45.4003
  endloop
 endfacet
 facet normal 0.88855 -0.43819 0.13588
  outer loop
   vertex 36.7203 -21.2005 45.4003
   vertex 39.1733 -16.2261 45.4003
   vertex 38.4436 -15.9239 51.1469
  endloop
 endfacet
 facet normal 0.88855 -0.43819 0.13588
  outer loop
   vertex 36.7203 -21.2005 45.4003
   vertex 38.4436 -15.9239 51.1469
   vertex 36.0362 -20.8055 51.1469
  endloop
 endfacet
 facet normal 0.86375 -0.42595 0.26926
  outer loop
   vertex 36.0362 -20.8055 51.1469
   vertex 38.4436 -15.9239 51.1469
   vertex 36.9978 -15.3250 56.7324
  endloop
 endfacet
 facet normal 0.86375 -0.42595 0.26926
  outer loop
   vertex 36.0362 -20.8055 51.1469
   vertex 36.9978 -15.3250 56.7324
   vertex 34.6809 -20.0230 56.7324
  endloop
 endfacet
 facet normal 0.82290 -0.40581 0.39768
  outer loop
   vertex 34.6809 -20.0230 56.7324
   vertex 36.9978 -15.3250 56.7324
   vertex 34.8627 -14.4406 62.0528
  endloop
 endfacet
 facet normal 0.82290 -0.40581 0.39768
  outer loop
   vertex 34.6809 -20.0230 56.7324
   vertex 34.8627 -14.4406 62.0528
   vertex 32.6796 -18.8676 62.0528
  endloop
 endfacet
 facet normal 0.76675 -0.37812 0.51877
  outer loop
   vertex 32.6796 -18.8676 62.0528
   vertex 34.8627 -14.4406 62.0528
   vertex 32.0782 -13.2872 67.0089
  endloop
 endfacet
 facet normal 0.76675 -0.37812 0.51877
  outer loop
   vertex 32.6796 -18.8676 62.0528
   vertex 32.0782 -13.2872 67.0089
   vertex 30.0695 -17.3606 67.0089
  endloop
 endfacet
 facet normal 0.69631 -0.34338 0.63027
  outer loop
   vertex 30.0695 -17.3606 67.0089
   vertex 32.0782 -13.2872 67.0089
   vertex 28.6962 -11.8863 71.5085
  endloop
 endfacet
 facet normal 0.69631 -0.34338 0.63027
  outer loop
   vertex 30.0695 -17.3606 67.0089
   vertex 28.6962 -11.8863 71.5085
   vertex 26.8992 -15.5303 71.5085
  endloop
 endfacet
 facet normal 0.61286 -0.30223 0.73011
  outer loop
   vertex 26.8992 -15.5303 71.5085
   vertex 28.6962 -11.8863 71.5085
   vertex 24.7796 -10.2640 75.4677
  endloop
 endfacet
 facet normal 0.61286 -0.30223 0.73011
  outer loop
   vertex 26.8992 -15.5303 71.5085
   vertex 24.7796 -10.2640 75.4677
   vertex 23.2279 -13.4106 75.4677
  endloop
 endfacet
 facet normal 0.51795 -0.25542 0.81639
  outer loop
   vertex 23.2279 -13.4106 75.4677
   vertex 24.7796 -10.2640 75.4677
   vertex 20.4014 -8.4505 78.8128
  endloop
 endfacet
 facet normal 0.51795 -0.25542 0.81639
  outer loop
   vertex 23.2279 -13.4106 75.4677
   vertex 20.4014 -8.4505 78.8128
   vertex 19.1238 -11.0412 78.8128
  endloop
 endfacet
 facet normal 0.41332 -0.20383 0.88748
  outer loop
   vertex 19.1238 -11.0412 78.8128
   vertex 20.4014 -8.4505 78.8128
   vertex 15.6432 -6.4796 81.4815
  endloop
 endfacet
 facet normal 0.41332 -0.20383 0.88748
  outer loop
   vertex 19.1238 -11.0412 78.8128
   vertex 15.6432 -6.4796 81.4815
   vertex 14.6636 -8.4660 81.4815
  endloop
 endfacet
 facet normal 0.30092 -0.14840 0.94203
  outer loop
   vertex 14.6636 -8.4660 81.4815
   vertex 15.6432 -6.4796 81.4815
   vertex 10.5935 -4.3880 83.4240
  endloop
 endfacet
 facet normal 0.30092 -0.14840 0.94203
  outer loop
   vertex 14.6636 -8.4660 81.4815
   vertex 10.5935 -4.3880 83.4240
   vertex 9.9302 -5.7332 83.4240
  endloop
 endfacet
 facet normal 0.18285 -0.09017 0.97900
  outer loop
   vertex 9.9302 -5.7332 83.4240
   vertex 10.5935 -4.3880 83.4240
   vertex 5.3466 -2.2146 84.6042
  endloop
 endfacet
 facet normal 0.18285 -0.09017 0.97900
  outer loop
   vertex 9.9302 -5.7332 83.4240
   vertex 5.3466 -2.2146 84.6042
   vertex 5.0118 -2.8935 84.6042
  endloop
 endfacet
 facet normal 0.06134 -0.03025 0.99766
  outer loop
   vertex 5.0118 -2.8935 84.6042
   vertex 5.3466 -2.2146 84.6042
   vertex 0.0000 -0.0000 85.0000
  endloop
 endfacet
 facet normal 0.00000 0.00000 0.00000
  outer loop
   vertex 5.0118 -2.8935 84.6042
   vertex 0.0000 -0.0000 85.0000
   vertex 0.0000 -0.0000 85.0000
  endloop
 endfacet
 facet normal 0.00000 0.00000 0.00000
  outer loop
   vertex 0.0000 -0.0000 0.0000
   vertex 0.0000 -0.0000 0.0000
   vertex 5.5899 -1.4978 0.3958
  endloop
 endfacet
 facet normal 0.06476 -0.02198 -0.99766
  outer loop
   vertex 0.0000 -0.0000 0.0000
   vertex 5.5899 -1.4978 0.3958
   vertex 5.3466 -2.2146 0.3958
  endloop
 endfacet
 facet normal 0.19305 -0.06553 -0.97900
  outer loop
   vertex 5.3466 -2.2146 0.3958
   vertex 5.5899 -1.4978 0.3958
   vertex 11.0757 -2.9677 1.5760
  endloop
 endfacet
 facet normal 0.19305 -0.06553 -0.97900
  outer loop
   vertex 5.3466 -2.2146 0.3958
   vertex 11.0757 -2.9677 1.5760
   vertex 10.5935 -4.3880 1.5760
  endloop
 endfacet
 facet normal 0.31771 -0.10785 -0.94203
  outer loop
   vertex 10.5935 -4.3880 1.5760
   vertex 11.0757 -2.9677 1.5760
   vertex 16.3551 -4.3823 3.5185
  endloop
 endfacet
 facet normal 0.31771 -0.10785 -0.94203
  outer loop
   vertex 10.5935 -4.3880 1.5760
   vertex 16.3551 -4.3823 3.5185
   vertex 15.6432 -6.4796 3.5185
  endloop
 endfacet
 facet normal 0.43639 -0.14813 -0.88748
  outer loop
   vertex 15.6432 -6.4796 3.5185
   vertex 16.3551 -4.3823 3.5185
   vertex 21.3299 -5.7153 6.1872
  endloop
 endfacet
 facet normal 0.43639 -0.14813 -0.88748
  outer loop
   vertex 15.6432 -6.4796 3.5185
   vertex 21.3299 -5.7153 6.1872
   vertex 20.4014 -8.4505 6.1872
  endloop
 endfacet
 facet normal 0.54686 -0.18563 -0.81639
  outer loop
   vertex 20.4014 -8.4505 6.1872
   vertex 21.3299 -5.7153 6.1872
   vertex 25.9073 -6.9418 9.5323
  endloop
 endfacet
 facet normal 0.54686 -0.18563 -0.81639
  outer loop
   vertex 20.4014 -8.4505 6.1872
   vertex 25.9073 -6.9418 9.5323
   vertex 24.7796 -10.2640 9.5323
  endloop
 endfacet
 facet normal 0.64707 -0.21965 -0.73011
  outer loop
   vertex 24.7796 -10.2640 9.5323
   vertex 25.9073 -6.9418 9.5323
   vertex 30.0022 -8.0391 13.4915
  endloop
 endfacet
 facet normal 0.64707 -0.21965 -0.73011
  outer loop
   vertex 24.7796 -10.2640 9.5323
   vertex 30.0022 -8.0391 13.4915
   vertex 28.6962 -11.8863 13.4915
  endloop
 endfacet
 facet normal 0.73517 -0.24956 -0.63027
  outer loop
   vertex 28.6962 -11.8863 13.4915
   vertex 30.0022 -8.0391 13.4915
   vertex 33.5381 -8.9865 17.9911
  endloop
 endfacet
 facet normal 0.73517 -0.24956 -0.63027
  outer loop
   vertex 28.6962 -11.8863 13.4915
   vertex 33.5381 -8.9865 17.9911
   vertex 32.0782 -13.2872 17.9911
  endloop
 endfacet
 facet normal 0.80954 -0.27480 -0.51877
  outer loop
   vertex 32.0782 -13.2872 17.9911
   vertex 33.5381 -8.9865 17.9911
   vertex 36.4493 -9.7666 22.9472
  endloop
 endfacet
 facet normal 0.80954 -0.27480 -0.51877
  outer loop
   vertex 32.0782 -13.2872 17.9911
   vertex 36.4493 -9.7666 22.9472
   vertex 34.8627 -14.4406 22.9472
  endloop
 endfacet
 facet normal 0.86883 -0.29493 -0.39768
  outer loop
   vertex 34.8627 -14.4406 22.9472
   vertex 36.4493 -9.7666 22.9472
   vertex 38.6816 -10.3647 28.2676
  endloop
 endfacet
 facet normal 0.86883 -0.29493 -0.39768
  outer loop
   vertex 34.8627 -14.4406 22.9472
   vertex 38.6816 -10.3647 28.2676
   vertex 36.9978 -15.3250 28.2676
  endloop
 endfacet
 facet normal 0.91196 -0.30957 -0.26926
  outer loop
   vertex 36.9978 -15.3250 28.2676
   vertex 38.6816 -10.3647 28.2676
   vertex 40.1932 -10.7697 33.8531
  endloop
 endfacet
 facet normal 0.91196 -0.30957 -0.26926
  outer loop
   vertex 36.9978 -15.3250 28.2676
   vertex 40.1932 -10.7697 33.8531
   vertex 38.4436 -15.9239 33.8531
  endloop
 endfacet
 facet normal 0.93815 -0.31846 -0.13588
  outer loop
   vertex 38.4436 -15.9239 33.8531
   vertex 40.1932 -10.7697 33.8531
   vertex 40.9561 -10.9742 39.5997
  endloop
 endfacet
 facet normal 0.93815 -0.31846 -0.13588
  outer loop
   vertex 38.4436 -15.9239 33.8531
   vertex 40.9561 -10.9742 39.5997
   vertex 39.1733 -16.2261 39.5997
  endloop
 endfacet
 facet normal 0.94693 -0.32144 0.00000
  outer loop
   vertex 39.1733 -16.2261 39.5997
   vertex 40.9561 -10.9742 39.5997
   vertex 40.9561 -10.9742 45.4003
  endloop
 endfacet
 facet normal 0.94693 -0.32144 0.00000
  outer loop
   vertex 39.1733 -16.2261 39.5997
   vertex 40.9561 -10.9742 45.4003
   vertex 39.1733 -16.2261 45.4003
  endloop
 endfacet
 facet normal 0.93815 -0.31846 0.13588
  outer loop
   vertex 39.1733 -16.2261 45.4003
   vertex 40.9561 -10.9742 45.4003
   vertex 40.1932 -10.7697 51.1469
  endloop
 endfacet
 facet normal 0.93815 -0.31846 0.13588
  outer loop
   vertex 39.1733 -16.2261 45.4003
   vertex 40.1932 -10.7697 51.1469
   vertex 38.4436 -15.9239 51.1469
  endloop
 endfacet
 facet normal 0.91196 -0.30957 0.26926
  outer loop
   vertex 38.4436 -15.9239 51.1469
   vertex 40.1932 -10.7697 51.1469
   vertex 38.6816 -10.3647 56.7324
  endloop
 endfacet
 facet normal 0.91196 -0.30957 0.26926
  outer loop
   vertex 38.4436 -15.9239 51.1469
   vertex 38.6816 -10.3647 56.7324
   vertex 36.9978 -15.3250 56.7324
  endloop
 endfacet
 facet normal 0.86883 -0.29493 0.39768
  outer loop
   vertex 36.9978 -15.3250 56.7324
   vertex 38.6816 -10.3647 56.7324
   vertex 36.4493 -9.7666 62.0528
  endloop
 endfacet
 facet normal 0.86883 -0.29493 0.39768
  outer loop
   vertex 36.9978 -15.3250 56.7324
   vertex 36.4493 -9.7666 62.0528
   vertex 34.8627 -14.4406 62.0528
  endloop
 endfacet
 facet normal 0.80954 -0.27480 0.51877
  outer loop
   vertex 34.8627 -14.4406 62.0528
   vertex 36.4493 -9.7666 62.0528
   vertex 33.5381 -8.9865 67.0089
  endloop
 endfacet
 facet normal 0.80954 -0.27480 0.51877
  outer loop
   vertex 34.8627 -14.4406 62.0528
   vertex 33.5381 -8.9865 67.0089
   vertex 32.0782 -13.2872 67.0089
  endloop
 endfacet
 facet normal 0.73517 -0.24956 0.63027
  outer loop
   vertex 32.0782 -13.2872 67.0089
   vertex 33.5381 -8.9865 67.0089
   vertex 30.0022 -8.0391 71.5085
  endloop
 endfacet
 facet normal 0.73517 -0.24956 0.63027
  outer loop
   vertex 32.0782 -13.2872 67.0089
   vertex 30.0022 -8.0391 71.5085
   vertex 28.6962 -11.8863 71.5085
  endloop
 endfacet
 facet normal 0.64707 -0.21965 0.73011
  outer loop
   vertex 28.6962 -11.8863 71.5085
   vertex 30.0022 -8.0391 71.5085
   vertex 25.9073 -6.9418 75.4677
  endloop
 endfacet
 facet normal 0.64707 -0.21965 0.73011
  outer loop
   vertex 28.6962 -11.8863 71.5085
   vertex 25.9073 -6.9418 75.4677
   vertex 24.7796 -10.2640 75.4677
  endloop
 endfacet
 facet normal 0.54686 -0.18563 0.81639
  outer loop
   vertex 24.7796 -10.2640 75.4677
   vertex 25.9073 -6.9418 75.4677
   vertex 21.3299 -5.7153 78.8128
  endloop
 endfacet
 facet normal 0.54686 -0.18563 0.81639
  outer loop
   vertex 24.7796 -10.2640 75.4677
   vertex 21.3299 -5.7153 78.8128
   vertex 20.4014 -8.4505 78.8128
  endloop
 endfacet
 facet normal 0.43639 -0.14813 0.88748
  outer loop
   vertex 20.4014 -8.4505 78.8128
   vertex 21.3299 -5.7153 78.8128
   vertex 16.3551 -4.3823 81.4815
  endloop
 endfacet
 facet normal 0.43639 -0.14813 0.88748
  outer loop
   vertex 20.4014 -8.4505 78.8128
   vertex 16.3551 -4.3823 81.4815
   vertex 15.6432 -6.4796 81.4815
  endloop
 endfacet
 facet normal 0.31771 -0.10785 0.94203
  outer loop
   vertex 15.6432 -6.4796 81.4815
   vertex 16.3551 -4.3823 81.4815
   vertex 11.0757 -2.9677 83.4240
  endloop
 endfacet
 facet normal 0.31771 -0.10785 0.94203
  outer loop
   vertex 15.6432 -6.4796 81.4815
   vertex 11.0757 -2.9677 83.4240
   vertex 10.5935 -4.3880 83.4240
  endloop
 endfacet
 facet normal 0.19305 -0.06553 0.97900
  outer loop
   vertex 10.5935 -4.3880 83.4240
   vertex 11.0757 -2.9677 83.4240
   vertex 5.5899 -1.4978 84.6042
  endloop
 endfacet
 facet normal 0.19305 -0.06553 0.97900
  outer loop
   vertex 10.5935 -4.3880 83.4240
   vertex 5.5899 -1.4978 84.6042
   vertex 5.3466 -2.2146 84.6042
  endloop
 endfacet
 facet normal 0.06476 -0.02198 0.99766
  outer loop
   vertex 5.3466 -2.2146 84.6042
   vertex 5.5899 -1.4978 84.6042
   vertex 0.0000 -0.0000 85.0000
  endloop
 endfacet
 facet normal 0.00000 0.00000 0.00000
  outer loop
   vertex 5.3466 -2.2146 84.6042
   vertex 0.0000 -0.0000 85.0000
   vertex 0.0000 -0.0000 85.0000
  endloop
 endfacet
 facet normal 0.00000 0.00000 0.00000
  outer loop
   vertex 0.0000 -0.0000 0.0000
   vertex 0.0000 -0.0000 0.0000
   vertex 5.7376 -0.7554 0.3958
  endloop
 endfacet
 facet normal 0.06707 -0.01334 -0.99766
  outer loop
   vertex 0.0000 -0.0000 0.0000
   vertex 5.7376 -0.7554 0.3958
   vertex 5.5899 -1.4978 0.3958
  endloop
 endfacet
 facet normal 0.19996 -0.03977 -0.97900
  outer loop
   vertex 5.5899 -1.4978 0.3958
   vertex 5.7376 -0.7554 0.3958
   vertex 11.3683 -1.4967 1.5760
  endloop
 endfacet
 facet normal 0.19996 -0.03977 -0.97900
  outer loop
   vertex 5.5899 -1.4978 0.3958
   vertex 11.3683 -1.4967 1.5760
   vertex 11.0757 -2.9677 1.5760
  endloop
 endfacet
 facet normal 0.32907 -0.06546 -0.94203
  outer loop
   vertex 11.0757 -2.9677 1.5760
   vertex 11.3683 -1.4967 1.5760
   vertex 16.7872 -2.2101 3.5185
  endloop
 endfacet
 facet normal 0.32907 -0.06546 -0.94203
  outer loop
   vertex 11.0757 -2.9677 1.5760
   vertex 16.7872 -2.2101 3.5185
   vertex 16.3551 -4.3823 3.5185
  endloop
 endfacet
 facet normal 0.45199 -0.08991 -0.88748
  outer loop
   vertex 16.3551 -4.3823 3.5185
   vertex 16.7872 -2.2101 3.5185
   vertex 21.8934 -2.8823 6.1872
  endloop
 endfacet
 facet normal 0.45199 -0.08991 -0.88748
  outer loop
   vertex 16.3551 -4.3823 3.5185
   vertex 21.8934 -2.8823 6.1872
   vertex 21.3299 -5.7153 6.1872
  endloop
 endfacet
 facet normal 0.56641 -0.11267 -0.81639
  outer loop
   vertex 21.3299 -5.7153 6.1872
   vertex 21.8934 -2.8823 6.1872
   vertex 26.5918 -3.5009 9.5323
  endloop
 endfacet
 facet normal 0.56641 -0.11267 -0.81639
  outer loop
   vertex 21.3299 -5.7153 6.1872
   vertex 26.5918 -3.5009 9.5323
   vertex 25.9073 -6.9418 9.5323
  endloop
 endfacet
 facet normal 0.67020 -0.13331 -0.73011
  outer loop
   vertex 25.9073 -6.9418 9.5323
   vertex 26.5918 -3.5009 9.5323
   vertex 30.7948 -4.0542 13.4915
  endloop
 endfacet
 facet normal 0.67020 -0.13331 -0.73011
  outer loop
   vertex 25.9073 -6.9418 9.5323
   vertex 30.7948 -4.0542 13.4915
   vertex 30.0022 -8.0391 13.4915
  endloop
 endfacet
 facet normal 0.76146 -0.15146 -0.63027
  outer loop
   vertex 30.0022 -8.0391 13.4915
   vertex 30.7948 -4.0542 13.4915
   vertex 34.4242 -4.5320 17.9911
  endloop
 endfacet
 facet normal 0.76146 -0.15146 -0.63027
  outer loop
   vertex 30.0022 -8.0391 13.4915
   vertex 34.4242 -4.5320 17.9911
   vertex 33.5381 -8.9865 17.9911
  endloop
 endfacet
 facet normal 0.83849 -0.16679 -0.51877
  outer loop
   vertex 33.5381 -8.9865 17.9911
   vertex 34.4242 -4.5320 17.9911
   vertex 37.4123 -4.9254 22.9472
  endloop
 endfacet
 facet normal 0.83849 -0.16679 -0.51877
  outer loop
   vertex 33.5381 -8.9865 17.9911
   vertex 37.4123 -4.9254 22.9472
   vertex 36.4493 -9.7666 22.9472
  endloop
 endfacet
 facet normal 0.89989 -0.17900 -0.39768
  outer loop
   vertex 36.4493 -9.7666 22.9472
   vertex 37.4123 -4.9254 22.9472
   vertex 39.7035 -5.2271 28.2676
  endloop
 endfacet
 facet normal 0.89989 -0.17900 -0.39768
  outer loop
   vertex 36.4493 -9.7666 22.9472
   vertex 39.7035 -5.2271 28.2676
   vertex 38.6816 -10.3647 28.2676
  endloop
 endfacet
 facet normal 0.94456 -0.18789 -0.26926
  outer loop
   vertex 38.6816 -10.3647 28.2676
   vertex 39.7035 -5.2271 28.2676
   vertex 41.2551 -5.4313 33.8531
  endloop
 endfacet
 facet normal 0.94456 -0.18789 -0.26926
  outer loop
   vertex 38.6816 -10.3647 28.2676
   vertex 41.2551 -5.4313 33.8531
   vertex 40.1932 -10.7697 33.8531
  endloop
 endfacet
 facet normal 0.97169 -0.19328 -0.13588
  outer loop
   vertex 40.1932 -10.7697 33.8531
   vertex 41.2551 -5.4313 33.8531
   vertex 42.0382 -5.5344 39.5997
  endloop
 endfacet
 facet normal 0.97169 -0.19328 -0.13588
  outer loop
   vertex 40.1932 -10.7697 33.8531
   vertex 42.0382 -5.5344 39.5997
   vertex 40.9561 -10.9742 39.5997
  endloop
 endfacet
 facet normal 0.98079 -0.19509 0.00000
  outer loop
   vertex 40.9561 -10.9742 39.5997
   vertex 42.0382 -5.5344 39.5997
   vertex 42.0382 -5.5344 45.4003
  endloop
 endfacet
 facet normal 0.98079 -0.19509 0.00000
  outer loop
   vertex 40.9561 -10.9742 39.5997
   vertex 42.0382 -5.5344 45.4003
   vertex 40.9561 -10.9742 45.4003
  endloop
 endfacet
 facet normal 0.97169 -0.19328 0.13588
  outer loop
   vertex 40.9561 -10.9742 45.4003
   vertex 42.0382 -5.5344 45.4003
   vertex 41.2551 -5.4313 51.1469
  endloop
 endfacet
 facet normal 0.97169 -0.19328 0.13588
  outer loop
   vertex 40.9561 -10.9742 45.4003
   vertex 41.2551 -5.4313 51.1469
   vertex 40.1932 -10.7697 51.1469
  endloop
 endfacet
 facet normal 0.94456 -0.18789 0.26926
  outer loop
   vertex 40.1932 -10.7697 51.1469
   vertex 41.2551 -5.4313 51.1469
   vertex 39.7035 -5.2271 56.7324
  endloop
 endfacet
 facet normal 0.94456 -0.18789 0.26926
  outer loop
   vertex 40.1932 -10.7697 51.1469
   vertex 39.7035 -5.2271 56.7324
   vertex 38.6816 -10.3647 56.7324
  endloop
 endfacet
 facet normal 0.89989 -0.17900 0.39768
  outer loop
   vertex 38.6816 -10.3647 56.7324
   vertex 39.7035 -5.2271 56.7324
   vertex 37.4123 -4.9254 62.0528
  endloop
 endfacet
 facet normal 0.89989 -0.17900 0.39768
  outer loop
   vertex 38.6816 -10.3647 56.7324
   vertex 37.4123 -4.9254 62.0528
   vertex 36.4493 -9.7666 62.0528
  endloop
 endfacet
 facet normal 0.83849 -0.16679 0.51877
  outer loop
   vertex 36.4493 -9.7666 62.0528
   vertex 37.4123 -4.9254 62.0528
   vertex 34.4242 -4.5320 67.0089
  endloop
 endfacet
 facet normal 0.83849 -0.16679 0.51877
  outer loop
   vertex 36.4493 -9.7666 62.0528
   vertex 34.4242 -4.5320 67.0089
   vertex 33.5381 -8.9865 67.0089
  endloop
 endfacet
 facet normal 0.76146 -0.15146 0.63027
  outer loop
   vertex 33.5381 -8.9865 67.0089
   vertex 34.4242 -4.5320 67.0089
   vertex 30.7948 -4.0542 71.5085
  endloop
 endfacet
 facet normal 0.76146 -0.15146 0.63027
  outer loop
   vertex 33.5381 -8.9865 67.0089
   vertex 30.7948 -4.0542 71.5085
   vertex 30.0022 -8.0391 71.5085
  endloop
 endfacet
 facet normal 0.67020 -0.13331 0.73011
  outer loop
   vertex 30.0022 -8.0391 71.5085
   vertex 30.7948 -4.0542 71.5085
   vertex 26.5918 -3.5009 75.4677
  endloop
 endfacet
 facet normal 0.67020 -0.13331 0.73011
  outer loop
   vertex 30.0022 -8.0391 71.5085
   vertex 26.5918 -3.5009 75.4677
   vertex 25.9073 -6.9418 75.4677
  endloop
 endfacet
 facet normal 0.56641 -0.11267 0.81639
  outer loop
   vertex 25.9073 -6.9418 75.4677
   vertex 26.5918 -3.5009 75.4677
   vertex 21.8934 -2.8823 78.8128
  endloop
 endfacet
 facet normal 0.56641 -0.11267 0.81639
  outer loop
   vertex 25.9073 -6.9418 75.4677
   vertex 21.8934 -2.8823 78.8128
   vertex 21.3299 -5.7153 78.8128
  endloop
 endfacet
 facet normal 0.45199 -0.08991 0.88748
  outer loop
   vertex 21.3299 -5.7153 78.8128
   vertex 21.8934 -2.8823 78.8128
   vertex 16.7872 -2.2101 81.4815
  endloop
 endfacet
 facet normal 0.45199 -0.08991 0.88748
  outer loop
   vertex 21.3299 -5.7153 78.8128
   vertex 16.7872 -2.2101 81.4815
   vertex 16.3551 -4.3823 81.4815
  endloop
 endfacet
 facet normal 0.32907 -0.06546 0.94203
  outer loop
   vertex 16.3551 -4.3823 81.4815
   vertex 16.7872 -2.2101 81.4815
   vertex 11.3683 -1.4967 83.4240
  endloop
 endfacet
 facet normal 0.32907 -0.06546 0.94203
  outer loop
   vertex 16.3551 -4.3823 81.4815
   vertex 11.3683 -1.4967 83.4240
   vertex 11.0757 -2.9677 83.4240
  endloop
 endfacet
 facet normal 0.19996 -0.03977 0.97900
  outer loop
   vertex 11.0757 -2.9677 83.4240
   vertex 11.3683 -1.4967 83.4240
   vertex 5.7376 -0.7554 84.6042
  endloop
 endfacet
 facet normal 0.19996 -0.03977 0.97900
  outer loop
   vertex 11.0757 -2.9677 83.4240
   vertex 5.7376 -0.7554 84.6042
   vertex 5.5899 -1.4978 84.6042
  endloop
 endfacet
 facet normal 0.06707 -0.01334 0.99766
  outer loop
   vertex 5.5899 -1.4978 84.6042
   vertex 5.7376 -0.7554 84.6042
   vertex 0.0000 -0.0000 85.0000
  endloop
 endfacet
 facet normal 0.00000 0.00000 0.00000
  outer loop
   vertex 5.5899 -1.4978 84.6042
   vertex 0.0000 -0.0000 85.0000
   vertex 0.0000 -0.0000 85.0000
  endloop
 endfacet
 facet normal 0.00000 0.00000 0.00000
  outer loop
   vertex 0.0000 -0.0000 0.0000
   vertex 0.0000 0.0000 0.0000
   vertex 5.7871 0.0000 0.3958
  endloop
 endfacet
 facet normal 0.06824 -0.00447 -0.99766
  outer loop
   vertex 0.0000 -0.0000 0.0000
   vertex 5.7871 0.0000 0.3958
   vertex 5.7376 -0.7554 0.3958
  endloop
 endfacet
 facet normal 0.20344 -0.01333 -0.97900
  outer loop
   vertex 5.7376 -0.7554 0.3958
   vertex 5.7871 0.0000 0.3958
   vertex 11.4664 0.0000 1.5760
  endloop
 endfacet
 facet normal 0.20344 -0.01333 -0.97900
  outer loop
   vertex 5.7376 -0.7554 0.3958
   vertex 11.4664 0.0000 1.5760
   vertex 11.3683 -1.4967 1.5760
  endloop
 endfacet
 facet normal 0.33480 -0.02194 -0.94203
  outer loop
   vertex 11.3683 -1.4967 1.5760
   vertex 11.4664 0.0000 1.5760
   vertex 16.9320 0.0000 3.5185
  endloop
 endfacet
 facet normal 0.33480 -0.02194 -0.94203
  outer loop
   vertex 11.3683 -1.4967 1.5760
   vertex 16.9320 0.0000 3.5185
   vertex 16.7872 -2.2101 3.5185
  endloop
 endfacet
 facet normal 0.45986 -0.03014 -0.88748
  outer loop
   vertex 16.7872 -2.2101 3.5185
   vertex 16.9320 0.0000 3.5185
   vertex 22.0823 0.0000 6.1872
  endloop
 endfacet
 facet normal 0.45986 -0.03014 -0.88748
  outer loop
   vertex 16.7872 -2.2101 3.5185
   vertex 22.0823 0.0000 6.1872
   vertex 21.8934 -2.8823 6.1872
  endloop
 endfacet
 facet normal 0.57627 -0.03777 -0.81639
  outer loop
   vertex 21.8934 -2.8823 6.1872
   vertex 22.0823 0.0000 6.1872
   vertex 26.8212 0.0000 9.5323
  endloop
 endfacet
 facet normal 0.57627 -0.03777 -0.81639
  outer loop
   vertex 21.8934 -2.8823 6.1872
   vertex 26.8212 0.0000 9.5323
   vertex 26.5918 -3.5009 9.5323
  endloop
 endfacet
 facet normal 0.68187 -0.04469 -0.73011
  outer loop
   vertex 26.5918 -3.5009 9.5323
   vertex 26.8212 0.0000 9.5323
   vertex 31.0605 0.0000 13.4915
  endloop
 endfacet
 facet normal 0.68187 -0.04469 -0.73011
  outer loop
   vertex 26.5918 -3.5009 9.5323
   vertex 31.0605 0.0000 13.4915
   vertex 30.7948 -4.0542 13.4915
  endloop
 endfacet
 facet normal 0.77471 -0.05078 -0.63027
  outer loop
   vertex 30.7948 -4.0542 13.4915
   vertex 31.0605 0.0000 13.4915
   vertex 34.7212 0.0000 17.9911
  endloop
 endfacet
 facet normal 0.77471 -0.05078 -0.63027
  outer loop
   vertex 30.7948 -4.0542 13.4915
   vertex 34.7212 0.0000 17.9911
   vertex 34.4242 -4.5320 17.9911
  endloop
 endfacet
 facet normal 0.85308 -0.05591 -0.51877
  outer loop
   vertex 34.4242 -4.5320 17.9911
   vertex 34.7212 0.0000 17.9911
   vertex 37.7351 0.0000 22.9472
  endloop
 endfacet
 facet normal 0.85308 -0.05591 -0.51877
  outer loop
   vertex 34.4242 -4.5320 17.9911
   vertex 37.7351 0.0000 22.9472
   vertex 37.4123 -4.9254 22.9472
  endloop
 endfacet
 facet normal 0.91556 -0.06001 -0.39768
  outer loop
   vertex 37.4123 -4.9254 22.9472
   vertex 37.7351 0.0000 22.9472
   vertex 40.0461 0.0000 28.2676
  endloop
 endfacet
 facet normal 0.91556 -0.06001 -0.39768
  outer loop
   vertex 37.4123 -4.9254 22.9472
   vertex 40.0461 0.0000 28.2676
   vertex 39.7035 -5.2271 28.2676
  endloop
 endfacet
 facet normal 0.96101 -0.06299 -0.26926
  outer loop
   vertex 39.7035 -5.2271 28.2676
   vertex 40.0461 0.0000 28.2676
   vertex 41.6111 0.0000 33.8531
  endloop
 endfacet
 facet normal 0.96101 -0.06299 -0.26926
  outer loop
   vertex 39.7035 -5.2271 28.2676
   vertex 41.6111 0.0000 33.8531
   vertex 41.2551 -5.4313 33.8531
  endloop
 endfacet
 facet normal 0.98860 -0.06480 -0.13588
  outer loop
   vertex 41.2551 -5.4313 33.8531
   vertex 41.6111 0.0000 33.8531
   vertex 42.4009 0.0000 39.5997
  endloop
 endfacet
 facet normal 0.98860 -0.06480 -0.13588
  outer loop
   vertex 41.2551 -5.4313 33.8531
   vertex 42.4009 0.0000 39.5997
   vertex 42.0382 -5.5344 39.5997
  endloop
 endfacet
 facet normal 0.99786 -0.06540 0.00000
  outer loop
   vertex 42.0382 -5.5344 39.5997
   vertex 42.4009 0.0000 39.5997
   vertex 42.4009 0.0000 45.4003
  endloop
 endfacet
 facet normal 0.99786 -0.06540 0.00000
  outer loop
   vertex 42.0382 -5.5344 39.5997
   vertex 42.4009 0.0000 45.4003
   vertex 42.0382 -5.5344 45.4003
  endloop
 endfacet
 facet normal 0.98860 -0.06480 0.13588
  outer loop
   vertex 42.0382 -5.5344 45.4003
   vertex 42.4009 0.0000 45.4003
   vertex 41.6111 0.0000 51.1469
  endloop
 endfacet
 facet normal 0.98860 -0.06480 0.13588
  outer loop
   vertex 42.0382 -5.5344 45.4003
   vertex 41.6111 0.0000 51.1469
   vertex 41.2551 -5.4313 51.1469
  endloop
 endfacet
 facet normal 0.96101 -0.06299 0.26926
  outer loop
   vertex 41.2551 -5.4313 51.1469
   vertex 41.6111 0.0000 51.1469
   vertex 40.0461 0.0000 56.7324
  endloop
 endfacet
 facet normal 0.96101 -0.06299 0.26926
  outer loop
   vertex 41.2551 -5.4313 51.1469
   vertex 40.0461 0.0000 56.7324
   vertex 39.7035 -5.2271 56.7324
  endloop
 endfacet
 facet normal 0.91556 -0.06001 0.39768
  outer loop
   vertex 39.7035 -5.2271 56.7324
   vertex 40.0461 0.0000 56.7324
   vertex 37.7351 0.0000 62.0528
  endloop
 endfacet
 facet normal 0.91556 -0.06001 0.39768
  outer loop
   vertex 39.7035 -5.2271 56.7324
   vertex 37.7351 0.0000 62.0528
   vertex 37.4123 -4.9254 62.0528
  endloop
 endfacet
 facet normal 0.85308 -0.05591 0.51877
  outer loop
   vertex 37.4123 -4.9254 62.0528
   vertex 37.7351 0.0000 62.0528
   vertex 34.7212 0.0000 67.0089
  endloop
 endfacet
 facet normal 0.85308 -0.05591 0.51877
  outer loop
   vertex 37.4123 -4.9254 62.0528
   vertex 34.7212 0.0000 67.0089
   vertex 34.4242 -4.5320 67.0089
  endloop
 endfacet
 facet normal 0.77471 -0.05078 0.63027
  outer loop
   vertex 34.4242 -4.5320 67.0089
   vertex 34.7212 0.0000 67.0089
   vertex 31.0605 0.0000 71.5085
  endloop
 endfacet
 facet normal 0.77471 -0.05078 0.63027
  outer loop
   vertex 34.4242 -4.5320 67.0089
   vertex 31.0605 0.0000 71.5085
   vertex 30.7948 -4.0542 71.5085
  endloop
 endfacet
 facet normal 0.68187 -0.04469 0.73011
  outer loop
   vertex 30.7948 -4.0542 71.5085
   vertex 31.0605 0.0000 71.5085
   vertex 26.8212 0.0000 75.4677
  endloop
 endfacet
 facet normal 0.68187 -0.04469 0.73011
  outer loop
   vertex 30.7948 -4.0542 71.5085
   vertex 26.8212 0.0000 75.4677
   vertex 26.5918 -3.5009 75.4677
  endloop
 endfacet
 facet normal 0.57627 -0.03777 0.81639
  outer loop
   vertex 26.5918 -3.5009 75.4677
   vertex 26.8212 0.0000 75.4677
   vertex 22.0823 0.0000 78.8128
  endloop
 endfacet
 facet normal 0.57627 -0.03777 0.81639
  outer loop
   vertex 26.5918 -3.5009 75.4677
   vertex 22.0823 0.0000 78.8128
   vertex 21.8934 -2.8823 78.8128
  endloop
 endfacet
 facet normal 0.45986 -0.03014 0.88748
  outer loop
   vertex 21.8934 -2.8823 78.8128
   vertex 22.0823 0.0000 78.8128
   vertex 16.9320 0.0000 81.4815
  endloop
 endfacet
 facet normal 0.45986 -0.03014 0.88748
  outer loop
   vertex 21.8934 -2.8823 78.8128
   vertex 16.9320 0.0000 81.4815
   vertex 16.7872 -2.2101 81.4815
  endloop
 endfacet
 facet normal 0.33480 -0.02194 0.94203
  outer loop
   vertex 16.7872 -2.2101 81.4815
   vertex 16.9320 0.0000 81.4815
   vertex 11.4664 0.0000 83.4240
  endloop
 endfacet
 facet normal 0.33480 -0.02194 0.94203
  outer loop
   vertex 16.7872 -2.2101 81.4815
   vertex 11.4664 0.0000 83.4240
   vertex 11.3683 -1.4967 83.4240
  endloop
 endfacet
 facet normal 0.20344 -0.01333 0.97900
  outer loop
   vertex 11.3683 -1.4967 83.4240
   vertex 11.4664 0.0000 83.4240
   vertex 5.7871 0.0000 84.6042
  endloop
 endfacet
 facet normal 0.20344 -0.01333 0.97900
  outer loop
   vertex 11.3683 -1.4967 83.4240
   vertex 5.7871 0.0000 84.6042
   vertex 5.7376 -0.7554 84.6042
  endloop
 endfacet
 facet normal 0.06824 -0.00447 0.99766
  outer loop
   vertex 5.7376 -0.7554 84.6042
   vertex 5.7871 0.0000 84.6042
   vertex 0.0000 0.0000 85.0000
  endloop
 endfacet
 facet normal 0.00000 0.00000 0.00000
  outer loop
   vertex 5.7376 -0.7554 84.6042
   vertex 0.0000 0.0000 85.0000
   vertex 0.0000 -0.0000 85.0000
  endloop
 endfacet
endsolid 구
