solid 타원
 facet normal 0.00000 0.00000 0.00000
  outer loop
   vertex 0.0000 0.0000 0.0000
   vertex 0.0000 0.0000 0.0000
   vertex 8.1001 0.6221 0.3260
  endloop
 endfacet
 facet normal 0.03987 0.00448 -0.99919
  outer loop
   vertex 0.0000 0.0000 0.0000
   vertex 8.1001 0.6221 0.3260
   vertex 8.1700 0.0000 0.3260
  endloop
 endfacet
 facet normal 0.12033 0.01352 -0.99264
  outer loop
   vertex 8.1700 0.0000 0.3260
   vertex 8.1001 0.6221 0.3260
   vertex 16.0493 1.2325 1.2979
  endloop
 endfacet
 facet normal 0.12033 0.01352 -0.99264
  outer loop
   vertex 8.1700 0.0000 0.3260
   vertex 16.0493 1.2325 1.2979
   vertex 16.1878 0.0000 1.2979
  endloop
 endfacet
 facet normal 0.20295 0.02280 -0.97892
  outer loop
   vertex 16.1878 0.0000 1.2979
   vertex 16.0493 1.2325 1.2979
   vertex 23.6996 1.8201 2.8976
  endloop
 endfacet
 facet normal 0.20295 0.02280 -0.97892
  outer loop
   vertex 16.1878 0.0000 1.2979
   vertex 23.6996 1.8201 2.8976
   vertex 23.9041 0.0000 2.8976
  endloop
 endfacet
 facet normal 0.28918 0.03249 -0.95672
  outer loop
   vertex 23.9041 0.0000 2.8976
   vertex 23.6996 1.8201 2.8976
   vertex 30.9083 2.3737 5.0953
  endloop
 endfacet
 facet normal 0.28918 0.03249 -0.95672
  outer loop
   vertex 23.9041 0.0000 2.8976
   vertex 30.9083 2.3737 5.0953
   vertex 31.1750 0.0000 5.0953
  endloop
 endfacet
 facet normal 0.38040 0.04274 -0.92383
  outer loop
   vertex 31.1750 0.0000 5.0953
   vertex 30.9083 2.3737 5.0953
   vertex 37.5413 2.8831 7.8501
  endloop
 endfacet
 facet normal 0.38040 0.04274 -0.92383
  outer loop
   vertex 31.1750 0.0000 5.0953
   vertex 37.5413 2.8831 7.8501
   vertex 37.8653 0.0000 7.8501
  endloop
 endfacet
 facet normal 0.47772 0.05368 -0.87687
  outer loop
   vertex 37.8653 0.0000 7.8501
   vertex 37.5413 2.8831 7.8501
   vertex 43.4750 3.3388 11.1106
  endloop
 endfacet
 facet normal 0.47772 0.05368 -0.87687
  outer loop
   vertex 37.8653 0.0000 7.8501
   vertex 43.4750 3.3388 11.1106
   vertex 43.8502 0.0000 11.1106
  endloop
 endfacet
 facet normal 0.58146 0.06533 -0.81095
  outer loop
   vertex 43.8502 0.0000 11.1106
   vertex 43.4750 3.3388 11.1106
   vertex 48.5988 3.7323 14.8162
  endloop
 endfacet
 facet normal 0.58146 0.06533 -0.81095
  outer loop
   vertex 43.8502 0.0000 11.1106
   vertex 48.5988 3.7323 14.8162
   vertex 49.0182 0.0000 14.8162
  endloop
 endfacet
 facet normal 0.69017 0.07755 -0.71948
  outer loop
   vertex 49.0182 0.0000 14.8162
   vertex 48.5988 3.7323 14.8162
   vertex 52.8174 4.0562 18.8977
  endloop
 endfacet
 facet normal 0.69017 0.07755 -0.71948
  outer loop
   vertex 49.0182 0.0000 14.8162
   vertex 52.8174 4.0562 18.8977
   vertex 53.2731 0.0000 18.8977
  endloop
 endfacet
 facet normal 0.79883 0.08976 -0.59482
  outer loop
   vertex 53.2731 0.0000 18.8977
   vertex 52.8174 4.0562 18.8977
   vertex 56.0520 4.3046 23.2792
  endloop
 endfacet
 facet normal 0.79883 0.08976 -0.59482
  outer loop
   vertex 53.2731 0.0000 18.8977
   vertex 56.0520 4.3046 23.2792
   vertex 56.5357 0.0000 23.2792
  endloop
 endfacet
 facet normal 0.89682 0.10077 -0.43076
  outer loop
   vertex 56.5357 0.0000 23.2792
   vertex 56.0520 4.3046 23.2792
   vertex 58.2425 4.4729 27.8790
  endloop
 endfacet
 facet normal 0.89682 0.10077 -0.43076
  outer loop
   vertex 56.5357 0.0000 23.2792
   vertex 58.2425 4.4729 27.8790
   vertex 58.7450 0.0000 27.8790
  endloop
 endfacet
 facet normal 0.96758 0.10872 -0.22798
  outer loop
   vertex 58.7450 0.0000 27.8790
   vertex 58.2425 4.4729 27.8790
   vertex 59.3480 4.5578 32.6115
  endloop
 endfacet
 facet normal 0.96758 0.10872 -0.22798
  outer loop
   vertex 58.7450 0.0000 27.8790
   vertex 59.3480 4.5578 32.6115
   vertex 59.8601 0.0000 32.6115
  endloop
 endfacet
 facet normal 0.99375 0.11166 0.00000
  outer loop
   vertex 59.8601 0.0000 32.6115
   vertex 59.3480 4.5578 32.6115
   vertex 59.3480 4.5578 37.3885
  endloop
 endfacet
 facet normal 0.99375 0.11166 -0.00000
  outer loop
   vertex 59.8601 0.0000 32.6115
   vertex 59.3480 4.5578 37.3885
   vertex 59.8601 0.0000 37.3885
  endloop
 endfacet
 facet normal 0.96758 0.10872 0.22798
  outer loop
   vertex 59.8601 0.0000 37.3885
   vertex 59.3480 4.5578 37.3885
   vertex 58.2425 4.4729 42.1210
  endloop
 endfacet
 facet normal 0.96758 0.10872 0.22798
  outer loop
   vertex 59.8601 0.0000 37.3885
   vertex 58.2425 4.4729 42.1210
   vertex 58.7450 0.0000 42.1210
  endloop
 endfacet
 facet normal 0.89682 0.10077 0.43076
  outer loop
   vertex 58.7450 0.0000 42.1210
   vertex 58.2425 4.4729 42.1210
   vertex 56.0520 4.3046 46.7208
  endloop
 endfacet
 facet normal 0.89682 0.10077 0.43076
  outer loop
   vertex 58.7450 0.0000 42.1210
   vertex 56.0520 4.3046 46.7208
   vertex 56.5357 0.0000 46.7208
  endloop
 endfacet
 facet normal 0.79883 0.08976 0.59482
  outer loop
   vertex 56.5357 0.0000 46.7208
   vertex 56.0520 4.3046 46.7208
   vertex 52.8174 4.0562 51.1023
  endloop
 endfacet
 facet normal 0.79883 0.08976 0.59482
  outer loop
   vertex 56.5357 0.0000 46.7208
   vertex 52.8174 4.0562 51.1023
   vertex 53.2731 0.0000 51.1023
  endloop
 endfacet
 facet normal 0.69017 0.07755 0.71948
  outer loop
   vertex 53.2731 0.0000 51.1023
   vertex 52.8174 4.0562 51.1023
   vertex 48.5988 3.7323 55.1838
  endloop
 endfacet
 facet normal 0.69017 0.07755 0.71948
  outer loop
   vertex 53.2731 0.0000 51.1023
   vertex 48.5988 3.7323 55.1838
   vertex 49.0182 0.0000 55.1838
  endloop
 endfacet
 facet normal 0.58146 0.06533 0.81095
  outer loop
   vertex 49.0182 0.0000 55.1838
   vertex 48.5988 3.7323 55.1838
   vertex 43.4750 3.3388 58.8894
  endloop
 endfacet
 facet normal 0.58146 0.06533 0.81095
  outer loop
   vertex 49.0182 0.0000 55.1838
   vertex 43.4750 3.3388 58.8894
   vertex 43.8502 0.0000 58.8894
  endloop
 endfacet
 facet normal 0.47772 0.05368 0.87687
  outer loop
   vertex 43.8502 0.0000 58.8894
   vertex 43.4750 3.3388 58.8894
   vertex 37.5413 2.8831 62.1499
  endloop
 endfacet
 facet normal 0.47772 0.05368 0.87687
  outer loop
   vertex 43.8502 0.0000 58.8894
   vertex 37.5413 2.8831 62.1499
   vertex 37.8653 0.0000 62.1499
  endloop
 endfacet
 facet normal 0.38040 0.04274 0.92383
  outer loop
   vertex 37.8653 0.0000 62.1499
   vertex 37.5413 2.8831 62.1499
   vertex 30.9083 2.3737 64.9047
  endloop
 endfacet
 facet normal 0.38040 0.04274 0.92383
  outer loop
   vertex 37.8653 0.0000 62.1499
   vertex 30.9083 2.3737 64.9047
   vertex 31.1750 0.0000 64.9047
  endloop
 endfacet
 facet normal 0.28918 0.03249 0.95672
  outer loop
   vertex 31.1750 0.0000 64.9047
   vertex 30.9083 2.3737 64.9047
   vertex 23.6996 1.8201 67.1024
  endloop
 endfacet
 facet normal 0.28918 0.03249 0.95672
  outer loop
   vertex 31.1750 0.0000 64.9047
   vertex 23.6996 1.8201 67.1024
   vertex 23.9041 0.0000 67.1024
  endloop
 endfacet
 facet normal 0.20295 0.02280 0.97892
  outer loop
   vertex 23.9041 0.0000 67.1024
   vertex 23.6996 1.8201 67.1024
   vertex 16.0493 1.2325 68.7021
  endloop
 endfacet
 facet normal 0.20295 0.02280 0.97892
  outer loop
   vertex 23.9041 0.0000 67.1024
   vertex 16.0493 1.2325 68.7021
   vertex 16.1878 0.0000 68.7021
  endloop
 endfacet
 facet normal 0.12033 0.01352 0.99264
  outer loop
   vertex 16.1878 0.0000 68.7021
   vertex 16.0493 1.2325 68.7021
   vertex 8.1001 0.6221 69.6740
  endloop
 endfacet
 facet normal 0.12033 0.01352 0.99264
  outer loop
   vertex 16.1878 0.0000 68.7021
   vertex 8.1001 0.6221 69.6740
   vertex 8.1700 0.0000 69.6740
  endloop
 endfacet
 facet normal 0.03987 0.00448 0.99919
  outer loop
   vertex 8.1700 0.0000 69.6740
   vertex 8.1001 0.6221 69.6740
   vertex 0.0000 0.0000 70.0000
  endloop
 endfacet
 facet normal 0.00000 0.00000 0.00000
  outer loop
   vertex 8.1700 0.0000 69.6740
   vertex 0.0000 0.0000 70.0000
   vertex 0.0000 0.0000 70.0000
  endloop
 endfacet
 facet normal 0.00000 0.00000 0.00000
  outer loop
   vertex 0.0000 0.0000 0.0000
   vertex 0.0000 0.0000 0.0000
   vertex 7.8916 1.2335 0.3260
  endloop
 endfacet
 facet normal 0.03918 0.01336 -0.99914
  outer loop
   vertex 0.0000 0.0000 0.0000
   vertex 7.8916 1.2335 0.3260
   vertex 8.1001 0.6221 0.3260
  endloop
 endfacet
 facet normal 0.11821 0.04031 -0.99217
  outer loop
   vertex 8.1001 0.6221 0.3260
   vertex 7.8916 1.2335 0.3260
   vertex 15.6362 2.4440 1.2979
  endloop
 endfacet
 facet normal 0.11821 0.04031 -0.99217
  outer loop
   vertex 8.1001 0.6221 0.3260
   vertex 15.6362 2.4440 1.2979
   vertex 16.0493 1.2325 1.2979
  endloop
 endfacet
 facet normal 0.19921 0.06793 -0.97760
  outer loop
   vertex 16.0493 1.2325 1.2979
   vertex 15.6362 2.4440 1.2979
   vertex 23.0896 3.6090 2.8976
  endloop
 endfacet
 facet normal 0.19921 0.06793 -0.97760
  outer loop
   vertex 16.0493 1.2325 1.2979
   vertex 23.0896 3.6090 2.8976
   vertex 23.6996 1.8201 2.8976
  endloop
 endfacet
 facet normal 0.28345 0.09665 -0.95410
  outer loop
   vertex 23.6996 1.8201 2.8976
   vertex 23.0896 3.6090 2.8976
   vertex 30.1128 4.7067 5.0953
  endloop
 endfacet
 facet normal 0.28345 0.09665 -0.95410
  outer loop
   vertex 23.6996 1.8201 2.8976
   vertex 30.1128 4.7067 5.0953
   vertex 30.9083 2.3737 5.0953
  endloop
 endfacet
 facet normal 0.37212 0.12689 -0.91947
  outer loop
   vertex 30.9083 2.3737 5.0953
   vertex 30.1128 4.7067 5.0953
   vertex 36.5750 5.7168 7.8501
  endloop
 endfacet
 facet normal 0.37212 0.12689 -0.91947
  outer loop
   vertex 30.9083 2.3737 5.0953
   vertex 36.5750 5.7168 7.8501
   vertex 37.5413 2.8831 7.8501
  endloop
 endfacet
 facet normal 0.46606 0.15892 -0.87036
  outer loop
   vertex 37.5413 2.8831 7.8501
   vertex 36.5750 5.7168 7.8501
   vertex 42.3560 6.6204 11.1106
  endloop
 endfacet
 facet normal 0.46606 0.15892 -0.87036
  outer loop
   vertex 37.5413 2.8831 7.8501
   vertex 42.3560 6.6204 11.1106
   vertex 43.4750 3.3388 11.1106
  endloop
 endfacet
 facet normal 0.56526 0.19275 -0.80208
  outer loop
   vertex 43.4750 3.3388 11.1106
   vertex 42.3560 6.6204 11.1106
   vertex 47.3479 7.4007 14.8162
  endloop
 endfacet
 facet normal 0.56526 0.19275 -0.80208
  outer loop
   vertex 43.4750 3.3388 11.1106
   vertex 47.3479 7.4007 14.8162
   vertex 48.5988 3.7323 14.8162
  endloop
 endfacet
 facet normal 0.66797 0.22777 -0.70847
  outer loop
   vertex 48.5988 3.7323 14.8162
   vertex 47.3479 7.4007 14.8162
   vertex 51.4579 8.0431 18.8977
  endloop
 endfacet
 facet normal 0.66797 0.22777 -0.70847
  outer loop
   vertex 48.5988 3.7323 14.8162
   vertex 51.4579 8.0431 18.8977
   vertex 52.8174 4.0562 18.8977
  endloop
 endfacet
 facet normal 0.76918 0.26229 -0.58272
  outer loop
   vertex 52.8174 4.0562 18.8977
   vertex 51.4579 8.0431 18.8977
   vertex 54.6092 8.5356 23.2792
  endloop
 endfacet
 facet normal 0.76918 0.26229 -0.58272
  outer loop
   vertex 52.8174 4.0562 18.8977
   vertex 54.6092 8.5356 23.2792
   vertex 56.0520 4.3046 23.2792
  endloop
 endfacet
 facet normal 0.85905 0.29293 -0.41980
  outer loop
   vertex 56.0520 4.3046 23.2792
   vertex 54.6092 8.5356 23.2792
   vertex 56.7434 8.8692 27.8790
  endloop
 endfacet
 facet normal 0.85905 0.29293 -0.41980
  outer loop
   vertex 56.0520 4.3046 23.2792
   vertex 56.7434 8.8692 27.8790
   vertex 58.2425 4.4729 27.8790
  endloop
 endfacet
 facet normal 0.92302 0.31474 -0.22127
  outer loop
   vertex 58.2425 4.4729 27.8790
   vertex 56.7434 8.8692 27.8790
   vertex 57.8204 9.0375 32.6115
  endloop
 endfacet
 facet normal 0.92302 0.31474 -0.22127
  outer loop
   vertex 58.2425 4.4729 27.8790
   vertex 57.8204 9.0375 32.6115
   vertex 59.3480 4.5578 32.6115
  endloop
 endfacet
 facet normal 0.94649 0.32274 0.00000
  outer loop
   vertex 59.3480 4.5578 32.6115
   vertex 57.8204 9.0375 32.6115
   vertex 57.8204 9.0375 37.3885
  endloop
 endfacet
 facet normal 0.94649 0.32274 -0.00000
  outer loop
   vertex 59.3480 4.5578 32.6115
   vertex 57.8204 9.0375 37.3885
   vertex 59.3480 4.5578 37.3885
  endloop
 endfacet
 facet normal 0.92302 0.31474 0.22127
  outer loop
   vertex 59.3480 4.5578 37.3885
   vertex 57.8204 9.0375 37.3885
   vertex 56.7434 8.8692 42.1210
  endloop
 endfacet
 facet normal 0.92302 0.31474 0.22127
  outer loop
   vertex 59.3480 4.5578 37.3885
   vertex 56.7434 8.8692 42.1210
   vertex 58.2425 4.4729 42.1210
  endloop
 endfacet
 facet normal 0.85905 0.29293 0.41980
  outer loop
   vertex 58.2425 4.4729 42.1210
   vertex 56.7434 8.8692 42.1210
   vertex 54.6092 8.5356 46.7208
  endloop
 endfacet
 facet normal 0.85905 0.29293 0.41980
  outer loop
   vertex 58.2425 4.4729 42.1210
   vertex 54.6092 8.5356 46.7208
   vertex 56.0520 4.3046 46.7208
  endloop
 endfacet
 facet normal 0.76918 0.26229 0.58272
  outer loop
   vertex 56.0520 4.3046 46.7208
   vertex 54.6092 8.5356 46.7208
   vertex 51.4579 8.0431 51.1023
  endloop
 endfacet
 facet normal 0.76918 0.26229 0.58272
  outer loop
   vertex 56.0520 4.3046 46.7208
   vertex 51.4579 8.0431 51.1023
   vertex 52.8174 4.0562 51.1023
  endloop
 endfacet
 facet normal 0.66797 0.22777 0.70847
  outer loop
   vertex 52.8174 4.0562 51.1023
   vertex 51.4579 8.0431 51.1023
   vertex 47.3479 7.4007 55.1838
  endloop
 endfacet
 facet normal 0.66797 0.22777 0.70847
  outer loop
   vertex 52.8174 4.0562 51.1023
   vertex 47.3479 7.4007 55.1838
   vertex 48.5988 3.7323 55.1838
  endloop
 endfacet
 facet normal 0.56526 0.19275 0.80208
  outer loop
   vertex 48.5988 3.7323 55.1838
   vertex 47.3479 7.4007 55.1838
   vertex 42.3560 6.6204 58.8894
  endloop
 endfacet
 facet normal 0.56526 0.19275 0.80208
  outer loop
   vertex 48.5988 3.7323 55.1838
   vertex 42.3560 6.6204 58.8894
   vertex 43.4750 3.3388 58.8894
  endloop
 endfacet
 facet normal 0.46606 0.15892 0.87036
  outer loop
   vertex 43.4750 3.3388 58.8894
   vertex 42.3560 6.6204 58.8894
   vertex 36.5750 5.7168 62.1499
  endloop
 endfacet
 facet normal 0.46606 0.15892 0.87036
  outer loop
   vertex 43.4750 3.3388 58.8894
   vertex 36.5750 5.7168 62.1499
   vertex 37.5413 2.8831 62.1499
  endloop
 endfacet
 facet normal 0.37212 0.12689 0.91947
  outer loop
   vertex 37.5413 2.8831 62.1499
   vertex 36.5750 5.7168 62.1499
   vertex 30.1128 4.7067 64.9047
  endloop
 endfacet
 facet normal 0.37212 0.12689 0.91947
  outer loop
   vertex 37.5413 2.8831 62.1499
   vertex 30.1128 4.7067 64.9047
   vertex 30.9083 2.3737 64.9047
  endloop
 endfacet
 facet normal 0.28345 0.09665 0.95410
  outer loop
   vertex 30.9083 2.3737 64.9047
   vertex 30.1128 4.7067 64.9047
   vertex 23.0896 3.6090 67.1024
  endloop
 endfacet
 facet normal 0.28345 0.09665 0.95410
  outer loop
   vertex 30.9083 2.3737 64.9047
   vertex 23.0896 3.6090 67.1024
   vertex 23.6996 1.8201 67.1024
  endloop
 endfacet
 facet normal 0.19921 0.06793 0.97760
  outer loop
   vertex 23.6996 1.8201 67.1024
   vertex 23.0896 3.6090 67.1024
   vertex 15.6362 2.4440 68.7021
  endloop
 endfacet
 facet normal 0.19921 0.06793 0.97760
  outer loop
   vertex 23.6996 1.8201 67.1024
   vertex 15.6362 2.4440 68.7021
   vertex 16.0493 1.2325 68.7021
  endloop
 endfacet
 facet normal 0.11821 0.04031 0.99217
  outer loop
   vertex 16.0493 1.2325 68.7021
   vertex 15.6362 2.4440 68.7021
   vertex 7.8916 1.2335 69.6740
  endloop
 endfacet
 facet normal 0.11821 0.04031 0.99217
  outer loop
   vertex 16.0493 1.2325 68.7021
   vertex 7.8916 1.2335 69.6740
   vertex 8.1001 0.6221 69.6740
  endloop
 endfacet
 facet normal 0.03918 0.01336 0.99914
  outer loop
   vertex 8.1001 0.6221 69.6740
   vertex 7.8916 1.2335 69.6740
   vertex 0.0000 0.0000 70.0000
  endloop
 endfacet
 facet normal 0.00000 0.00000 0.00000
  outer loop
   vertex 8.1001 0.6221 69.6740
   vertex 0.0000 0.0000 70.0000
   vertex 0.0000 0.0000 70.0000
  endloop
 endfacet
 facet normal 0.00000 0.00000 0.00000
  outer loop
   vertex 0.0000 0.0000 0.0000
   vertex 0.0000 0.0000 0.0000
   vertex 7.5481 1.8238 0.3260
  endloop
 endfacet
 facet normal 0.03783 0.02201 -0.99904
  outer loop
   vertex 0.0000 0.0000 0.0000
   vertex 7.5481 1.8238 0.3260
   vertex 7.8916 1.2335 0.3260
  endloop
 endfacet
 facet normal 0.11403 0.06635 -0.99126
  outer loop
   vertex 7.8916 1.2335 0.3260
   vertex 7.5481 1.8238 0.3260
   vertex 14.9556 3.6136 1.2979
  endloop
 endfacet
 facet normal 0.11403 0.06635 -0.99126
  outer loop
   vertex 7.8916 1.2335 0.3260
   vertex 14.9556 3.6136 1.2979
   vertex 15.6362 2.4440 1.2979
  endloop
 endfacet
 facet normal 0.19183 0.11163 -0.97506
  outer loop
   vertex 15.6362 2.4440 1.2979
   vertex 14.9556 3.6136 1.2979
   vertex 22.0845 5.3362 2.8976
  endloop
 endfacet
 facet normal 0.19183 0.11163 -0.97506
  outer loop
   vertex 15.6362 2.4440 1.2979
   vertex 22.0845 5.3362 2.8976
   vertex 23.0896 3.6090 2.8976
  endloop
 endfacet
 facet normal 0.27223 0.15842 -0.94910
  outer loop
   vertex 23.0896 3.6090 2.8976
   vertex 22.0845 5.3362 2.8976
   vertex 28.8020 6.9593 5.0953
  endloop
 endfacet
 facet normal 0.27223 0.15842 -0.94910
  outer loop
   vertex 23.0896 3.6090 2.8976
   vertex 28.8020 6.9593 5.0953
   vertex 30.1128 4.7067 5.0953
  endloop
 endfacet
 facet normal 0.35605 0.20719 -0.91121
  outer loop
   vertex 30.1128 4.7067 5.0953
   vertex 28.8020 6.9593 5.0953
   vertex 34.9830 8.4527 7.8501
  endloop
 endfacet
 facet normal 0.35605 0.20719 -0.91121
  outer loop
   vertex 30.1128 4.7067 5.0953
   vertex 34.9830 8.4527 7.8501
   vertex 36.5750 5.7168 7.8501
  endloop
 endfacet
 facet normal 0.44368 0.25818 -0.85819
  outer loop
   vertex 36.5750 5.7168 7.8501
   vertex 34.9830 8.4527 7.8501
   vertex 40.5123 9.7888 11.1106
  endloop
 endfacet
 facet normal 0.44368 0.25818 -0.85819
  outer loop
   vertex 36.5750 5.7168 7.8501
   vertex 40.5123 9.7888 11.1106
   vertex 42.3560 6.6204 11.1106
  endloop
 endfacet
 facet normal 0.53463 0.31111 -0.78574
  outer loop
   vertex 42.3560 6.6204 11.1106
   vertex 40.5123 9.7888 11.1106
   vertex 45.2869 10.9424 14.8162
  endloop
 endfacet
 facet normal 0.53463 0.31111 -0.78574
  outer loop
   vertex 42.3560 6.6204 11.1106
   vertex 45.2869 10.9424 14.8162
   vertex 47.3479 7.4007 14.8162
  endloop
 endfacet
 facet normal 0.62678 0.36474 -0.68855
  outer loop
   vertex 47.3479 7.4007 14.8162
   vertex 45.2869 10.9424 14.8162
   vertex 49.2179 11.8923 18.8977
  endloop
 endfacet
 facet normal 0.62678 0.36474 -0.68855
  outer loop
   vertex 47.3479 7.4007 14.8162
   vertex 49.2179 11.8923 18.8977
   vertex 51.4579 8.0431 18.8977
  endloop
 endfacet
 facet normal 0.71532 0.41626 -0.56129
  outer loop
   vertex 51.4579 8.0431 18.8977
   vertex 49.2179 11.8923 18.8977
   vertex 52.2321 12.6206 23.2792
  endloop
 endfacet
 facet normal 0.71532 0.41626 -0.56129
  outer loop
   vertex 51.4579 8.0431 18.8977
   vertex 52.2321 12.6206 23.2792
   vertex 54.6092 8.5356 23.2792
  endloop
 endfacet
 facet normal 0.79185 0.46080 -0.40080
  outer loop
   vertex 54.6092 8.5356 23.2792
   vertex 52.2321 12.6206 23.2792
   vertex 54.2733 13.1138 27.8790
  endloop
 endfacet
 facet normal 0.79185 0.46080 -0.40080
  outer loop
   vertex 54.6092 8.5356 23.2792
   vertex 54.2733 13.1138 27.8790
   vertex 56.7434 8.8692 27.8790
  endloop
 endfacet
 facet normal 0.84507 0.49176 -0.20983
  outer loop
   vertex 56.7434 8.8692 27.8790
   vertex 54.2733 13.1138 27.8790
   vertex 55.3035 13.3627 32.6115
  endloop
 endfacet
 facet normal 0.84507 0.49176 -0.20983
  outer loop
   vertex 56.7434 8.8692 27.8790
   vertex 55.3035 13.3627 32.6115
   vertex 57.8204 9.0375 32.6115
  endloop
 endfacet
 facet normal 0.86431 0.50296 0.00000
  outer loop
   vertex 57.8204 9.0375 32.6115
   vertex 55.3035 13.3627 32.6115
   vertex 55.3035 13.3627 37.3885
  endloop
 endfacet
 facet normal 0.86431 0.50296 -0.00000
  outer loop
   vertex 57.8204 9.0375 32.6115
   vertex 55.3035 13.3627 37.3885
   vertex 57.8204 9.0375 37.3885
  endloop
 endfacet
 facet normal 0.84507 0.49176 0.20983
  outer loop
   vertex 57.8204 9.0375 37.3885
   vertex 55.3035 13.3627 37.3885
   vertex 54.2733 13.1138 42.1210
  endloop
 endfacet
 facet normal 0.84507 0.49176 0.20983
  outer loop
   vertex 57.8204 9.0375 37.3885
   vertex 54.2733 13.1138 42.1210
   vertex 56.7434 8.8692 42.1210
  endloop
 endfacet
 facet normal 0.79185 0.46080 0.40080
  outer loop
   vertex 56.7434 8.8692 42.1210
   vertex 54.2733 13.1138 42.1210
   vertex 52.2321 12.6206 46.7208
  endloop
 endfacet
 facet normal 0.79185 0.46080 0.40080
  outer loop
   vertex 56.7434 8.8692 42.1210
   vertex 52.2321 12.6206 46.7208
   vertex 54.6092 8.5356 46.7208
  endloop
 endfacet
 facet normal 0.71532 0.41626 0.56129
  outer loop
   vertex 54.6092 8.5356 46.7208
   vertex 52.2321 12.6206 46.7208
   vertex 49.2179 11.8923 51.1023
  endloop
 endfacet
 facet normal 0.71532 0.41626 0.56129
  outer loop
   vertex 54.6092 8.5356 46.7208
   vertex 49.2179 11.8923 51.1023
   vertex 51.4579 8.0431 51.1023
  endloop
 endfacet
 facet normal 0.62678 0.36474 0.68855
  outer loop
   vertex 51.4579 8.0431 51.1023
   vertex 49.2179 11.8923 51.1023
   vertex 45.2869 10.9424 55.1838
  endloop
 endfacet
 facet normal 0.62678 0.36474 0.68855
  outer loop
   vertex 51.4579 8.0431 51.1023
   vertex 45.2869 10.9424 55.1838
   vertex 47.3479 7.4007 55.1838
  endloop
 endfacet
 facet normal 0.53463 0.31111 0.78574
  outer loop
   vertex 47.3479 7.4007 55.1838
   vertex 45.2869 10.9424 55.1838
   vertex 40.5123 9.7888 58.8894
  endloop
 endfacet
 facet normal 0.53463 0.31111 0.78574
  outer loop
   vertex 47.3479 7.4007 55.1838
   vertex 40.5123 9.7888 58.8894
   vertex 42.3560 6.6204 58.8894
  endloop
 endfacet
 facet normal 0.44368 0.25818 0.85819
  outer loop
   vertex 42.3560 6.6204 58.8894
   vertex 40.5123 9.7888 58.8894
   vertex 34.9830 8.4527 62.1499
  endloop
 endfacet
 facet normal 0.44368 0.25818 0.85819
  outer loop
   vertex 42.3560 6.6204 58.8894
   vertex 34.9830 8.4527 62.1499
   vertex 36.5750 5.7168 62.1499
  endloop
 endfacet
 facet normal 0.35605 0.20719 0.91121
  outer loop
   vertex 36.5750 5.7168 62.1499
   vertex 34.9830 8.4527 62.1499
   vertex 28.8020 6.9593 64.9047
  endloop
 endfacet
 facet normal 0.35605 0.20719 0.91121
  outer loop
   vertex 36.5750 5.7168 62.1499
   vertex 28.8020 6.9593 64.9047
   vertex 30.1128 4.7067 64.9047
  endloop
 endfacet
 facet normal 0.27223 0.15842 0.94910
  outer loop
   vertex 30.1128 4.7067 64.9047
   vertex 28.8020 6.9593 64.9047
   vertex 22.0845 5.3362 67.1024
  endloop
 endfacet
 facet normal 0.27223 0.15842 0.94910
  outer loop
   vertex 30.1128 4.7067 64.9047
   vertex 22.0845 5.3362 67.1024
   vertex 23.0896 3.6090 67.1024
  endloop
 endfacet
 facet normal 0.19183 0.11163 0.97506
  outer loop
   vertex 23.0896 3.6090 67.1024
   vertex 22.0845 5.3362 67.1024
   vertex 14.9556 3.6136 68.7021
  endloop
 endfacet
 facet normal 0.19183 0.11163 0.97506
  outer loop
   vertex 23.0896 3.6090 67.1024
   vertex 14.9556 3.6136 68.7021
   vertex 15.6362 2.4440 68.7021
  endloop
 endfacet
 facet normal 0.11403 0.06635 0.99126
  outer loop
   vertex 15.6362 2.4440 68.7021
   vertex 14.9556 3.6136 68.7021
   vertex 7.5481 1.8238 69.6740
  endloop
 endfacet
 facet normal 0.11403 0.06635 0.99126
  outer loop
   vertex 15.6362 2.4440 68.7021
   vertex 7.5481 1.8238 69.6740
   vertex 7.8916 1.2335 69.6740
  endloop
 endfacet
 facet normal 0.03783 0.02201 0.99904
  outer loop
   vertex 7.8916 1.2335 69.6740
   vertex 7.5481 1.8238 69.6740
   vertex 0.0000 0.0000 70.0000
  endloop
 endfacet
 facet normal 0.00000 0.00000 0.00000
  outer loop
   vertex 7.8916 1.2335 69.6740
   vertex 0.0000 0.0000 70.0000
   vertex 0.0000 0.0000 70.0000
  endloop
 endfacet
 facet normal 0.00000 0.00000 0.00000
  outer loop
   vertex 0.0000 0.0000 0.0000
   vertex 0.0000 0.0000 0.0000
   vertex 7.0754 2.3829 0.3260
  endloop
 endfacet
 facet normal 0.03582 0.03028 -0.99890
  outer loop
   vertex 0.0000 0.0000 0.0000
   vertex 7.0754 2.3829 0.3260
   vertex 7.5481 1.8238 0.3260
  endloop
 endfacet
 facet normal 0.10786 0.09118 -0.98998
  outer loop
   vertex 7.5481 1.8238 0.3260
   vertex 7.0754 2.3829 0.3260
   vertex 14.0191 4.7214 1.2979
  endloop
 endfacet
 facet normal 0.10786 0.09118 -0.98998
  outer loop
   vertex 7.5481 1.8238 0.3260
   vertex 14.0191 4.7214 1.2979
   vertex 14.9556 3.6136 1.2979
  endloop
 endfacet
 facet normal 0.18102 0.15304 -0.97150
  outer loop
   vertex 14.9556 3.6136 1.2979
   vertex 14.0191 4.7214 1.2979
   vertex 20.7015 6.9720 2.8976
  endloop
 endfacet
 facet normal 0.18102 0.15304 -0.97150
  outer loop
   vertex 14.9556 3.6136 1.2979
   vertex 20.7015 6.9720 2.8976
   vertex 22.0845 5.3362 2.8976
  endloop
 endfacet
 facet normal 0.25596 0.21638 -0.94216
  outer loop
   vertex 22.0845 5.3362 2.8976
   vertex 20.7015 6.9720 2.8976
   vertex 26.9984 9.0927 5.0953
  endloop
 endfacet
 facet normal 0.25596 0.21638 -0.94216
  outer loop
   vertex 22.0845 5.3362 2.8976
   vertex 26.9984 9.0927 5.0953
   vertex 28.8020 6.9593 5.0953
  endloop
 endfacet
 facet normal 0.33304 0.28155 -0.89990
  outer loop
   vertex 28.8020 6.9593 5.0953
   vertex 26.9984 9.0927 5.0953
   vertex 32.7923 11.0440 7.8501
  endloop
 endfacet
 facet normal 0.33304 0.28155 -0.89990
  outer loop
   vertex 28.8020 6.9593 5.0953
   vertex 32.7923 11.0440 7.8501
   vertex 34.9830 8.4527 7.8501
  endloop
 endfacet
 facet normal 0.41220 0.34847 -0.84182
  outer loop
   vertex 34.9830 8.4527 7.8501
   vertex 32.7923 11.0440 7.8501
   vertex 37.9754 12.7896 11.1106
  endloop
 endfacet
 facet normal 0.41220 0.34847 -0.84182
  outer loop
   vertex 34.9830 8.4527 7.8501
   vertex 37.9754 12.7896 11.1106
   vertex 40.5123 9.7888 11.1106
  endloop
 endfacet
 facet normal 0.49252 0.41637 -0.76424
  outer loop
   vertex 40.5123 9.7888 11.1106
   vertex 37.9754 12.7896 11.1106
   vertex 42.4510 14.2970 14.8162
  endloop
 endfacet
 facet normal 0.49252 0.41637 -0.76424
  outer loop
   vertex 40.5123 9.7888 11.1106
   vertex 42.4510 14.2970 14.8162
   vertex 45.2869 10.9424 14.8162
  endloop
 endfacet
 facet normal 0.57167 0.48328 -0.66305
  outer loop
   vertex 45.2869 10.9424 14.8162
   vertex 42.4510 14.2970 14.8162
   vertex 46.1359 15.5380 18.8977
  endloop
 endfacet
 facet normal 0.57167 0.48328 -0.66305
  outer loop
   vertex 45.2869 10.9424 14.8162
   vertex 46.1359 15.5380 18.8977
   vertex 49.2179 11.8923 18.8977
  endloop
 endfacet
 facet normal 0.64536 0.54558 -0.53465
  outer loop
   vertex 49.2179 11.8923 18.8977
   vertex 46.1359 15.5380 18.8977
   vertex 48.9613 16.4896 23.2792
  endloop
 endfacet
 facet normal 0.64536 0.54558 -0.53465
  outer loop
   vertex 49.2179 11.8923 18.8977
   vertex 48.9613 16.4896 23.2792
   vertex 52.2321 12.6206 23.2792
  endloop
 endfacet
 facet normal 0.70706 0.59774 -0.37785
  outer loop
   vertex 52.2321 12.6206 23.2792
   vertex 48.9613 16.4896 23.2792
   vertex 50.8747 17.1340 27.8790
  endloop
 endfacet
 facet normal 0.70706 0.59774 -0.37785
  outer loop
   vertex 52.2321 12.6206 23.2792
   vertex 50.8747 17.1340 27.8790
   vertex 54.2733 13.1138 27.8790
  endloop
 endfacet
 facet normal 0.74881 0.63304 -0.19630
  outer loop
   vertex 54.2733 13.1138 27.8790
   vertex 50.8747 17.1340 27.8790
   vertex 51.8404 17.4592 32.6115
  endloop
 endfacet
 facet normal 0.74881 0.63304 -0.19630
  outer loop
   vertex 54.2733 13.1138 27.8790
   vertex 51.8404 17.4592 32.6115
   vertex 55.3035 13.3627 32.6115
  endloop
 endfacet
 facet normal 0.76367 0.64560 0.00000
  outer loop
   vertex 55.3035 13.3627 32.6115
   vertex 51.8404 17.4592 32.6115
   vertex 51.8404 17.4592 37.3885
  endloop
 endfacet
 facet normal 0.76367 0.64560 -0.00000
  outer loop
   vertex 55.3035 13.3627 32.6115
   vertex 51.8404 17.4592 37.3885
   vertex 55.3035 13.3627 37.3885
  endloop
 endfacet
 facet normal 0.74881 0.63304 0.19630
  outer loop
   vertex 55.3035 13.3627 37.3885
   vertex 51.8404 17.4592 37.3885
   vertex 50.8747 17.1340 42.1210
  endloop
 endfacet
 facet normal 0.74881 0.63304 0.19630
  outer loop
   vertex 55.3035 13.3627 37.3885
   vertex 50.8747 17.1340 42.1210
   vertex 54.2733 13.1138 42.1210
  endloop
 endfacet
 facet normal 0.70706 0.59774 0.37785
  outer loop
   vertex 54.2733 13.1138 42.1210
   vertex 50.8747 17.1340 42.1210
   vertex 48.9613 16.4896 46.7208
  endloop
 endfacet
 facet normal 0.70706 0.59774 0.37785
  outer loop
   vertex 54.2733 13.1138 42.1210
   vertex 48.9613 16.4896 46.7208
   vertex 52.2321 12.6206 46.7208
  endloop
 endfacet
 facet normal 0.64536 0.54558 0.53465
  outer loop
   vertex 52.2321 12.6206 46.7208
   vertex 48.9613 16.4896 46.7208
   vertex 46.1359 15.5380 51.1023
  endloop
 endfacet
 facet normal 0.64536 0.54558 0.53465
  outer loop
   vertex 52.2321 12.6206 46.7208
   vertex 46.1359 15.5380 51.1023
   vertex 49.2179 11.8923 51.1023
  endloop
 endfacet
 facet normal 0.57167 0.48328 0.66305
  outer loop
   vertex 49.2179 11.8923 51.1023
   vertex 46.1359 15.5380 51.1023
   vertex 42.4510 14.2970 55.1838
  endloop
 endfacet
 facet normal 0.57167 0.48328 0.66305
  outer loop
   vertex 49.2179 11.8923 51.1023
   vertex 42.4510 14.2970 55.1838
   vertex 45.2869 10.9424 55.1838
  endloop
 endfacet
 facet normal 0.49252 0.41637 0.76424
  outer loop
   vertex 45.2869 10.9424 55.1838
   vertex 42.4510 14.2970 55.1838
   vertex 37.9754 12.7896 58.8894
  endloop
 endfacet
 facet normal 0.49252 0.41637 0.76424
  outer loop
   vertex 45.2869 10.9424 55.1838
   vertex 37.9754 12.7896 58.8894
   vertex 40.5123 9.7888 58.8894
  endloop
 endfacet
 facet normal 0.41220 0.34847 0.84182
  outer loop
   vertex 40.5123 9.7888 58.8894
   vertex 37.9754 12.7896 58.8894
   vertex 32.7923 11.0440 62.1499
  endloop
 endfacet
 facet normal 0.41220 0.34847 0.84182
  outer loop
   vertex 40.5123 9.7888 58.8894
   vertex 32.7923 11.0440 62.1499
   vertex 34.9830 8.4527 62.1499
  endloop
 endfacet
 facet normal 0.33304 0.28155 0.89990
  outer loop
   vertex 34.9830 8.4527 62.1499
   vertex 32.7923 11.0440 62.1499
   vertex 26.9984 9.0927 64.9047
  endloop
 endfacet
 facet normal 0.33304 0.28155 0.89990
  outer loop
   vertex 34.9830 8.4527 62.1499
   vertex 26.9984 9.0927 64.9047
   vertex 28.8020 6.9593 64.9047
  endloop
 endfacet
 facet normal 0.25596 0.21638 0.94216
  outer loop
   vertex 28.8020 6.9593 64.9047
   vertex 26.9984 9.0927 64.9047
   vertex 20.7015 6.9720 67.1024
  endloop
 endfacet
 facet normal 0.25596 0.21638 0.94216
  outer loop
   vertex 28.8020 6.9593 64.9047
   vertex 20.7015 6.9720 67.1024
   vertex 22.0845 5.3362 67.1024
  endloop
 endfacet
 facet normal 0.18102 0.15304 0.97150
  outer loop
   vertex 22.0845 5.3362 67.1024
   vertex 20.7015 6.9720 67.1024
   vertex 14.0191 4.7214 68.7021
  endloop
 endfacet
 facet normal 0.18102 0.15304 0.97150
  outer loop
   vertex 22.0845 5.3362 67.1024
   vertex 14.0191 4.7214 68.7021
   vertex 14.9556 3.6136 68.7021
  endloop
 endfacet
 facet normal 0.10786 0.09118 0.98998
  outer loop
   vertex 14.9556 3.6136 68.7021
   vertex 14.0191 4.7214 68.7021
   vertex 7.0754 2.3829 69.6740
  endloop
 endfacet
 facet normal 0.10786 0.09118 0.98998
  outer loop
   vertex 14.9556 3.6136 68.7021
   vertex 7.0754 2.3829 69.6740
   vertex 7.5481 1.8238 69.6740
  endloop
 endfacet
 facet normal 0.03582 0.03028 0.99890
  outer loop
   vertex 7.5481 1.8238 69.6740
   vertex 7.0754 2.3829 69.6740
   vertex 0.0000 0.0000 70.0000
  endloop
 endfacet
 facet normal 0.00000 0.00000 0.00000
  outer loop
   vertex 7.5481 1.8238 69.6740
   vertex 0.0000 0.0000 70.0000
   vertex 0.0000 0.0000 70.0000
  endloop
 endfacet
 facet normal 0.00000 0.00000 0.00000
  outer loop
   vertex 0.0000 0.0000 0.0000
   vertex 0.0000 0.0000 0.0000
   vertex 6.4817 2.9013 0.3260
  endloop
 endfacet
 facet normal 0.03321 0.03804 -0.99872
  outer loop
   vertex 0.0000 0.0000 0.0000
   vertex 6.4817 2.9013 0.3260
   vertex 7.0754 2.3829 0.3260
  endloop
 endfacet
 facet normal 0.09983 0.11436 -0.98841
  outer loop
   vertex 7.0754 2.3829 0.3260
   vertex 6.4817 2.9013 0.3260
   vertex 12.8427 5.7485 1.2979
  endloop
 endfacet
 facet normal 0.09983 0.11436 -0.98841
  outer loop
   vertex 7.0754 2.3829 0.3260
   vertex 12.8427 5.7485 1.2979
   vertex 14.0191 4.7214 1.2979
  endloop
 endfacet
 facet normal 0.16708 0.19138 -0.96719
  outer loop
   vertex 14.0191 4.7214 1.2979
   vertex 12.8427 5.7485 1.2979
   vertex 18.9644 8.4886 2.8976
  endloop
 endfacet
 facet normal 0.16708 0.19138 -0.96719
  outer loop
   vertex 14.0191 4.7214 1.2979
   vertex 18.9644 8.4886 2.8976
   vertex 20.7015 6.9720 2.8976
  endloop
 endfacet
 facet normal 0.23520 0.26941 -0.93386
  outer loop
   vertex 20.7015 6.9720 2.8976
   vertex 18.9644 8.4886 2.8976
   vertex 24.7328 11.0706 5.0953
  endloop
 endfacet
 facet normal 0.23520 0.26941 -0.93386
  outer loop
   vertex 20.7015 6.9720 2.8976
   vertex 24.7328 11.0706 5.0953
   vertex 26.9984 9.0927 5.0953
  endloop
 endfacet
 facet normal 0.30419 0.34844 -0.88660
  outer loop
   vertex 26.9984 9.0927 5.0953
   vertex 24.7328 11.0706 5.0953
   vertex 30.0405 13.4464 7.8501
  endloop
 endfacet
 facet normal 0.30419 0.34844 -0.88660
  outer loop
   vertex 26.9984 9.0927 5.0953
   vertex 30.0405 13.4464 7.8501
   vertex 32.7923 11.0440 7.8501
  endloop
 endfacet
 facet normal 0.37359 0.42793 -0.82298
  outer loop
   vertex 32.7923 11.0440 7.8501
   vertex 30.0405 13.4464 7.8501
   vertex 34.7887 15.5717 11.1106
  endloop
 endfacet
 facet normal 0.37359 0.42793 -0.82298
  outer loop
   vertex 32.7923 11.0440 7.8501
   vertex 34.7887 15.5717 11.1106
   vertex 37.9754 12.7896 11.1106
  endloop
 endfacet
 facet normal 0.44222 0.50654 -0.74017
  outer loop
   vertex 37.9754 12.7896 11.1106
   vertex 34.7887 15.5717 11.1106
   vertex 38.8887 17.4069 14.8162
  endloop
 endfacet
 facet normal 0.44222 0.50654 -0.74017
  outer loop
   vertex 37.9754 12.7896 11.1106
   vertex 38.8887 17.4069 14.8162
   vertex 42.4510 14.2970 14.8162
  endloop
 endfacet
 facet normal 0.50785 0.58172 -0.63537
  outer loop
   vertex 42.4510 14.2970 14.8162
   vertex 38.8887 17.4069 14.8162
   vertex 42.2644 18.9179 18.8977
  endloop
 endfacet
 facet normal 0.50785 0.58172 -0.63537
  outer loop
   vertex 42.4510 14.2970 14.8162
   vertex 42.2644 18.9179 18.8977
   vertex 46.1359 15.5380 18.8977
  endloop
 endfacet
 facet normal 0.56699 0.64946 -0.50668
  outer loop
   vertex 46.1359 15.5380 18.8977
   vertex 42.2644 18.9179 18.8977
   vertex 44.8528 20.0764 23.2792
  endloop
 endfacet
 facet normal 0.56699 0.64946 -0.50668
  outer loop
   vertex 46.1359 15.5380 18.8977
   vertex 44.8528 20.0764 23.2792
   vertex 48.9613 16.4896 23.2792
  endloop
 endfacet
 facet normal 0.61495 0.70440 -0.35448
  outer loop
   vertex 48.9613 16.4896 23.2792
   vertex 44.8528 20.0764 23.2792
   vertex 46.6056 20.8610 27.8790
  endloop
 endfacet
 facet normal 0.61495 0.70440 -0.35448
  outer loop
   vertex 48.9613 16.4896 23.2792
   vertex 46.6056 20.8610 27.8790
   vertex 50.8747 17.1340 27.8790
  endloop
 endfacet
 facet normal 0.64657 0.74062 -0.18283
  outer loop
   vertex 50.8747 17.1340 27.8790
   vertex 46.6056 20.8610 27.8790
   vertex 47.4902 21.2570 32.6115
  endloop
 endfacet
 facet normal 0.64657 0.74062 -0.18283
  outer loop
   vertex 50.8747 17.1340 27.8790
   vertex 47.4902 21.2570 32.6115
   vertex 51.8404 17.4592 32.6115
  endloop
 endfacet
 facet normal 0.65766 0.75332 0.00000
  outer loop
   vertex 51.8404 17.4592 32.6115
   vertex 47.4902 21.2570 32.6115
   vertex 47.4902 21.2570 37.3885
  endloop
 endfacet
 facet normal 0.65766 0.75332 -0.00000
  outer loop
   vertex 51.8404 17.4592 32.6115
   vertex 47.4902 21.2570 37.3885
   vertex 51.8404 17.4592 37.3885
  endloop
 endfacet
 facet normal 0.64657 0.74062 0.18283
  outer loop
   vertex 51.8404 17.4592 37.3885
   vertex 47.4902 21.2570 37.3885
   vertex 46.6056 20.8610 42.1210
  endloop
 endfacet
 facet normal 0.64657 0.74062 0.18283
  outer loop
   vertex 51.8404 17.4592 37.3885
   vertex 46.6056 20.8610 42.1210
   vertex 50.8747 17.1340 42.1210
  endloop
 endfacet
 facet normal 0.61495 0.70440 0.35448
  outer loop
   vertex 50.8747 17.1340 42.1210
   vertex 46.6056 20.8610 42.1210
   vertex 44.8528 20.0764 46.7208
  endloop
 endfacet
 facet normal 0.61495 0.70440 0.35448
  outer loop
   vertex 50.8747 17.1340 42.1210
   vertex 44.8528 20.0764 46.7208
   vertex 48.9613 16.4896 46.7208
  endloop
 endfacet
 facet normal 0.56699 0.64946 0.50668
  outer loop
   vertex 48.9613 16.4896 46.7208
   vertex 44.8528 20.0764 46.7208
   vertex 42.2644 18.9179 51.1023
  endloop
 endfacet
 facet normal 0.56699 0.64946 0.50668
  outer loop
   vertex 48.9613 16.4896 46.7208
   vertex 42.2644 18.9179 51.1023
   vertex 46.1359 15.5380 51.1023
  endloop
 endfacet
 facet normal 0.50785 0.58172 0.63537
  outer loop
   vertex 46.1359 15.5380 51.1023
   vertex 42.2644 18.9179 51.1023
   vertex 38.8887 17.4069 55.1838
  endloop
 endfacet
 facet normal 0.50785 0.58172 0.63537
  outer loop
   vertex 46.1359 15.5380 51.1023
   vertex 38.8887 17.4069 55.1838
   vertex 42.4510 14.2970 55.1838
  endloop
 endfacet
 facet normal 0.44222 0.50654 0.74017
  outer loop
   vertex 42.4510 14.2970 55.1838
   vertex 38.8887 17.4069 55.1838
   vertex 34.7887 15.5717 58.8894
  endloop
 endfacet
 facet normal 0.44222 0.50654 0.74017
  outer loop
   vertex 42.4510 14.2970 55.1838
   vertex 34.7887 15.5717 58.8894
   vertex 37.9754 12.7896 58.8894
  endloop
 endfacet
 facet normal 0.37359 0.42793 0.82298
  outer loop
   vertex 37.9754 12.7896 58.8894
   vertex 34.7887 15.5717 58.8894
   vertex 30.0405 13.4464 62.1499
  endloop
 endfacet
 facet normal 0.37359 0.42793 0.82298
  outer loop
   vertex 37.9754 12.7896 58.8894
   vertex 30.0405 13.4464 62.1499
   vertex 32.7923 11.0440 62.1499
  endloop
 endfacet
 facet normal 0.30419 0.34844 0.88660
  outer loop
   vertex 32.7923 11.0440 62.1499
   vertex 30.0405 13.4464 62.1499
   vertex 24.7328 11.0706 64.9047
  endloop
 endfacet
 facet normal 0.30419 0.34844 0.88660
  outer loop
   vertex 32.7923 11.0440 62.1499
   vertex 24.7328 11.0706 64.9047
   vertex 26.9984 9.0927 64.9047
  endloop
 endfacet
 facet normal 0.23520 0.26941 0.93386
  outer loop
   vertex 26.9984 9.0927 64.9047
   vertex 24.7328 11.0706 64.9047
   vertex 18.9644 8.4886 67.1024
  endloop
 endfacet
 facet normal 0.23520 0.26941 0.93386
  outer loop
   vertex 26.9984 9.0927 64.9047
   vertex 18.9644 8.4886 67.1024
   vertex 20.7015 6.9720 67.1024
  endloop
 endfacet
 facet normal 0.16708 0.19138 0.96719
  outer loop
   vertex 20.7015 6.9720 67.1024
   vertex 18.9644 8.4886 67.1024
   vertex 12.8427 5.7485 68.7021
  endloop
 endfacet
 facet normal 0.16708 0.19138 0.96719
  outer loop
   vertex 20.7015 6.9720 67.1024
   vertex 12.8427 5.7485 68.7021
   vertex 14.0191 4.7214 68.7021
  endloop
 endfacet
 facet normal 0.09983 0.11436 0.98841
  outer loop
   vertex 14.0191 4.7214 68.7021
   vertex 12.8427 5.7485 68.7021
   vertex 6.4817 2.9013 69.6740
  endloop
 endfacet
 facet normal 0.09983 0.11436 0.98841
  outer loop
   vertex 14.0191 4.7214 68.7021
   vertex 6.4817 2.9013 69.6740
   vertex 7.0754 2.3829 69.6740
  endloop
 endfacet
 facet normal 0.03321 0.03804 0.99872
  outer loop
   vertex 7.0754 2.3829 69.6740
   vertex 6.4817 2.9013 69.6740
   vertex 0.0000 0.0000 70.0000
  endloop
 endfacet
 facet normal 0.00000 0.00000 0.00000
  outer loop
   vertex 7.0754 2.3829 69.6740
   vertex 0.0000 0.0000 70.0000
   vertex 0.0000 0.0000 70.0000
  endloop
 endfacet
 facet normal 0.00000 0.00000 0.00000
  outer loop
   vertex 0.0000 0.0000 0.0000
   vertex 0.0000 0.0000 0.0000
   vertex 5.7771 3.3700 0.3260
  endloop
 endfacet
 facet normal 0.03002 0.04513 -0.99853
  outer loop
   vertex 0.0000 0.0000 0.0000
   vertex 5.7771 3.3700 0.3260
   vertex 6.4817 2.9013 0.3260
  endloop
 endfacet
 facet normal 0.09011 0.13548 -0.98667
  outer loop
   vertex 6.4817 2.9013 0.3260
   vertex 5.7771 3.3700 0.3260
   vertex 11.4465 6.6771 1.2979
  endloop
 endfacet
 facet normal 0.09011 0.13548 -0.98667
  outer loop
   vertex 6.4817 2.9013 0.3260
   vertex 11.4465 6.6771 1.2979
   vertex 12.8427 5.7485 1.2979
  endloop
 endfacet
 facet normal 0.15034 0.22602 -0.96245
  outer loop
   vertex 12.8427 5.7485 1.2979
   vertex 11.4465 6.6771 1.2979
   vertex 16.9027 9.8599 2.8976
  endloop
 endfacet
 facet normal 0.15034 0.22602 -0.96245
  outer loop
   vertex 12.8427 5.7485 1.2979
   vertex 16.9027 9.8599 2.8976
   vertex 18.9644 8.4886 2.8976
  endloop
 endfacet
 facet normal 0.21063 0.31665 -0.92486
  outer loop
   vertex 18.9644 8.4886 2.8976
   vertex 16.9027 9.8599 2.8976
   vertex 22.0441 12.8590 5.0953
  endloop
 endfacet
 facet normal 0.21063 0.31665 -0.92486
  outer loop
   vertex 18.9644 8.4886 2.8976
   vertex 22.0441 12.8590 5.0953
   vertex 24.7328 11.0706 5.0953
  endloop
 endfacet
 facet normal 0.27067 0.40692 -0.87244
  outer loop
   vertex 24.7328 11.0706 5.0953
   vertex 22.0441 12.8590 5.0953
   vertex 26.7748 15.6186 7.8501
  endloop
 endfacet
 facet normal 0.27067 0.40692 -0.87244
  outer loop
   vertex 24.7328 11.0706 5.0953
   vertex 26.7748 15.6186 7.8501
   vertex 30.0405 13.4464 7.8501
  endloop
 endfacet
 facet normal 0.32978 0.49578 -0.80340
  outer loop
   vertex 30.0405 13.4464 7.8501
   vertex 26.7748 15.6186 7.8501
   vertex 31.0067 18.0873 11.1106
  endloop
 endfacet
 facet normal 0.32978 0.49578 -0.80340
  outer loop
   vertex 30.0405 13.4464 7.8501
   vertex 31.0067 18.0873 11.1106
   vertex 34.7887 15.5717 11.1106
  endloop
 endfacet
 facet normal 0.38672 0.58139 -0.71584
  outer loop
   vertex 34.7887 15.5717 11.1106
   vertex 31.0067 18.0873 11.1106
   vertex 34.6611 20.2190 14.8162
  endloop
 endfacet
 facet normal 0.38672 0.58139 -0.71584
  outer loop
   vertex 34.7887 15.5717 11.1106
   vertex 34.6611 20.2190 14.8162
   vertex 38.8887 17.4069 14.8162
  endloop
 endfacet
 facet normal 0.43961 0.66090 -0.60824
  outer loop
   vertex 38.8887 17.4069 14.8162
   vertex 34.6611 20.2190 14.8162
   vertex 37.6698 21.9740 18.8977
  endloop
 endfacet
 facet normal 0.43961 0.66090 -0.60824
  outer loop
   vertex 38.8887 17.4069 14.8162
   vertex 37.6698 21.9740 18.8977
   vertex 42.2644 18.9179 18.8977
  endloop
 endfacet
 facet normal 0.48582 0.73038 -0.48013
  outer loop
   vertex 42.2644 18.9179 18.8977
   vertex 37.6698 21.9740 18.8977
   vertex 39.9767 23.3198 23.2792
  endloop
 endfacet
 facet normal 0.48582 0.73038 -0.48013
  outer loop
   vertex 42.2644 18.9179 18.8977
   vertex 39.9767 23.3198 23.2792
   vertex 44.8528 20.0764 23.2792
  endloop
 endfacet
 facet normal 0.52224 0.78513 -0.33292
  outer loop
   vertex 44.8528 20.0764 23.2792
   vertex 39.9767 23.3198 23.2792
   vertex 41.5390 24.2311 27.8790
  endloop
 endfacet
 facet normal 0.52224 0.78513 -0.33292
  outer loop
   vertex 44.8528 20.0764 23.2792
   vertex 41.5390 24.2311 27.8790
   vertex 46.6056 20.8610 27.8790
  endloop
 endfacet
 facet normal 0.54571 0.82041 -0.17066
  outer loop
   vertex 46.6056 20.8610 27.8790
   vertex 41.5390 24.2311 27.8790
   vertex 42.3275 24.6910 32.6115
  endloop
 endfacet
 facet normal 0.54571 0.82041 -0.17066
  outer loop
   vertex 46.6056 20.8610 27.8790
   vertex 42.3275 24.6910 32.6115
   vertex 47.4902 21.2570 32.6115
  endloop
 endfacet
 facet normal 0.55383 0.83263 0.00000
  outer loop
   vertex 47.4902 21.2570 32.6115
   vertex 42.3275 24.6910 32.6115
   vertex 42.3275 24.6910 37.3885
  endloop
 endfacet
 facet normal 0.55383 0.83263 -0.00000
  outer loop
   vertex 47.4902 21.2570 32.6115
   vertex 42.3275 24.6910 37.3885
   vertex 47.4902 21.2570 37.3885
  endloop
 endfacet
 facet normal 0.54571 0.82041 0.17066
  outer loop
   vertex 47.4902 21.2570 37.3885
   vertex 42.3275 24.6910 37.3885
   vertex 41.5390 24.2311 42.1210
  endloop
 endfacet
 facet normal 0.54571 0.82041 0.17066
  outer loop
   vertex 47.4902 21.2570 37.3885
   vertex 41.5390 24.2311 42.1210
   vertex 46.6056 20.8610 42.1210
  endloop
 endfacet
 facet normal 0.52224 0.78513 0.33292
  outer loop
   vertex 46.6056 20.8610 42.1210
   vertex 41.5390 24.2311 42.1210
   vertex 39.9767 23.3198 46.7208
  endloop
 endfacet
 facet normal 0.52224 0.78513 0.33292
  outer loop
   vertex 46.6056 20.8610 42.1210
   vertex 39.9767 23.3198 46.7208
   vertex 44.8528 20.0764 46.7208
  endloop
 endfacet
 facet normal 0.48582 0.73038 0.48013
  outer loop
   vertex 44.8528 20.0764 46.7208
   vertex 39.9767 23.3198 46.7208
   vertex 37.6698 21.9740 51.1023
  endloop
 endfacet
 facet normal 0.48582 0.73038 0.48013
  outer loop
   vertex 44.8528 20.0764 46.7208
   vertex 37.6698 21.9740 51.1023
   vertex 42.2644 18.9179 51.1023
  endloop
 endfacet
 facet normal 0.43961 0.66090 0.60824
  outer loop
   vertex 42.2644 18.9179 51.1023
   vertex 37.6698 21.9740 51.1023
   vertex 34.6611 20.2190 55.1838
  endloop
 endfacet
 facet normal 0.43961 0.66090 0.60824
  outer loop
   vertex 42.2644 18.9179 51.1023
   vertex 34.6611 20.2190 55.1838
   vertex 38.8887 17.4069 55.1838
  endloop
 endfacet
 facet normal 0.38672 0.58139 0.71584
  outer loop
   vertex 38.8887 17.4069 55.1838
   vertex 34.6611 20.2190 55.1838
   vertex 31.0067 18.0873 58.8894
  endloop
 endfacet
 facet normal 0.38672 0.58139 0.71584
  outer loop
   vertex 38.8887 17.4069 55.1838
   vertex 31.0067 18.0873 58.8894
   vertex 34.7887 15.5717 58.8894
  endloop
 endfacet
 facet normal 0.32978 0.49578 0.80340
  outer loop
   vertex 34.7887 15.5717 58.8894
   vertex 31.0067 18.0873 58.8894
   vertex 26.7748 15.6186 62.1499
  endloop
 endfacet
 facet normal 0.32978 0.49578 0.80340
  outer loop
   vertex 34.7887 15.5717 58.8894
   vertex 26.7748 15.6186 62.1499
   vertex 30.0405 13.4464 62.1499
  endloop
 endfacet
 facet normal 0.27067 0.40692 0.87244
  outer loop
   vertex 30.0405 13.4464 62.1499
   vertex 26.7748 15.6186 62.1499
   vertex 22.0441 12.8590 64.9047
  endloop
 endfacet
 facet normal 0.27067 0.40692 0.87244
  outer loop
   vertex 30.0405 13.4464 62.1499
   vertex 22.0441 12.8590 64.9047
   vertex 24.7328 11.0706 64.9047
  endloop
 endfacet
 facet normal 0.21063 0.31665 0.92486
  outer loop
   vertex 24.7328 11.0706 64.9047
   vertex 22.0441 12.8590 64.9047
   vertex 16.9027 9.8599 67.1024
  endloop
 endfacet
 facet normal 0.21063 0.31665 0.92486
  outer loop
   vertex 24.7328 11.0706 64.9047
   vertex 16.9027 9.8599 67.1024
   vertex 18.9644 8.4886 67.1024
  endloop
 endfacet
 facet normal 0.15034 0.22602 0.96245
  outer loop
   vertex 18.9644 8.4886 67.1024
   vertex 16.9027 9.8599 67.1024
   vertex 11.4465 6.6771 68.7021
  endloop
 endfacet
 facet normal 0.15034 0.22602 0.96245
  outer loop
   vertex 18.9644 8.4886 67.1024
   vertex 11.4465 6.6771 68.7021
   vertex 12.8427 5.7485 68.7021
  endloop
 endfacet
 facet normal 0.09011 0.13548 0.98667
  outer loop
   vertex 12.8427 5.7485 68.7021
   vertex 11.4465 6.6771 68.7021
   vertex 5.7771 3.3700 69.6740
  endloop
 endfacet
 facet normal 0.09011 0.13548 0.98667
  outer loop
   vertex 12.8427 5.7485 68.7021
   vertex 5.7771 3.3700 69.6740
   vertex 6.4817 2.9013 69.6740
  endloop
 endfacet
 facet normal 0.03002 0.04513 0.99853
  outer loop
   vertex 6.4817 2.9013 69.6740
   vertex 5.7771 3.3700 69.6740
   vertex 0.0000 0.0000 70.0000
  endloop
 endfacet
 facet normal 0.00000 0.00000 0.00000
  outer loop
   vertex 6.4817 2.9013 69.6740
   vertex 0.0000 0.0000 70.0000
   vertex 0.0000 0.0000 70.0000
  endloop
 endfacet
 facet normal 0.00000 0.00000 0.00000
  outer loop
   vertex 0.0000 0.0000 0.0000
   vertex 0.0000 0.0000 0.0000
   vertex 4.9736 3.7810 0.3260
  endloop
 endfacet
 facet normal 0.02632 0.05145 -0.99833
  outer loop
   vertex 0.0000 0.0000 0.0000
   vertex 4.9736 3.7810 0.3260
   vertex 5.7771 3.3700 0.3260
  endloop
 endfacet
 facet normal 0.07889 0.15420 -0.98489
  outer loop
   vertex 5.7771 3.3700 0.3260
   vertex 4.9736 3.7810 0.3260
   vertex 9.8545 7.4915 1.2979
  endloop
 endfacet
 facet normal 0.07889 0.15420 -0.98489
  outer loop
   vertex 5.7771 3.3700 0.3260
   vertex 9.8545 7.4915 1.2979
   vertex 11.4465 6.6771 1.2979
  endloop
 endfacet
 facet normal 0.13118 0.25643 -0.95762
  outer loop
   vertex 11.4465 6.6771 1.2979
   vertex 9.8545 7.4915 1.2979
   vertex 14.5519 11.0625 2.8976
  endloop
 endfacet
 facet normal 0.13118 0.25643 -0.95762
  outer loop
   vertex 11.4465 6.6771 1.2979
   vertex 14.5519 11.0625 2.8976
   vertex 16.9027 9.8599 2.8976
  endloop
 endfacet
 facet normal 0.18291 0.35754 -0.91581
  outer loop
   vertex 16.9027 9.8599 2.8976
   vertex 14.5519 11.0625 2.8976
   vertex 18.9782 14.4275 5.0953
  endloop
 endfacet
 facet normal 0.18291 0.35754 -0.91581
  outer loop
   vertex 16.9027 9.8599 2.8976
   vertex 18.9782 14.4275 5.0953
   vertex 22.0441 12.8590 5.0953
  endloop
 endfacet
 facet normal 0.23357 0.45658 -0.85848
  outer loop
   vertex 22.0441 12.8590 5.0953
   vertex 18.9782 14.4275 5.0953
   vertex 23.0509 17.5237 7.8501
  endloop
 endfacet
 facet normal 0.23357 0.45658 -0.85848
  outer loop
   vertex 22.0441 12.8590 5.0953
   vertex 23.0509 17.5237 7.8501
   vertex 26.7748 15.6186 7.8501
  endloop
 endfacet
 facet normal 0.28241 0.55205 -0.78453
  outer loop
   vertex 26.7748 15.6186 7.8501
   vertex 23.0509 17.5237 7.8501
   vertex 26.6943 20.2934 11.1106
  endloop
 endfacet
 facet normal 0.28241 0.55205 -0.78453
  outer loop
   vertex 26.7748 15.6186 7.8501
   vertex 26.6943 20.2934 11.1106
   vertex 31.0067 18.0873 11.1106
  endloop
 endfacet
 facet normal 0.32833 0.64181 -0.69302
  outer loop
   vertex 31.0067 18.0873 11.1106
   vertex 26.6943 20.2934 11.1106
   vertex 29.8404 22.6851 14.8162
  endloop
 endfacet
 facet normal 0.32833 0.64181 -0.69302
  outer loop
   vertex 31.0067 18.0873 11.1106
   vertex 29.8404 22.6851 14.8162
   vertex 34.6611 20.2190 14.8162
  endloop
 endfacet
 facet normal 0.36986 0.72298 -0.58352
  outer loop
   vertex 34.6611 20.2190 14.8162
   vertex 29.8404 22.6851 14.8162
   vertex 32.4306 24.6542 18.8977
  endloop
 endfacet
 facet normal 0.36986 0.72298 -0.58352
  outer loop
   vertex 34.6611 20.2190 14.8162
   vertex 32.4306 24.6542 18.8977
   vertex 37.6698 21.9740 18.8977
  endloop
 endfacet
 facet normal 0.40519 0.79204 -0.45661
  outer loop
   vertex 37.6698 21.9740 18.8977
   vertex 32.4306 24.6542 18.8977
   vertex 34.4167 26.1641 23.2792
  endloop
 endfacet
 facet normal 0.40519 0.79204 -0.45661
  outer loop
   vertex 37.6698 21.9740 18.8977
   vertex 34.4167 26.1641 23.2792
   vertex 39.9767 23.3198 23.2792
  endloop
 endfacet
 facet normal 0.43236 0.84516 -0.31429
  outer loop
   vertex 39.9767 23.3198 23.2792
   vertex 34.4167 26.1641 23.2792
   vertex 35.7617 27.1866 27.8790
  endloop
 endfacet
 facet normal 0.43236 0.84516 -0.31429
  outer loop
   vertex 39.9767 23.3198 23.2792
   vertex 35.7617 27.1866 27.8790
   vertex 41.5390 24.2311 27.8790
  endloop
 endfacet
 facet normal 0.44954 0.87876 -0.16030
  outer loop
   vertex 41.5390 24.2311 27.8790
   vertex 35.7617 27.1866 27.8790
   vertex 36.4405 27.7026 32.6115
  endloop
 endfacet
 facet normal 0.44954 0.87876 -0.16030
  outer loop
   vertex 41.5390 24.2311 27.8790
   vertex 36.4405 27.7026 32.6115
   vertex 42.3275 24.6910 32.6115
  endloop
 endfacet
 facet normal 0.45543 0.89027 0.00000
  outer loop
   vertex 42.3275 24.6910 32.6115
   vertex 36.4405 27.7026 32.6115
   vertex 36.4405 27.7026 37.3885
  endloop
 endfacet
 facet normal 0.45543 0.89027 -0.00000
  outer loop
   vertex 42.3275 24.6910 32.6115
   vertex 36.4405 27.7026 37.3885
   vertex 42.3275 24.6910 37.3885
  endloop
 endfacet
 facet normal 0.44954 0.87876 0.16030
  outer loop
   vertex 42.3275 24.6910 37.3885
   vertex 36.4405 27.7026 37.3885
   vertex 35.7617 27.1866 42.1210
  endloop
 endfacet
 facet normal 0.44954 0.87876 0.16030
  outer loop
   vertex 42.3275 24.6910 37.3885
   vertex 35.7617 27.1866 42.1210
   vertex 41.5390 24.2311 42.1210
  endloop
 endfacet
 facet normal 0.43236 0.84516 0.31429
  outer loop
   vertex 41.5390 24.2311 42.1210
   vertex 35.7617 27.1866 42.1210
   vertex 34.4167 26.1641 46.7208
  endloop
 endfacet
 facet normal 0.43236 0.84516 0.31429
  outer loop
   vertex 41.5390 24.2311 42.1210
   vertex 34.4167 26.1641 46.7208
   vertex 39.9767 23.3198 46.7208
  endloop
 endfacet
 facet normal 0.40519 0.79204 0.45661
  outer loop
   vertex 39.9767 23.3198 46.7208
   vertex 34.4167 26.1641 46.7208
   vertex 32.4306 24.6542 51.1023
  endloop
 endfacet
 facet normal 0.40519 0.79204 0.45661
  outer loop
   vertex 39.9767 23.3198 46.7208
   vertex 32.4306 24.6542 51.1023
   vertex 37.6698 21.9740 51.1023
  endloop
 endfacet
 facet normal 0.36986 0.72298 0.58352
  outer loop
   vertex 37.6698 21.9740 51.1023
   vertex 32.4306 24.6542 51.1023
   vertex 29.8404 22.6851 55.1838
  endloop
 endfacet
 facet normal 0.36986 0.72298 0.58352
  outer loop
   vertex 37.6698 21.9740 51.1023
   vertex 29.8404 22.6851 55.1838
   vertex 34.6611 20.2190 55.1838
  endloop
 endfacet
 facet normal 0.32833 0.64181 0.69302
  outer loop
   vertex 34.6611 20.2190 55.1838
   vertex 29.8404 22.6851 55.1838
   vertex 26.6943 20.2934 58.8894
  endloop
 endfacet
 facet normal 0.32833 0.64181 0.69302
  outer loop
   vertex 34.6611 20.2190 55.1838
   vertex 26.6943 20.2934 58.8894
   vertex 31.0067 18.0873 58.8894
  endloop
 endfacet
 facet normal 0.28241 0.55205 0.78453
  outer loop
   vertex 31.0067 18.0873 58.8894
   vertex 26.6943 20.2934 58.8894
   vertex 23.0509 17.5237 62.1499
  endloop
 endfacet
 facet normal 0.28241 0.55205 0.78453
  outer loop
   vertex 31.0067 18.0873 58.8894
   vertex 23.0509 17.5237 62.1499
   vertex 26.7748 15.6186 62.1499
  endloop
 endfacet
 facet normal 0.23357 0.45658 0.85848
  outer loop
   vertex 26.7748 15.6186 62.1499
   vertex 23.0509 17.5237 62.1499
   vertex 18.9782 14.4275 64.9047
  endloop
 endfacet
 facet normal 0.23357 0.45658 0.85848
  outer loop
   vertex 26.7748 15.6186 62.1499
   vertex 18.9782 14.4275 64.9047
   vertex 22.0441 12.8590 64.9047
  endloop
 endfacet
 facet normal 0.18291 0.35754 0.91581
  outer loop
   vertex 22.0441 12.8590 64.9047
   vertex 18.9782 14.4275 64.9047
   vertex 14.5519 11.0625 67.1024
  endloop
 endfacet
 facet normal 0.18291 0.35754 0.91581
  outer loop
   vertex 22.0441 12.8590 64.9047
   vertex 14.5519 11.0625 67.1024
   vertex 16.9027 9.8599 67.1024
  endloop
 endfacet
 facet normal 0.13118 0.25643 0.95762
  outer loop
   vertex 16.9027 9.8599 67.1024
   vertex 14.5519 11.0625 67.1024
   vertex 9.8545 7.4915 68.7021
  endloop
 endfacet
 facet normal 0.13118 0.25643 0.95762
  outer loop
   vertex 16.9027 9.8599 67.1024
   vertex 9.8545 7.4915 68.7021
   vertex 11.4465 6.6771 68.7021
  endloop
 endfacet
 facet normal 0.07889 0.15420 0.98489
  outer loop
   vertex 11.4465 6.6771 68.7021
   vertex 9.8545 7.4915 68.7021
   vertex 4.9736 3.7810 69.6740
  endloop
 endfacet
 facet normal 0.07889 0.15420 0.98489
  outer loop
   vertex 11.4465 6.6771 68.7021
   vertex 4.9736 3.7810 69.6740
   vertex 5.7771 3.3700 69.6740
  endloop
 endfacet
 facet normal 0.02632 0.05145 0.99833
  outer loop
   vertex 5.7771 3.3700 69.6740
   vertex 4.9736 3.7810 69.6740
   vertex 0.0000 0.0000 70.0000
  endloop
 endfacet
 facet normal 0.00000 0.00000 0.00000
  outer loop
   vertex 5.7771 3.3700 69.6740
   vertex 0.0000 0.0000 70.0000
   vertex 0.0000 0.0000 70.0000
  endloop
 endfacet
 facet normal 0.00000 0.00000 0.00000
  outer loop
   vertex 0.0000 0.0000 0.0000
   vertex 0.0000 0.0000 0.0000
   vertex 4.0850 4.1273 0.3260
  endloop
 endfacet
 facet normal 0.02217 0.05689 -0.99813
  outer loop
   vertex 0.0000 0.0000 0.0000
   vertex 4.0850 4.1273 0.3260
   vertex 4.9736 3.7810 0.3260
  endloop
 endfacet
 facet normal 0.06635 0.17024 -0.98317
  outer loop
   vertex 4.9736 3.7810 0.3260
   vertex 4.0850 4.1273 0.3260
   vertex 8.0939 8.1778 1.2979
  endloop
 endfacet
 facet normal 0.06635 0.17024 -0.98317
  outer loop
   vertex 4.9736 3.7810 0.3260
   vertex 8.0939 8.1778 1.2979
   vertex 9.8545 7.4915 1.2979
  endloop
 endfacet
 facet normal 0.11000 0.28223 -0.95302
  outer loop
   vertex 9.8545 7.4915 1.2979
   vertex 8.0939 8.1778 1.2979
   vertex 11.9520 12.0759 2.8976
  endloop
 endfacet
 facet normal 0.11000 0.28223 -0.95302
  outer loop
   vertex 9.8545 7.4915 1.2979
   vertex 11.9520 12.0759 2.8976
   vertex 14.5519 11.0625 2.8976
  endloop
 endfacet
 facet normal 0.15269 0.39174 -0.90732
  outer loop
   vertex 14.5519 11.0625 2.8976
   vertex 11.9520 12.0759 2.8976
   vertex 15.5875 15.7491 5.0953
  endloop
 endfacet
 facet normal 0.15269 0.39174 -0.90732
  outer loop
   vertex 14.5519 11.0625 2.8976
   vertex 15.5875 15.7491 5.0953
   vertex 18.9782 14.4275 5.0953
  endloop
 endfacet
 facet normal 0.19386 0.49736 -0.84561
  outer loop
   vertex 18.9782 14.4275 5.0953
   vertex 15.5875 15.7491 5.0953
   vertex 18.9326 19.1288 7.8501
  endloop
 endfacet
 facet normal 0.19386 0.49736 -0.84561
  outer loop
   vertex 18.9782 14.4275 5.0953
   vertex 18.9326 19.1288 7.8501
   vertex 23.0509 17.5237 7.8501
  endloop
 endfacet
 facet normal 0.23280 0.59728 -0.76751
  outer loop
   vertex 23.0509 17.5237 7.8501
   vertex 18.9326 19.1288 7.8501
   vertex 21.9251 22.1523 11.1106
  endloop
 endfacet
 facet normal 0.23280 0.59728 -0.76751
  outer loop
   vertex 23.0509 17.5237 7.8501
   vertex 21.9251 22.1523 11.1106
   vertex 26.6943 20.2934 11.1106
  endloop
 endfacet
 facet normal 0.26863 0.68921 -0.67292
  outer loop
   vertex 26.6943 20.2934 11.1106
   vertex 21.9251 22.1523 11.1106
   vertex 24.5091 24.7631 14.8162
  endloop
 endfacet
 facet normal 0.26863 0.68921 -0.67292
  outer loop
   vertex 26.6943 20.2934 11.1106
   vertex 24.5091 24.7631 14.8162
   vertex 29.8404 22.6851 14.8162
  endloop
 endfacet
 facet normal 0.30031 0.77048 -0.56230
  outer loop
   vertex 29.8404 22.6851 14.8162
   vertex 24.5091 24.7631 14.8162
   vertex 26.6366 26.9126 18.8977
  endloop
 endfacet
 facet normal 0.30031 0.77048 -0.56230
  outer loop
   vertex 29.8404 22.6851 14.8162
   vertex 26.6366 26.9126 18.8977
   vertex 32.4306 24.6542 18.8977
  endloop
 endfacet
 facet normal 0.32667 0.83810 -0.43689
  outer loop
   vertex 32.4306 24.6542 18.8977
   vertex 26.6366 26.9126 18.8977
   vertex 28.2678 28.5608 23.2792
  endloop
 endfacet
 facet normal 0.32667 0.83810 -0.43689
  outer loop
   vertex 32.4306 24.6542 18.8977
   vertex 28.2678 28.5608 23.2792
   vertex 34.4167 26.1641 23.2792
  endloop
 endfacet
 facet normal 0.34655 0.88911 -0.29897
  outer loop
   vertex 34.4167 26.1641 23.2792
   vertex 28.2678 28.5608 23.2792
   vertex 29.3725 29.6769 27.8790
  endloop
 endfacet
 facet normal 0.34655 0.88911 -0.29897
  outer loop
   vertex 34.4167 26.1641 23.2792
   vertex 29.3725 29.6769 27.8790
   vertex 35.7617 27.1866 27.8790
  endloop
 endfacet
 facet normal 0.35895 0.92091 -0.15191
  outer loop
   vertex 35.7617 27.1866 27.8790
   vertex 29.3725 29.6769 27.8790
   vertex 29.9301 30.2402 32.6115
  endloop
 endfacet
 facet normal 0.35895 0.92091 -0.15191
  outer loop
   vertex 35.7617 27.1866 27.8790
   vertex 29.9301 30.2402 32.6115
   vertex 36.4405 27.7026 32.6115
  endloop
 endfacet
 facet normal 0.36316 0.93173 0.00000
  outer loop
   vertex 36.4405 27.7026 32.6115
   vertex 29.9301 30.2402 32.6115
   vertex 29.9301 30.2402 37.3885
  endloop
 endfacet
 facet normal 0.36316 0.93173 -0.00000
  outer loop
   vertex 36.4405 27.7026 32.6115
   vertex 29.9301 30.2402 37.3885
   vertex 36.4405 27.7026 37.3885
  endloop
 endfacet
 facet normal 0.35895 0.92091 0.15191
  outer loop
   vertex 36.4405 27.7026 37.3885
   vertex 29.9301 30.2402 37.3885
   vertex 29.3725 29.6769 42.1210
  endloop
 endfacet
 facet normal 0.35895 0.92091 0.15191
  outer loop
   vertex 36.4405 27.7026 37.3885
   vertex 29.3725 29.6769 42.1210
   vertex 35.7617 27.1866 42.1210
  endloop
 endfacet
 facet normal 0.34655 0.88911 0.29897
  outer loop
   vertex 35.7617 27.1866 42.1210
   vertex 29.3725 29.6769 42.1210
   vertex 28.2678 28.5608 46.7208
  endloop
 endfacet
 facet normal 0.34655 0.88911 0.29897
  outer loop
   vertex 35.7617 27.1866 42.1210
   vertex 28.2678 28.5608 46.7208
   vertex 34.4167 26.1641 46.7208
  endloop
 endfacet
 facet normal 0.32667 0.83810 0.43689
  outer loop
   vertex 34.4167 26.1641 46.7208
   vertex 28.2678 28.5608 46.7208
   vertex 26.6366 26.9126 51.1023
  endloop
 endfacet
 facet normal 0.32667 0.83810 0.43689
  outer loop
   vertex 34.4167 26.1641 46.7208
   vertex 26.6366 26.9126 51.1023
   vertex 32.4306 24.6542 51.1023
  endloop
 endfacet
 facet normal 0.30031 0.77048 0.56230
  outer loop
   vertex 32.4306 24.6542 51.1023
   vertex 26.6366 26.9126 51.1023
   vertex 24.5091 24.7631 55.1838
  endloop
 endfacet
 facet normal 0.30031 0.77048 0.56230
  outer loop
   vertex 32.4306 24.6542 51.1023
   vertex 24.5091 24.7631 55.1838
   vertex 29.8404 22.6851 55.1838
  endloop
 endfacet
 facet normal 0.26863 0.68921 0.67292
  outer loop
   vertex 29.8404 22.6851 55.1838
   vertex 24.5091 24.7631 55.1838
   vertex 21.9251 22.1523 58.8894
  endloop
 endfacet
 facet normal 0.26863 0.68921 0.67292
  outer loop
   vertex 29.8404 22.6851 55.1838
   vertex 21.9251 22.1523 58.8894
   vertex 26.6943 20.2934 58.8894
  endloop
 endfacet
 facet normal 0.23280 0.59728 0.76751
  outer loop
   vertex 26.6943 20.2934 58.8894
   vertex 21.9251 22.1523 58.8894
   vertex 18.9326 19.1288 62.1499
  endloop
 endfacet
 facet normal 0.23280 0.59728 0.76751
  outer loop
   vertex 26.6943 20.2934 58.8894
   vertex 18.9326 19.1288 62.1499
   vertex 23.0509 17.5237 62.1499
  endloop
 endfacet
 facet normal 0.19386 0.49736 0.84561
  outer loop
   vertex 23.0509 17.5237 62.1499
   vertex 18.9326 19.1288 62.1499
   vertex 15.5875 15.7491 64.9047
  endloop
 endfacet
 facet normal 0.19386 0.49736 0.84561
  outer loop
   vertex 23.0509 17.5237 62.1499
   vertex 15.5875 15.7491 64.9047
   vertex 18.9782 14.4275 64.9047
  endloop
 endfacet
 facet normal 0.15269 0.39174 0.90732
  outer loop
   vertex 18.9782 14.4275 64.9047
   vertex 15.5875 15.7491 64.9047
   vertex 11.9520 12.0759 67.1024
  endloop
 endfacet
 facet normal 0.15269 0.39174 0.90732
  outer loop
   vertex 18.9782 14.4275 64.9047
   vertex 11.9520 12.0759 67.1024
   vertex 14.5519 11.0625 67.1024
  endloop
 endfacet
 facet normal 0.11000 0.28223 0.95302
  outer loop
   vertex 14.5519 11.0625 67.1024
   vertex 11.9520 12.0759 67.1024
   vertex 8.0939 8.1778 68.7021
  endloop
 endfacet
 facet normal 0.11000 0.28223 0.95302
  outer loop
   vertex 14.5519 11.0625 67.1024
   vertex 8.0939 8.1778 68.7021
   vertex 9.8545 7.4915 68.7021
  endloop
 endfacet
 facet normal 0.06635 0.17024 0.98317
  outer loop
   vertex 9.8545 7.4915 68.7021
   vertex 8.0939 8.1778 68.7021
   vertex 4.0850 4.1273 69.6740
  endloop
 endfacet
 facet normal 0.06635 0.17024 0.98317
  outer loop
   vertex 9.8545 7.4915 68.7021
   vertex 4.0850 4.1273 69.6740
   vertex 4.9736 3.7810 69.6740
  endloop
 endfacet
 facet normal 0.02217 0.05689 0.99813
  outer loop
   vertex 4.9736 3.7810 69.6740
   vertex 4.0850 4.1273 69.6740
   vertex 0.0000 0.0000 70.0000
  endloop
 endfacet
 facet normal 0.00000 0.00000 0.00000
  outer loop
   vertex 4.9736 3.7810 69.6740
   vertex 0.0000 0.0000 70.0000
   vertex 0.0000 0.0000 70.0000
  endloop
 endfacet
 facet normal 0.00000 0.00000 0.00000
  outer loop
   vertex 0.0000 0.0000 0.0000
   vertex 0.0000 0.0000 0.0000
   vertex 3.1265 4.4031 0.3260
  endloop
 endfacet
 facet normal 0.01765 0.06135 -0.99796
  outer loop
   vertex 0.0000 0.0000 0.0000
   vertex 3.1265 4.4031 0.3260
   vertex 4.0850 4.1273 0.3260
  endloop
 endfacet
 facet normal 0.05274 0.18334 -0.98163
  outer loop
   vertex 4.0850 4.1273 0.3260
   vertex 3.1265 4.4031 0.3260
   vertex 6.1948 8.7241 1.2979
  endloop
 endfacet
 facet normal 0.05274 0.18334 -0.98163
  outer loop
   vertex 4.0850 4.1273 0.3260
   vertex 6.1948 8.7241 1.2979
   vertex 8.0939 8.1778 1.2979
  endloop
 endfacet
 facet normal 0.08720 0.30313 -0.94895
  outer loop
   vertex 8.0939 8.1778 1.2979
   vertex 6.1948 8.7241 1.2979
   vertex 9.1477 12.8826 2.8976
  endloop
 endfacet
 facet normal 0.08720 0.30313 -0.94895
  outer loop
   vertex 8.0939 8.1778 1.2979
   vertex 9.1477 12.8826 2.8976
   vertex 11.9520 12.0759 2.8976
  endloop
 endfacet
 facet normal 0.12056 0.41910 -0.89990
  outer loop
   vertex 11.9520 12.0759 2.8976
   vertex 9.1477 12.8826 2.8976
   vertex 11.9302 16.8012 5.0953
  endloop
 endfacet
 facet normal 0.12056 0.41910 -0.89990
  outer loop
   vertex 11.9520 12.0759 2.8976
   vertex 11.9302 16.8012 5.0953
   vertex 15.5875 15.7491 5.0953
  endloop
 endfacet
 facet normal 0.15231 0.52947 -0.83454
  outer loop
   vertex 15.5875 15.7491 5.0953
   vertex 11.9302 16.8012 5.0953
   vertex 14.4904 20.4067 7.8501
  endloop
 endfacet
 facet normal 0.15231 0.52947 -0.83454
  outer loop
   vertex 15.5875 15.7491 5.0953
   vertex 14.4904 20.4067 7.8501
   vertex 18.9326 19.1288 7.8501
  endloop
 endfacet
 facet normal 0.18187 0.63221 -0.75315
  outer loop
   vertex 18.9326 19.1288 7.8501
   vertex 14.4904 20.4067 7.8501
   vertex 16.7807 23.6322 11.1106
  endloop
 endfacet
 facet normal 0.18187 0.63221 -0.75315
  outer loop
   vertex 18.9326 19.1288 7.8501
   vertex 16.7807 23.6322 11.1106
   vertex 21.9251 22.1523 11.1106
  endloop
 endfacet
 facet normal 0.20858 0.72508 -0.65632
  outer loop
   vertex 21.9251 22.1523 11.1106
   vertex 16.7807 23.6322 11.1106
   vertex 18.7585 26.4174 14.8162
  endloop
 endfacet
 facet normal 0.20858 0.72508 -0.65632
  outer loop
   vertex 21.9251 22.1523 11.1106
   vertex 18.7585 26.4174 14.8162
   vertex 24.5091 24.7631 14.8162
  endloop
 endfacet
 facet normal 0.23177 0.80569 -0.54512
  outer loop
   vertex 24.5091 24.7631 14.8162
   vertex 18.7585 26.4174 14.8162
   vertex 20.3867 28.7105 18.8977
  endloop
 endfacet
 facet normal 0.23177 0.80569 -0.54512
  outer loop
   vertex 24.5091 24.7631 14.8162
   vertex 20.3867 28.7105 18.8977
   vertex 26.6366 26.9126 18.8977
  endloop
 endfacet
 facet normal 0.25073 0.87161 -0.42122
  outer loop
   vertex 26.6366 26.9126 18.8977
   vertex 20.3867 28.7105 18.8977
   vertex 21.6353 30.4687 23.2792
  endloop
 endfacet
 facet normal 0.25073 0.87161 -0.42122
  outer loop
   vertex 26.6366 26.9126 18.8977
   vertex 21.6353 30.4687 23.2792
   vertex 28.2678 28.5608 23.2792
  endloop
 endfacet
 facet normal 0.26483 0.92060 -0.28698
  outer loop
   vertex 28.2678 28.5608 23.2792
   vertex 21.6353 30.4687 23.2792
   vertex 22.4808 31.6595 27.8790
  endloop
 endfacet
 facet normal 0.26483 0.92060 -0.28698
  outer loop
   vertex 28.2678 28.5608 23.2792
   vertex 22.4808 31.6595 27.8790
   vertex 29.3725 29.6769 27.8790
  endloop
 endfacet
 facet normal 0.27352 0.95081 -0.14540
  outer loop
   vertex 29.3725 29.6769 27.8790
   vertex 22.4808 31.6595 27.8790
   vertex 22.9075 32.2604 32.6115
  endloop
 endfacet
 facet normal 0.27352 0.95081 -0.14540
  outer loop
   vertex 29.3725 29.6769 27.8790
   vertex 22.9075 32.2604 32.6115
   vertex 29.9301 30.2402 32.6115
  endloop
 endfacet
 facet normal 0.27646 0.96103 0.00000
  outer loop
   vertex 29.9301 30.2402 32.6115
   vertex 22.9075 32.2604 32.6115
   vertex 22.9075 32.2604 37.3885
  endloop
 endfacet
 facet normal 0.27646 0.96103 -0.00000
  outer loop
   vertex 29.9301 30.2402 32.6115
   vertex 22.9075 32.2604 37.3885
   vertex 29.9301 30.2402 37.3885
  endloop
 endfacet
 facet normal 0.27352 0.95081 0.14540
  outer loop
   vertex 29.9301 30.2402 37.3885
   vertex 22.9075 32.2604 37.3885
   vertex 22.4808 31.6595 42.1210
  endloop
 endfacet
 facet normal 0.27352 0.95081 0.14540
  outer loop
   vertex 29.9301 30.2402 37.3885
   vertex 22.4808 31.6595 42.1210
   vertex 29.3725 29.6769 42.1210
  endloop
 endfacet
 facet normal 0.26483 0.92060 0.28698
  outer loop
   vertex 29.3725 29.6769 42.1210
   vertex 22.4808 31.6595 42.1210
   vertex 21.6353 30.4687 46.7208
  endloop
 endfacet
 facet normal 0.26483 0.92060 0.28698
  outer loop
   vertex 29.3725 29.6769 42.1210
   vertex 21.6353 30.4687 46.7208
   vertex 28.2678 28.5608 46.7208
  endloop
 endfacet
 facet normal 0.25073 0.87161 0.42122
  outer loop
   vertex 28.2678 28.5608 46.7208
   vertex 21.6353 30.4687 46.7208
   vertex 20.3867 28.7105 51.1023
  endloop
 endfacet
 facet normal 0.25073 0.87161 0.42122
  outer loop
   vertex 28.2678 28.5608 46.7208
   vertex 20.3867 28.7105 51.1023
   vertex 26.6366 26.9126 51.1023
  endloop
 endfacet
 facet normal 0.23177 0.80569 0.54512
  outer loop
   vertex 26.6366 26.9126 51.1023
   vertex 20.3867 28.7105 51.1023
   vertex 18.7585 26.4174 55.1838
  endloop
 endfacet
 facet normal 0.23177 0.80569 0.54512
  outer loop
   vertex 26.6366 26.9126 51.1023
   vertex 18.7585 26.4174 55.1838
   vertex 24.5091 24.7631 55.1838
  endloop
 endfacet
 facet normal 0.20858 0.72508 0.65632
  outer loop
   vertex 24.5091 24.7631 55.1838
   vertex 18.7585 26.4174 55.1838
   vertex 16.7807 23.6322 58.8894
  endloop
 endfacet
 facet normal 0.20858 0.72508 0.65632
  outer loop
   vertex 24.5091 24.7631 55.1838
   vertex 16.7807 23.6322 58.8894
   vertex 21.9251 22.1523 58.8894
  endloop
 endfacet
 facet normal 0.18187 0.63221 0.75315
  outer loop
   vertex 21.9251 22.1523 58.8894
   vertex 16.7807 23.6322 58.8894
   vertex 14.4904 20.4067 62.1499
  endloop
 endfacet
 facet normal 0.18187 0.63221 0.75315
  outer loop
   vertex 21.9251 22.1523 58.8894
   vertex 14.4904 20.4067 62.1499
   vertex 18.9326 19.1288 62.1499
  endloop
 endfacet
 facet normal 0.15231 0.52947 0.83454
  outer loop
   vertex 18.9326 19.1288 62.1499
   vertex 14.4904 20.4067 62.1499
   vertex 11.9302 16.8012 64.9047
  endloop
 endfacet
 facet normal 0.15231 0.52947 0.83454
  outer loop
   vertex 18.9326 19.1288 62.1499
   vertex 11.9302 16.8012 64.9047
   vertex 15.5875 15.7491 64.9047
  endloop
 endfacet
 facet normal 0.12056 0.41910 0.89990
  outer loop
   vertex 15.5875 15.7491 64.9047
   vertex 11.9302 16.8012 64.9047
   vertex 9.1477 12.8826 67.1024
  endloop
 endfacet
 facet normal 0.12056 0.41910 0.89990
  outer loop
   vertex 15.5875 15.7491 64.9047
   vertex 9.1477 12.8826 67.1024
   vertex 11.9520 12.0759 67.1024
  endloop
 endfacet
 facet normal 0.08720 0.30313 0.94895
  outer loop
   vertex 11.9520 12.0759 67.1024
   vertex 9.1477 12.8826 67.1024
   vertex 6.1948 8.7241 68.7021
  endloop
 endfacet
 facet normal 0.08720 0.30313 0.94895
  outer loop
   vertex 11.9520 12.0759 67.1024
   vertex 6.1948 8.7241 68.7021
   vertex 8.0939 8.1778 68.7021
  endloop
 endfacet
 facet normal 0.05274 0.18334 0.98163
  outer loop
   vertex 8.0939 8.1778 68.7021
   vertex 6.1948 8.7241 68.7021
   vertex 3.1265 4.4031 69.6740
  endloop
 endfacet
 facet normal 0.05274 0.18334 0.98163
  outer loop
   vertex 8.0939 8.1778 68.7021
   vertex 3.1265 4.4031 69.6740
   vertex 4.0850 4.1273 69.6740
  endloop
 endfacet
 facet normal 0.01765 0.06135 0.99796
  outer loop
   vertex 4.0850 4.1273 69.6740
   vertex 3.1265 4.4031 69.6740
   vertex 0.0000 0.0000 70.0000
  endloop
 endfacet
 facet normal 0.00000 0.00000 0.00000
  outer loop
   vertex 4.0850 4.1273 69.6740
   vertex 0.0000 0.0000 70.0000
   vertex 0.0000 0.0000 70.0000
  endloop
 endfacet
 facet normal 0.00000 0.00000 0.00000
  outer loop
   vertex 0.0000 0.0000 0.0000
   vertex 0.0000 0.0000 0.0000
   vertex 2.1146 4.6034 0.3260
  endloop
 endfacet
 facet normal 0.01283 0.06477 -0.99782
  outer loop
   vertex 0.0000 0.0000 0.0000
   vertex 2.1146 4.6034 0.3260
   vertex 3.1265 4.4031 0.3260
  endloop
 endfacet
 facet normal 0.03828 0.19333 -0.98039
  outer loop
   vertex 3.1265 4.4031 0.3260
   vertex 2.1146 4.6034 0.3260
   vertex 4.1897 9.1211 1.2979
  endloop
 endfacet
 facet normal 0.03828 0.19333 -0.98039
  outer loop
   vertex 3.1265 4.4031 0.3260
   vertex 4.1897 9.1211 1.2979
   vertex 6.1948 8.7241 1.2979
  endloop
 endfacet
 facet normal 0.06315 0.31894 -0.94567
  outer loop
   vertex 6.1948 8.7241 1.2979
   vertex 4.1897 9.1211 1.2979
   vertex 6.1868 13.4689 2.8976
  endloop
 endfacet
 facet normal 0.06315 0.31894 -0.94567
  outer loop
   vertex 6.1948 8.7241 1.2979
   vertex 6.1868 13.4689 2.8976
   vertex 9.1477 12.8826 2.8976
  endloop
 endfacet
 facet normal 0.08704 0.43958 -0.89398
  outer loop
   vertex 9.1477 12.8826 2.8976
   vertex 6.1868 13.4689 2.8976
   vertex 8.0687 17.5658 5.0953
  endloop
 endfacet
 facet normal 0.08704 0.43958 -0.89398
  outer loop
   vertex 9.1477 12.8826 2.8976
   vertex 8.0687 17.5658 5.0953
   vertex 11.9302 16.8012 5.0953
  endloop
 endfacet
 facet normal 0.10954 0.55318 -0.82583
  outer loop
   vertex 11.9302 16.8012 5.0953
   vertex 8.0687 17.5658 5.0953
   vertex 9.8003 21.3354 7.8501
  endloop
 endfacet
 facet normal 0.10954 0.55318 -0.82583
  outer loop
   vertex 11.9302 16.8012 5.0953
   vertex 9.8003 21.3354 7.8501
   vertex 14.4904 20.4067 7.8501
  endloop
 endfacet
 facet normal 0.13022 0.65762 -0.74201
  outer loop
   vertex 14.4904 20.4067 7.8501
   vertex 9.8003 21.3354 7.8501
   vertex 11.3493 24.7077 11.1106
  endloop
 endfacet
 facet normal 0.13022 0.65762 -0.74201
  outer loop
   vertex 14.4904 20.4067 7.8501
   vertex 11.3493 24.7077 11.1106
   vertex 16.7807 23.6322 11.1106
  endloop
 endfacet
 facet normal 0.14866 0.75076 -0.64363
  outer loop
   vertex 16.7807 23.6322 11.1106
   vertex 11.3493 24.7077 11.1106
   vertex 12.6868 27.6196 14.8162
  endloop
 endfacet
 facet normal 0.14866 0.75076 -0.64363
  outer loop
   vertex 16.7807 23.6322 11.1106
   vertex 12.6868 27.6196 14.8162
   vertex 18.7585 26.4174 14.8162
  endloop
 endfacet
 facet normal 0.16445 0.83049 -0.53220
  outer loop
   vertex 18.7585 26.4174 14.8162
   vertex 12.6868 27.6196 14.8162
   vertex 13.7881 30.0171 18.8977
  endloop
 endfacet
 facet normal 0.16445 0.83049 -0.53220
  outer loop
   vertex 18.7585 26.4174 14.8162
   vertex 13.7881 30.0171 18.8977
   vertex 20.3867 28.7105 18.8977
  endloop
 endfacet
 facet normal 0.17720 0.89489 -0.40961
  outer loop
   vertex 20.3867 28.7105 18.8977
   vertex 13.7881 30.0171 18.8977
   vertex 14.6325 31.8554 23.2792
  endloop
 endfacet
 facet normal 0.17720 0.89489 -0.40961
  outer loop
   vertex 20.3867 28.7105 18.8977
   vertex 14.6325 31.8554 23.2792
   vertex 21.6353 30.4687 23.2792
  endloop
 endfacet
 facet normal 0.18658 0.94223 -0.27820
  outer loop
   vertex 21.6353 30.4687 23.2792
   vertex 14.6325 31.8554 23.2792
   vertex 15.2043 33.1003 27.8790
  endloop
 endfacet
 facet normal 0.18658 0.94223 -0.27820
  outer loop
   vertex 21.6353 30.4687 23.2792
   vertex 15.2043 33.1003 27.8790
   vertex 22.4808 31.6595 27.8790
  endloop
 endfacet
 facet normal 0.19231 0.97120 -0.14067
  outer loop
   vertex 22.4808 31.6595 27.8790
   vertex 15.2043 33.1003 27.8790
   vertex 15.4929 33.7286 32.6115
  endloop
 endfacet
 facet normal 0.19231 0.97120 -0.14067
  outer loop
   vertex 22.4808 31.6595 27.8790
   vertex 15.4929 33.7286 32.6115
   vertex 22.9075 32.2604 32.6115
  endloop
 endfacet
 facet normal 0.19424 0.98095 0.00000
  outer loop
   vertex 22.9075 32.2604 32.6115
   vertex 15.4929 33.7286 32.6115
   vertex 15.4929 33.7286 37.3885
  endloop
 endfacet
 facet normal 0.19424 0.98095 -0.00000
  outer loop
   vertex 22.9075 32.2604 32.6115
   vertex 15.4929 33.7286 37.3885
   vertex 22.9075 32.2604 37.3885
  endloop
 endfacet
 facet normal 0.19231 0.97120 0.14067
  outer loop
   vertex 22.9075 32.2604 37.3885
   vertex 15.4929 33.7286 37.3885
   vertex 15.2043 33.1003 42.1210
  endloop
 endfacet
 facet normal 0.19231 0.97120 0.14067
  outer loop
   vertex 22.9075 32.2604 37.3885
   vertex 15.2043 33.1003 42.1210
   vertex 22.4808 31.6595 42.1210
  endloop
 endfacet
 facet normal 0.18658 0.94223 0.27820
  outer loop
   vertex 22.4808 31.6595 42.1210
   vertex 15.2043 33.1003 42.1210
   vertex 14.6325 31.8554 46.7208
  endloop
 endfacet
 facet normal 0.18658 0.94223 0.27820
  outer loop
   vertex 22.4808 31.6595 42.1210
   vertex 14.6325 31.8554 46.7208
   vertex 21.6353 30.4687 46.7208
  endloop
 endfacet
 facet normal 0.17720 0.89489 0.40961
  outer loop
   vertex 21.6353 30.4687 46.7208
   vertex 14.6325 31.8554 46.7208
   vertex 13.7881 30.0171 51.1023
  endloop
 endfacet
 facet normal 0.17720 0.89489 0.40961
  outer loop
   vertex 21.6353 30.4687 46.7208
   vertex 13.7881 30.0171 51.1023
   vertex 20.3867 28.7105 51.1023
  endloop
 endfacet
 facet normal 0.16445 0.83049 0.53220
  outer loop
   vertex 20.3867 28.7105 51.1023
   vertex 13.7881 30.0171 51.1023
   vertex 12.6868 27.6196 55.1838
  endloop
 endfacet
 facet normal 0.16445 0.83049 0.53220
  outer loop
   vertex 20.3867 28.7105 51.1023
   vertex 12.6868 27.6196 55.1838
   vertex 18.7585 26.4174 55.1838
  endloop
 endfacet
 facet normal 0.14866 0.75076 0.64363
  outer loop
   vertex 18.7585 26.4174 55.1838
   vertex 12.6868 27.6196 55.1838
   vertex 11.3493 24.7077 58.8894
  endloop
 endfacet
 facet normal 0.14866 0.75076 0.64363
  outer loop
   vertex 18.7585 26.4174 55.1838
   vertex 11.3493 24.7077 58.8894
   vertex 16.7807 23.6322 58.8894
  endloop
 endfacet
 facet normal 0.13022 0.65762 0.74201
  outer loop
   vertex 16.7807 23.6322 58.8894
   vertex 11.3493 24.7077 58.8894
   vertex 9.8003 21.3354 62.1499
  endloop
 endfacet
 facet normal 0.13022 0.65762 0.74201
  outer loop
   vertex 16.7807 23.6322 58.8894
   vertex 9.8003 21.3354 62.1499
   vertex 14.4904 20.4067 62.1499
  endloop
 endfacet
 facet normal 0.10954 0.55318 0.82583
  outer loop
   vertex 14.4904 20.4067 62.1499
   vertex 9.8003 21.3354 62.1499
   vertex 8.0687 17.5658 64.9047
  endloop
 endfacet
 facet normal 0.10954 0.55318 0.82583
  outer loop
   vertex 14.4904 20.4067 62.1499
   vertex 8.0687 17.5658 64.9047
   vertex 11.9302 16.8012 64.9047
  endloop
 endfacet
 facet normal 0.08704 0.43958 0.89398
  outer loop
   vertex 11.9302 16.8012 64.9047
   vertex 8.0687 17.5658 64.9047
   vertex 6.1868 13.4689 67.1024
  endloop
 endfacet
 facet normal 0.08704 0.43958 0.89398
  outer loop
   vertex 11.9302 16.8012 64.9047
   vertex 6.1868 13.4689 67.1024
   vertex 9.1477 12.8826 67.1024
  endloop
 endfacet
 facet normal 0.06315 0.31894 0.94567
  outer loop
   vertex 9.1477 12.8826 67.1024
   vertex 6.1868 13.4689 67.1024
   vertex 4.1897 9.1211 68.7021
  endloop
 endfacet
 facet normal 0.06315 0.31894 0.94567
  outer loop
   vertex 9.1477 12.8826 67.1024
   vertex 4.1897 9.1211 68.7021
   vertex 6.1948 8.7241 68.7021
  endloop
 endfacet
 facet normal 0.03828 0.19333 0.98039
  outer loop
   vertex 6.1948 8.7241 68.7021
   vertex 4.1897 9.1211 68.7021
   vertex 2.1146 4.6034 69.6740
  endloop
 endfacet
 facet normal 0.03828 0.19333 0.98039
  outer loop
   vertex 6.1948 8.7241 68.7021
   vertex 2.1146 4.6034 69.6740
   vertex 3.1265 4.4031 69.6740
  endloop
 endfacet
 facet normal 0.01283 0.06477 0.99782
  outer loop
   vertex 3.1265 4.4031 69.6740
   vertex 2.1146 4.6034 69.6740
   vertex 0.0000 0.0000 70.0000
  endloop
 endfacet
 facet normal 0.00000 0.00000 0.00000
  outer loop
   vertex 3.1265 4.4031 69.6740
   vertex 0.0000 0.0000 70.0000
   vertex 0.0000 0.0000 70.0000
  endloop
 endfacet
 facet normal 0.00000 0.00000 0.00000
  outer loop
   vertex 0.0000 0.0000 0.0000
   vertex 0.0000 0.0000 0.0000
   vertex 1.0664 4.7251 0.3260
  endloop
 endfacet
 facet normal 0.00778 0.06708 -0.99772
  outer loop
   vertex 0.0000 0.0000 0.0000
   vertex 1.0664 4.7251 0.3260
   vertex 2.1146 4.6034 0.3260
  endloop
 endfacet
 facet normal 0.02321 0.20006 -0.97951
  outer loop
   vertex 2.1146 4.6034 0.3260
   vertex 1.0664 4.7251 0.3260
   vertex 2.1129 9.3621 1.2979
  endloop
 endfacet
 facet normal 0.02321 0.20006 -0.97951
  outer loop
   vertex 2.1146 4.6034 0.3260
   vertex 2.1129 9.3621 1.2979
   vertex 4.1897 9.1211 1.2979
  endloop
 endfacet
 facet normal 0.03824 0.32954 -0.94337
  outer loop
   vertex 4.1897 9.1211 1.2979
   vertex 2.1129 9.3621 1.2979
   vertex 3.1201 13.8247 2.8976
  endloop
 endfacet
 facet normal 0.03824 0.32954 -0.94337
  outer loop
   vertex 4.1897 9.1211 1.2979
   vertex 3.1201 13.8247 2.8976
   vertex 6.1868 13.4689 2.8976
  endloop
 endfacet
 facet normal 0.05259 0.45320 -0.88986
  outer loop
   vertex 6.1868 13.4689 2.8976
   vertex 3.1201 13.8247 2.8976
   vertex 4.0692 18.0299 5.0953
  endloop
 endfacet
 facet normal 0.05259 0.45320 -0.88986
  outer loop
   vertex 6.1868 13.4689 2.8976
   vertex 4.0692 18.0299 5.0953
   vertex 8.0687 17.5658 5.0953
  endloop
 endfacet
 facet normal 0.06600 0.56880 -0.81983
  outer loop
   vertex 8.0687 17.5658 5.0953
   vertex 4.0692 18.0299 5.0953
   vertex 4.9424 21.8991 7.8501
  endloop
 endfacet
 facet normal 0.06600 0.56880 -0.81983
  outer loop
   vertex 8.0687 17.5658 5.0953
   vertex 4.9424 21.8991 7.8501
   vertex 9.8003 21.3354 7.8501
  endloop
 endfacet
 facet normal 0.07823 0.67417 -0.73442
  outer loop
   vertex 9.8003 21.3354 7.8501
   vertex 4.9424 21.8991 7.8501
   vertex 5.7236 25.3604 11.1106
  endloop
 endfacet
 facet normal 0.07823 0.67417 -0.73442
  outer loop
   vertex 9.8003 21.3354 7.8501
   vertex 5.7236 25.3604 11.1106
   vertex 11.3493 24.7077 11.1106
  endloop
 endfacet
 facet normal 0.08903 0.76728 -0.63510
  outer loop
   vertex 11.3493 24.7077 11.1106
   vertex 5.7236 25.3604 11.1106
   vertex 6.3982 28.3493 14.8162
  endloop
 endfacet
 facet normal 0.08903 0.76728 -0.63510
  outer loop
   vertex 11.3493 24.7077 11.1106
   vertex 6.3982 28.3493 14.8162
   vertex 12.6868 27.6196 14.8162
  endloop
 endfacet
 facet normal 0.09820 0.84629 -0.52360
  outer loop
   vertex 12.6868 27.6196 14.8162
   vertex 6.3982 28.3493 14.8162
   vertex 6.9535 30.8101 18.8977
  endloop
 endfacet
 facet normal 0.09820 0.84629 -0.52360
  outer loop
   vertex 12.6868 27.6196 14.8162
   vertex 6.9535 30.8101 18.8977
   vertex 13.7881 30.0171 18.8977
  endloop
 endfacet
 facet normal 0.10554 0.90956 -0.40195
  outer loop
   vertex 13.7881 30.0171 18.8977
   vertex 6.9535 30.8101 18.8977
   vertex 7.3794 32.6970 23.2792
  endloop
 endfacet
 facet normal 0.10554 0.90956 -0.40195
  outer loop
   vertex 13.7881 30.0171 18.8977
   vertex 7.3794 32.6970 23.2792
   vertex 14.6325 31.8554 23.2792
  endloop
 endfacet
 facet normal 0.11090 0.95576 -0.27245
  outer loop
   vertex 14.6325 31.8554 23.2792
   vertex 7.3794 32.6970 23.2792
   vertex 7.6678 33.9748 27.8790
  endloop
 endfacet
 facet normal 0.11090 0.95576 -0.27245
  outer loop
   vertex 14.6325 31.8554 23.2792
   vertex 7.6678 33.9748 27.8790
   vertex 15.2043 33.1003 27.8790
  endloop
 endfacet
 facet normal 0.11416 0.98389 -0.13759
  outer loop
   vertex 15.2043 33.1003 27.8790
   vertex 7.6678 33.9748 27.8790
   vertex 7.8133 34.6197 32.6115
  endloop
 endfacet
 facet normal 0.11416 0.98389 -0.13759
  outer loop
   vertex 15.2043 33.1003 27.8790
   vertex 7.8133 34.6197 32.6115
   vertex 15.4929 33.7286 32.6115
  endloop
 endfacet
 facet normal 0.11526 0.99334 0.00000
  outer loop
   vertex 15.4929 33.7286 32.6115
   vertex 7.8133 34.6197 32.6115
   vertex 7.8133 34.6197 37.3885
  endloop
 endfacet
 facet normal 0.11526 0.99334 -0.00000
  outer loop
   vertex 15.4929 33.7286 32.6115
   vertex 7.8133 34.6197 37.3885
   vertex 15.4929 33.7286 37.3885
  endloop
 endfacet
 facet normal 0.11416 0.98389 0.13759
  outer loop
   vertex 15.4929 33.7286 37.3885
   vertex 7.8133 34.6197 37.3885
   vertex 7.6678 33.9748 42.1210
  endloop
 endfacet
 facet normal 0.11416 0.98389 0.13759
  outer loop
   vertex 15.4929 33.7286 37.3885
   vertex 7.6678 33.9748 42.1210
   vertex 15.2043 33.1003 42.1210
  endloop
 endfacet
 facet normal 0.11090 0.95576 0.27245
  outer loop
   vertex 15.2043 33.1003 42.1210
   vertex 7.6678 33.9748 42.1210
   vertex 7.3794 32.6970 46.7208
  endloop
 endfacet
 facet normal 0.11090 0.95576 0.27245
  outer loop
   vertex 15.2043 33.1003 42.1210
   vertex 7.3794 32.6970 46.7208
   vertex 14.6325 31.8554 46.7208
  endloop
 endfacet
 facet normal 0.10554 0.90956 0.40195
  outer loop
   vertex 14.6325 31.8554 46.7208
   vertex 7.3794 32.6970 46.7208
   vertex 6.9535 30.8101 51.1023
  endloop
 endfacet
 facet normal 0.10554 0.90956 0.40195
  outer loop
   vertex 14.6325 31.8554 46.7208
   vertex 6.9535 30.8101 51.1023
   vertex 13.7881 30.0171 51.1023
  endloop
 endfacet
 facet normal 0.09820 0.84629 0.52360
  outer loop
   vertex 13.7881 30.0171 51.1023
   vertex 6.9535 30.8101 51.1023
   vertex 6.3982 28.3493 55.1838
  endloop
 endfacet
 facet normal 0.09820 0.84629 0.52360
  outer loop
   vertex 13.7881 30.0171 51.1023
   vertex 6.3982 28.3493 55.1838
   vertex 12.6868 27.6196 55.1838
  endloop
 endfacet
 facet normal 0.08903 0.76728 0.63510
  outer loop
   vertex 12.6868 27.6196 55.1838
   vertex 6.3982 28.3493 55.1838
   vertex 5.7236 25.3604 58.8894
  endloop
 endfacet
 facet normal 0.08903 0.76728 0.63510
  outer loop
   vertex 12.6868 27.6196 55.1838
   vertex 5.7236 25.3604 58.8894
   vertex 11.3493 24.7077 58.8894
  endloop
 endfacet
 facet normal 0.07823 0.67417 0.73442
  outer loop
   vertex 11.3493 24.7077 58.8894
   vertex 5.7236 25.3604 58.8894
   vertex 4.9424 21.8991 62.1499
  endloop
 endfacet
 facet normal 0.07823 0.67417 0.73442
  outer loop
   vertex 11.3493 24.7077 58.8894
   vertex 4.9424 21.8991 62.1499
   vertex 9.8003 21.3354 62.1499
  endloop
 endfacet
 facet normal 0.06600 0.56880 0.81983
  outer loop
   vertex 9.8003 21.3354 62.1499
   vertex 4.9424 21.8991 62.1499
   vertex 4.0692 18.0299 64.9047
  endloop
 endfacet
 facet normal 0.06600 0.56880 0.81983
  outer loop
   vertex 9.8003 21.3354 62.1499
   vertex 4.0692 18.0299 64.9047
   vertex 8.0687 17.5658 64.9047
  endloop
 endfacet
 facet normal 0.05259 0.45320 0.88986
  outer loop
   vertex 8.0687 17.5658 64.9047
   vertex 4.0692 18.0299 64.9047
   vertex 3.1201 13.8247 67.1024
  endloop
 endfacet
 facet normal 0.05259 0.45320 0.88986
  outer loop
   vertex 8.0687 17.5658 64.9047
   vertex 3.1201 13.8247 67.1024
   vertex 6.1868 13.4689 67.1024
  endloop
 endfacet
 facet normal 0.03824 0.32954 0.94337
  outer loop
   vertex 6.1868 13.4689 67.1024
   vertex 3.1201 13.8247 67.1024
   vertex 2.1129 9.3621 68.7021
  endloop
 endfacet
 facet normal 0.03824 0.32954 0.94337
  outer loop
   vertex 6.1868 13.4689 67.1024
   vertex 2.1129 9.3621 68.7021
   vertex 4.1897 9.1211 68.7021
  endloop
 endfacet
 facet normal 0.02321 0.20006 0.97951
  outer loop
   vertex 4.1897 9.1211 68.7021
   vertex 2.1129 9.3621 68.7021
   vertex 1.0664 4.7251 69.6740
  endloop
 endfacet
 facet normal 0.02321 0.20006 0.97951
  outer loop
   vertex 4.1897 9.1211 68.7021
   vertex 1.0664 4.7251 69.6740
   vertex 2.1146 4.6034 69.6740
  endloop
 endfacet
 facet normal 0.00778 0.06708 0.99772
  outer loop
   vertex 2.1146 4.6034 69.6740
   vertex 1.0664 4.7251 69.6740
   vertex 0.0000 0.0000 70.0000
  endloop
 endfacet
 facet normal 0.00000 0.00000 0.00000
  outer loop
   vertex 2.1146 4.6034 69.6740
   vertex 0.0000 0.0000 70.0000
   vertex 0.0000 0.0000 70.0000
  endloop
 endfacet
 facet normal 0.00000 0.00000 0.00000
  outer loop
   vertex 0.0000 0.0000 0.0000
   vertex 0.0000 0.0000 0.0000
   vertex 0.0000 4.7658 0.3260
  endloop
 endfacet
 facet normal 0.00261 0.06824 -0.99767
  outer loop
   vertex 0.0000 0.0000 0.0000
   vertex 0.0000 4.7658 0.3260
   vertex 1.0664 4.7251 0.3260
  endloop
 endfacet
 facet normal 0.00778 0.20345 -0.97905
  outer loop
   vertex 1.0664 4.7251 0.3260
   vertex 0.0000 4.7658 0.3260
   vertex 0.0000 9.4429 1.2979
  endloop
 endfacet
 facet normal 0.00778 0.20345 -0.97905
  outer loop
   vertex 1.0664 4.7251 0.3260
   vertex 0.0000 9.4429 1.2979
   vertex 2.1129 9.3621 1.2979
  endloop
 endfacet
 facet normal 0.01280 0.33485 -0.94218
  outer loop
   vertex 2.1129 9.3621 1.2979
   vertex 0.0000 9.4429 1.2979
   vertex 0.0000 13.9440 2.8976
  endloop
 endfacet
 facet normal 0.01280 0.33485 -0.94218
  outer loop
   vertex 2.1129 9.3621 1.2979
   vertex 0.0000 13.9440 2.8976
   vertex 3.1201 13.8247 2.8976
  endloop
 endfacet
 facet normal 0.01759 0.45999 -0.88775
  outer loop
   vertex 3.1201 13.8247 2.8976
   vertex 0.0000 13.9440 2.8976
   vertex 0.0000 18.1854 5.0953
  endloop
 endfacet
 facet normal 0.01759 0.45999 -0.88775
  outer loop
   vertex 3.1201 13.8247 2.8976
   vertex 0.0000 18.1854 5.0953
   vertex 4.0692 18.0299 5.0953
  endloop
 endfacet
 facet normal 0.02204 0.57654 -0.81677
  outer loop
   vertex 4.0692 18.0299 5.0953
   vertex 0.0000 18.1854 5.0953
   vertex 0.0000 22.0881 7.8501
  endloop
 endfacet
 facet normal 0.02204 0.57654 -0.81677
  outer loop
   vertex 4.0692 18.0299 5.0953
   vertex 0.0000 22.0881 7.8501
   vertex 4.9424 21.8991 7.8501
  endloop
 endfacet
 facet normal 0.02609 0.68232 -0.73059
  outer loop
   vertex 4.9424 21.8991 7.8501
   vertex 0.0000 22.0881 7.8501
   vertex 0.0000 25.5793 11.1106
  endloop
 endfacet
 facet normal 0.02609 0.68232 -0.73059
  outer loop
   vertex 4.9424 21.8991 7.8501
   vertex 0.0000 25.5793 11.1106
   vertex 5.7236 25.3604 11.1106
  endloop
 endfacet
 facet normal 0.02965 0.77537 -0.63081
  outer loop
   vertex 5.7236 25.3604 11.1106
   vertex 0.0000 25.5793 11.1106
   vertex 0.0000 28.5939 14.8162
  endloop
 endfacet
 facet normal 0.02965 0.77537 -0.63081
  outer loop
   vertex 5.7236 25.3604 11.1106
   vertex 0.0000 28.5939 14.8162
   vertex 6.3982 28.3493 14.8162
  endloop
 endfacet
 facet normal 0.03265 0.85396 -0.51931
  outer loop
   vertex 6.3982 28.3493 14.8162
   vertex 0.0000 28.5939 14.8162
   vertex 0.0000 31.0760 18.8977
  endloop
 endfacet
 facet normal 0.03265 0.85396 -0.51931
  outer loop
   vertex 6.3982 28.3493 14.8162
   vertex 0.0000 31.0760 18.8977
   vertex 6.9535 30.8101 18.8977
  endloop
 endfacet
 facet normal 0.03505 0.91665 -0.39816
  outer loop
   vertex 6.9535 30.8101 18.8977
   vertex 0.0000 31.0760 18.8977
   vertex 0.0000 32.9791 23.2792
  endloop
 endfacet
 facet normal 0.03505 0.91665 -0.39816
  outer loop
   vertex 6.9535 30.8101 18.8977
   vertex 0.0000 32.9791 23.2792
   vertex 7.3794 32.6970 23.2792
  endloop
 endfacet
 facet normal 0.03679 0.96227 -0.26961
  outer loop
   vertex 7.3794 32.6970 23.2792
   vertex 0.0000 32.9791 23.2792
   vertex 0.0000 34.2679 27.8790
  endloop
 endfacet
 facet normal 0.03679 0.96227 -0.26961
  outer loop
   vertex 7.3794 32.6970 23.2792
   vertex 0.0000 34.2679 27.8790
   vertex 7.6678 33.9748 27.8790
  endloop
 endfacet
 facet normal 0.03785 0.98998 -0.13607
  outer loop
   vertex 7.6678 33.9748 27.8790
   vertex 0.0000 34.2679 27.8790
   vertex 0.0000 34.9184 32.6115
  endloop
 endfacet
 facet normal 0.03785 0.98998 -0.13607
  outer loop
   vertex 7.6678 33.9748 27.8790
   vertex 0.0000 34.9184 32.6115
   vertex 7.8133 34.6197 32.6115
  endloop
 endfacet
 facet normal 0.03821 0.99927 0.00000
  outer loop
   vertex 7.8133 34.6197 32.6115
   vertex 0.0000 34.9184 32.6115
   vertex 0.0000 34.9184 37.3885
  endloop
 endfacet
 facet normal 0.03821 0.99927 -0.00000
  outer loop
   vertex 7.8133 34.6197 32.6115
   vertex 0.0000 34.9184 37.3885
   vertex 7.8133 34.6197 37.3885
  endloop
 endfacet
 facet normal 0.03785 0.98998 0.13607
  outer loop
   vertex 7.8133 34.6197 37.3885
   vertex 0.0000 34.9184 37.3885
   vertex 0.0000 34.2679 42.1210
  endloop
 endfacet
 facet normal 0.03785 0.98998 0.13607
  outer loop
   vertex 7.8133 34.6197 37.3885
   vertex 0.0000 34.2679 42.1210
   vertex 7.6678 33.9748 42.1210
  endloop
 endfacet
 facet normal 0.03679 0.96227 0.26961
  outer loop
   vertex 7.6678 33.9748 42.1210
   vertex 0.0000 34.2679 42.1210
   vertex 0.0000 32.9791 46.7208
  endloop
 endfacet
 facet normal 0.03679 0.96227 0.26961
  outer loop
   vertex 7.6678 33.9748 42.1210
   vertex 0.0000 32.9791 46.7208
   vertex 7.3794 32.6970 46.7208
  endloop
 endfacet
 facet normal 0.03505 0.91665 0.39816
  outer loop
   vertex 7.3794 32.6970 46.7208
   vertex 0.0000 32.9791 46.7208
   vertex 0.0000 31.0760 51.1023
  endloop
 endfacet
 facet normal 0.03505 0.91665 0.39816
  outer loop
   vertex 7.3794 32.6970 46.7208
   vertex 0.0000 31.0760 51.1023
   vertex 6.9535 30.8101 51.1023
  endloop
 endfacet
 facet normal 0.03265 0.85396 0.51931
  outer loop
   vertex 6.9535 30.8101 51.1023
   vertex 0.0000 31.0760 51.1023
   vertex 0.0000 28.5939 55.1838
  endloop
 endfacet
 facet normal 0.03265 0.85396 0.51931
  outer loop
   vertex 6.9535 30.8101 51.1023
   vertex 0.0000 28.5939 55.1838
   vertex 6.3982 28.3493 55.1838
  endloop
 endfacet
 facet normal 0.02965 0.77537 0.63081
  outer loop
   vertex 6.3982 28.3493 55.1838
   vertex 0.0000 28.5939 55.1838
   vertex 0.0000 25.5793 58.8894
  endloop
 endfacet
 facet normal 0.02965 0.77537 0.63081
  outer loop
   vertex 6.3982 28.3493 55.1838
   vertex 0.0000 25.5793 58.8894
   vertex 5.7236 25.3604 58.8894
  endloop
 endfacet
 facet normal 0.02609 0.68232 0.73059
  outer loop
   vertex 5.7236 25.3604 58.8894
   vertex 0.0000 25.5793 58.8894
   vertex 0.0000 22.0881 62.1499
  endloop
 endfacet
 facet normal 0.02609 0.68232 0.73059
  outer loop
   vertex 5.7236 25.3604 58.8894
   vertex 0.0000 22.0881 62.1499
   vertex 4.9424 21.8991 62.1499
  endloop
 endfacet
 facet normal 0.02204 0.57654 0.81677
  outer loop
   vertex 4.9424 21.8991 62.1499
   vertex 0.0000 22.0881 62.1499
   vertex 0.0000 18.1854 64.9047
  endloop
 endfacet
 facet normal 0.02204 0.57654 0.81677
  outer loop
   vertex 4.9424 21.8991 62.1499
   vertex 0.0000 18.1854 64.9047
   vertex 4.0692 18.0299 64.9047
  endloop
 endfacet
 facet normal 0.01759 0.45999 0.88775
  outer loop
   vertex 4.0692 18.0299 64.9047
   vertex 0.0000 18.1854 64.9047
   vertex 0.0000 13.9440 67.1024
  endloop
 endfacet
 facet normal 0.01759 0.45999 0.88775
  outer loop
   vertex 4.0692 18.0299 64.9047
   vertex 0.0000 13.9440 67.1024
   vertex 3.1201 13.8247 67.1024
  endloop
 endfacet
 facet normal 0.01280 0.33485 0.94218
  outer loop
   vertex 3.1201 13.8247 67.1024
   vertex 0.0000 13.9440 67.1024
   vertex 0.0000 9.4429 68.7021
  endloop
 endfacet
 facet normal 0.01280 0.33485 0.94218
  outer loop
   vertex 3.1201 13.8247 67.1024
   vertex 0.0000 9.4429 68.7021
   vertex 2.1129 9.3621 68.7021
  endloop
 endfacet
 facet normal 0.00778 0.20345 0.97905
  outer loop
   vertex 2.1129 9.3621 68.7021
   vertex 0.0000 9.4429 68.7021
   vertex 0.0000 4.7658 69.6740
  endloop
 endfacet
 facet normal 0.00778 0.20345 0.97905
  outer loop
   vertex 2.1129 9.3621 68.7021
   vertex 0.0000 4.7658 69.6740
   vertex 1.0664 4.7251 69.6740
  endloop
 endfacet
 facet normal 0.00261 0.06824 0.99767
  outer loop
   vertex 1.0664 4.7251 69.6740
   vertex 0.0000 4.7658 69.6740
   vertex 0.0000 0.0000 70.0000
  endloop
 endfacet
 facet normal 0.00000 0.00000 0.00000
  outer loop
   vertex 1.0664 4.7251 69.6740
   vertex 0.0000 0.0000 70.0000
   vertex 0.0000 0.0000 70.0000
  endloop
 endfacet
 facet normal 0.00000 0.00000 0.00000
  outer loop
   vertex 0.0000 0.0000 0.0000
   vertex -0.0000 0.0000 0.0000
   vertex -1.0664 4.7251 0.3260
  endloop
 endfacet
 facet normal -0.00261 0.06824 -0.99767
  outer loop
   vertex 0.0000 0.0000 0.0000
   vertex -1.0664 4.7251 0.3260
   vertex 0.0000 4.7658 0.3260
  endloop
 endfacet
 facet normal -0.00778 0.20345 -0.97905
  outer loop
   vertex 0.0000 4.7658 0.3260
   vertex -1.0664 4.7251 0.3260
   vertex -2.1129 9.3621 1.2979
  endloop
 endfacet
 facet normal -0.00778 0.20345 -0.97905
  outer loop
   vertex 0.0000 4.7658 0.3260
   vertex -2.1129 9.3621 1.2979
   vertex 0.0000 9.4429 1.2979
  endloop
 endfacet
 facet normal -0.01280 0.33485 -0.94218
  outer loop
   vertex 0.0000 9.4429 1.2979
   vertex -2.1129 9.3621 1.2979
   vertex -3.1201 13.8247 2.8976
  endloop
 endfacet
 facet normal -0.01280 0.33485 -0.94218
  outer loop
   vertex 0.0000 9.4429 1.2979
   vertex -3.1201 13.8247 2.8976
   vertex 0.0000 13.9440 2.8976
  endloop
 endfacet
 facet normal -0.01759 0.45999 -0.88775
  outer loop
   vertex 0.0000 13.9440 2.8976
   vertex -3.1201 13.8247 2.8976
   vertex -4.0692 18.0299 5.0953
  endloop
 endfacet
 facet normal -0.01759 0.45999 -0.88775
  outer loop
   vertex 0.0000 13.9440 2.8976
   vertex -4.0692 18.0299 5.0953
   vertex 0.0000 18.1854 5.0953
  endloop
 endfacet
 facet normal -0.02204 0.57654 -0.81677
  outer loop
   vertex 0.0000 18.1854 5.0953
   vertex -4.0692 18.0299 5.0953
   vertex -4.9424 21.8991 7.8501
  endloop
 endfacet
 facet normal -0.02204 0.57654 -0.81677
  outer loop
   vertex 0.0000 18.1854 5.0953
   vertex -4.9424 21.8991 7.8501
   vertex 0.0000 22.0881 7.8501
  endloop
 endfacet
 facet normal -0.02609 0.68232 -0.73059
  outer loop
   vertex 0.0000 22.0881 7.8501
   vertex -4.9424 21.8991 7.8501
   vertex -5.7236 25.3604 11.1106
  endloop
 endfacet
 facet normal -0.02609 0.68232 -0.73059
  outer loop
   vertex 0.0000 22.0881 7.8501
   vertex -5.7236 25.3604 11.1106
   vertex 0.0000 25.5793 11.1106
  endloop
 endfacet
 facet normal -0.02965 0.77537 -0.63081
  outer loop
   vertex 0.0000 25.5793 11.1106
   vertex -5.7236 25.3604 11.1106
   vertex -6.3982 28.3493 14.8162
  endloop
 endfacet
 facet normal -0.02965 0.77537 -0.63081
  outer loop
   vertex 0.0000 25.5793 11.1106
   vertex -6.3982 28.3493 14.8162
   vertex 0.0000 28.5939 14.8162
  endloop
 endfacet
 facet normal -0.03265 0.85396 -0.51931
  outer loop
   vertex 0.0000 28.5939 14.8162
   vertex -6.3982 28.3493 14.8162
   vertex -6.9535 30.8101 18.8977
  endloop
 endfacet
 facet normal -0.03265 0.85396 -0.51931
  outer loop
   vertex 0.0000 28.5939 14.8162
   vertex -6.9535 30.8101 18.8977
   vertex 0.0000 31.0760 18.8977
  endloop
 endfacet
 facet normal -0.03505 0.91665 -0.39816
  outer loop
   vertex 0.0000 31.0760 18.8977
   vertex -6.9535 30.8101 18.8977
   vertex -7.3794 32.6970 23.2792
  endloop
 endfacet
 facet normal -0.03505 0.91665 -0.39816
  outer loop
   vertex 0.0000 31.0760 18.8977
   vertex -7.3794 32.6970 23.2792
   vertex 0.0000 32.9791 23.2792
  endloop
 endfacet
 facet normal -0.03679 0.96227 -0.26961
  outer loop
   vertex 0.0000 32.9791 23.2792
   vertex -7.3794 32.6970 23.2792
   vertex -7.6678 33.9748 27.8790
  endloop
 endfacet
 facet normal -0.03679 0.96227 -0.26961
  outer loop
   vertex 0.0000 32.9791 23.2792
   vertex -7.6678 33.9748 27.8790
   vertex 0.0000 34.2679 27.8790
  endloop
 endfacet
 facet normal -0.03785 0.98998 -0.13607
  outer loop
   vertex 0.0000 34.2679 27.8790
   vertex -7.6678 33.9748 27.8790
   vertex -7.8133 34.6197 32.6115
  endloop
 endfacet
 facet normal -0.03785 0.98998 -0.13607
  outer loop
   vertex 0.0000 34.2679 27.8790
   vertex -7.8133 34.6197 32.6115
   vertex 0.0000 34.9184 32.6115
  endloop
 endfacet
 facet normal -0.03821 0.99927 0.00000
  outer loop
   vertex 0.0000 34.9184 32.6115
   vertex -7.8133 34.6197 32.6115
   vertex -7.8133 34.6197 37.3885
  endloop
 endfacet
 facet normal -0.03821 0.99927 0.00000
  outer loop
   vertex 0.0000 34.9184 32.6115
   vertex -7.8133 34.6197 37.3885
   vertex 0.0000 34.9184 37.3885
  endloop
 endfacet
 facet normal -0.03785 0.98998 0.13607
  outer loop
   vertex 0.0000 34.9184 37.3885
   vertex -7.8133 34.6197 37.3885
   vertex -7.6678 33.9748 42.1210
  endloop
 endfacet
 facet normal -0.03785 0.98998 0.13607
  outer loop
   vertex 0.0000 34.9184 37.3885
   vertex -7.6678 33.9748 42.1210
   vertex 0.0000 34.2679 42.1210
  endloop
 endfacet
 facet normal -0.03679 0.96227 0.26961
  outer loop
   vertex 0.0000 34.2679 42.1210
   vertex -7.6678 33.9748 42.1210
   vertex -7.3794 32.6970 46.7208
  endloop
 endfacet
 facet normal -0.03679 0.96227 0.26961
  outer loop
   vertex 0.0000 34.2679 42.1210
   vertex -7.3794 32.6970 46.7208
   vertex 0.0000 32.9791 46.7208
  endloop
 endfacet
 facet normal -0.03505 0.91665 0.39816
  outer loop
   vertex 0.0000 32.9791 46.7208
   vertex -7.3794 32.6970 46.7208
   vertex -6.9535 30.8101 51.1023
  endloop
 endfacet
 facet normal -0.03505 0.91665 0.39816
  outer loop
   vertex 0.0000 32.9791 46.7208
   vertex -6.9535 30.8101 51.1023
   vertex 0.0000 31.0760 51.1023
  endloop
 endfacet
 facet normal -0.03265 0.85396 0.51931
  outer loop
   vertex 0.0000 31.0760 51.1023
   vertex -6.9535 30.8101 51.1023
   vertex -6.3982 28.3493 55.1838
  endloop
 endfacet
 facet normal -0.03265 0.85396 0.51931
  outer loop
   vertex 0.0000 31.0760 51.1023
   vertex -6.3982 28.3493 55.1838
   vertex 0.0000 28.5939 55.1838
  endloop
 endfacet
 facet normal -0.02965 0.77537 0.63081
  outer loop
   vertex 0.0000 28.5939 55.1838
   vertex -6.3982 28.3493 55.1838
   vertex -5.7236 25.3604 58.8894
  endloop
 endfacet
 facet normal -0.02965 0.77537 0.63081
  outer loop
   vertex 0.0000 28.5939 55.1838
   vertex -5.7236 25.3604 58.8894
   vertex 0.0000 25.5793 58.8894
  endloop
 endfacet
 facet normal -0.02609 0.68232 0.73059
  outer loop
   vertex 0.0000 25.5793 58.8894
   vertex -5.7236 25.3604 58.8894
   vertex -4.9424 21.8991 62.1499
  endloop
 endfacet
 facet normal -0.02609 0.68232 0.73059
  outer loop
   vertex 0.0000 25.5793 58.8894
   vertex -4.9424 21.8991 62.1499
   vertex 0.0000 22.0881 62.1499
  endloop
 endfacet
 facet normal -0.02204 0.57654 0.81677
  outer loop
   vertex 0.0000 22.0881 62.1499
   vertex -4.9424 21.8991 62.1499
   vertex -4.0692 18.0299 64.9047
  endloop
 endfacet
 facet normal -0.02204 0.57654 0.81677
  outer loop
   vertex 0.0000 22.0881 62.1499
   vertex -4.0692 18.0299 64.9047
   vertex 0.0000 18.1854 64.9047
  endloop
 endfacet
 facet normal -0.01759 0.45999 0.88775
  outer loop
   vertex 0.0000 18.1854 64.9047
   vertex -4.0692 18.0299 64.9047
   vertex -3.1201 13.8247 67.1024
  endloop
 endfacet
 facet normal -0.01759 0.45999 0.88775
  outer loop
   vertex 0.0000 18.1854 64.9047
   vertex -3.1201 13.8247 67.1024
   vertex 0.0000 13.9440 67.1024
  endloop
 endfacet
 facet normal -0.01280 0.33485 0.94218
  outer loop
   vertex 0.0000 13.9440 67.1024
   vertex -3.1201 13.8247 67.1024
   vertex -2.1129 9.3621 68.7021
  endloop
 endfacet
 facet normal -0.01280 0.33485 0.94218
  outer loop
   vertex 0.0000 13.9440 67.1024
   vertex -2.1129 9.3621 68.7021
   vertex 0.0000 9.4429 68.7021
  endloop
 endfacet
 facet normal -0.00778 0.20345 0.97905
  outer loop
   vertex 0.0000 9.4429 68.7021
   vertex -2.1129 9.3621 68.7021
   vertex -1.0664 4.7251 69.6740
  endloop
 endfacet
 facet normal -0.00778 0.20345 0.97905
  outer loop
   vertex 0.0000 9.4429 68.7021
   vertex -1.0664 4.7251 69.6740
   vertex 0.0000 4.7658 69.6740
  endloop
 endfacet
 facet normal -0.00261 0.06824 0.99767
  outer loop
   vertex 0.0000 4.7658 69.6740
   vertex -1.0664 4.7251 69.6740
   vertex -0.0000 0.0000 70.0000
  endloop
 endfacet
 facet normal 0.00000 0.00000 0.00000
  outer loop
   vertex 0.0000 4.7658 69.6740
   vertex -0.0000 0.0000 70.0000
   vertex 0.0000 0.0000 70.0000
  endloop
 endfacet
 facet normal 0.00000 0.00000 0.00000
  outer loop
   vertex -0.0000 0.0000 0.0000
   vertex -0.0000 0.0000 0.0000
   vertex -2.1146 4.6034 0.3260
  endloop
 endfacet
 facet normal -0.00778 0.06708 -0.99772
  outer loop
   vertex -0.0000 0.0000 0.0000
   vertex -2.1146 4.6034 0.3260
   vertex -1.0664 4.7251 0.3260
  endloop
 endfacet
 facet normal -0.02321 0.20006 -0.97951
  outer loop
   vertex -1.0664 4.7251 0.3260
   vertex -2.1146 4.6034 0.3260
   vertex -4.1897 9.1211 1.2979
  endloop
 endfacet
 facet normal -0.02321 0.20006 -0.97951
  outer loop
   vertex -1.0664 4.7251 0.3260
   vertex -4.1897 9.1211 1.2979
   vertex -2.1129 9.3621 1.2979
  endloop
 endfacet
 facet normal -0.03824 0.32954 -0.94337
  outer loop
   vertex -2.1129 9.3621 1.2979
   vertex -4.1897 9.1211 1.2979
   vertex -6.1868 13.4689 2.8976
  endloop
 endfacet
 facet normal -0.03824 0.32954 -0.94337
  outer loop
   vertex -2.1129 9.3621 1.2979
   vertex -6.1868 13.4689 2.8976
   vertex -3.1201 13.8247 2.8976
  endloop
 endfacet
 facet normal -0.05259 0.45320 -0.88986
  outer loop
   vertex -3.1201 13.8247 2.8976
   vertex -6.1868 13.4689 2.8976
   vertex -8.0687 17.5658 5.0953
  endloop
 endfacet
 facet normal -0.05259 0.45320 -0.88986
  outer loop
   vertex -3.1201 13.8247 2.8976
   vertex -8.0687 17.5658 5.0953
   vertex -4.0692 18.0299 5.0953
  endloop
 endfacet
 facet normal -0.06600 0.56880 -0.81983
  outer loop
   vertex -4.0692 18.0299 5.0953
   vertex -8.0687 17.5658 5.0953
   vertex -9.8003 21.3354 7.8501
  endloop
 endfacet
 facet normal -0.06600 0.56880 -0.81983
  outer loop
   vertex -4.0692 18.0299 5.0953
   vertex -9.8003 21.3354 7.8501
   vertex -4.9424 21.8991 7.8501
  endloop
 endfacet
 facet normal -0.07823 0.67417 -0.73442
  outer loop
   vertex -4.9424 21.8991 7.8501
   vertex -9.8003 21.3354 7.8501
   vertex -11.3493 24.7077 11.1106
  endloop
 endfacet
 facet normal -0.07823 0.67417 -0.73442
  outer loop
   vertex -4.9424 21.8991 7.8501
   vertex -11.3493 24.7077 11.1106
   vertex -5.7236 25.3604 11.1106
  endloop
 endfacet
 facet normal -0.08903 0.76728 -0.63510
  outer loop
   vertex -5.7236 25.3604 11.1106
   vertex -11.3493 24.7077 11.1106
   vertex -12.6868 27.6196 14.8162
  endloop
 endfacet
 facet normal -0.08903 0.76728 -0.63510
  outer loop
   vertex -5.7236 25.3604 11.1106
   vertex -12.6868 27.6196 14.8162
   vertex -6.3982 28.3493 14.8162
  endloop
 endfacet
 facet normal -0.09820 0.84629 -0.52360
  outer loop
   vertex -6.3982 28.3493 14.8162
   vertex -12.6868 27.6196 14.8162
   vertex -13.7881 30.0171 18.8977
  endloop
 endfacet
 facet normal -0.09820 0.84629 -0.52360
  outer loop
   vertex -6.3982 28.3493 14.8162
   vertex -13.7881 30.0171 18.8977
   vertex -6.9535 30.8101 18.8977
  endloop
 endfacet
 facet normal -0.10554 0.90956 -0.40195
  outer loop
   vertex -6.9535 30.8101 18.8977
   vertex -13.7881 30.0171 18.8977
   vertex -14.6325 31.8554 23.2792
  endloop
 endfacet
 facet normal -0.10554 0.90956 -0.40195
  outer loop
   vertex -6.9535 30.8101 18.8977
   vertex -14.6325 31.8554 23.2792
   vertex -7.3794 32.6970 23.2792
  endloop
 endfacet
 facet normal -0.11090 0.95576 -0.27245
  outer loop
   vertex -7.3794 32.6970 23.2792
   vertex -14.6325 31.8554 23.2792
   vertex -15.2043 33.1003 27.8790
  endloop
 endfacet
 facet normal -0.11090 0.95576 -0.27245
  outer loop
   vertex -7.3794 32.6970 23.2792
   vertex -15.2043 33.1003 27.8790
   vertex -7.6678 33.9748 27.8790
  endloop
 endfacet
 facet normal -0.11416 0.98389 -0.13759
  outer loop
   vertex -7.6678 33.9748 27.8790
   vertex -15.2043 33.1003 27.8790
   vertex -15.4929 33.7286 32.6115
  endloop
 endfacet
 facet normal -0.11416 0.98389 -0.13759
  outer loop
   vertex -7.6678 33.9748 27.8790
   vertex -15.4929 33.7286 32.6115
   vertex -7.8133 34.6197 32.6115
  endloop
 endfacet
 facet normal -0.11526 0.99334 0.00000
  outer loop
   vertex -7.8133 34.6197 32.6115
   vertex -15.4929 33.7286 32.6115
   vertex -15.4929 33.7286 37.3885
  endloop
 endfacet
 facet normal -0.11526 0.99334 0.00000
  outer loop
   vertex -7.8133 34.6197 32.6115
   vertex -15.4929 33.7286 37.3885
   vertex -7.8133 34.6197 37.3885
  endloop
 endfacet
 facet normal -0.11416 0.98389 0.13759
  outer loop
   vertex -7.8133 34.6197 37.3885
   vertex -15.4929 33.7286 37.3885
   vertex -15.2043 33.1003 42.1210
  endloop
 endfacet
 facet normal -0.11416 0.98389 0.13759
  outer loop
   vertex -7.8133 34.6197 37.3885
   vertex -15.2043 33.1003 42.1210
   vertex -7.6678 33.9748 42.1210
  endloop
 endfacet
 facet normal -0.11090 0.95576 0.27245
  outer loop
   vertex -7.6678 33.9748 42.1210
   vertex -15.2043 33.1003 42.1210
   vertex -14.6325 31.8554 46.7208
  endloop
 endfacet
 facet normal -0.11090 0.95576 0.27245
  outer loop
   vertex -7.6678 33.9748 42.1210
   vertex -14.6325 31.8554 46.7208
   vertex -7.3794 32.6970 46.7208
  endloop
 endfacet
 facet normal -0.10554 0.90956 0.40195
  outer loop
   vertex -7.3794 32.6970 46.7208
   vertex -14.6325 31.8554 46.7208
   vertex -13.7881 30.0171 51.1023
  endloop
 endfacet
 facet normal -0.10554 0.90956 0.40195
  outer loop
   vertex -7.3794 32.6970 46.7208
   vertex -13.7881 30.0171 51.1023
   vertex -6.9535 30.8101 51.1023
  endloop
 endfacet
 facet normal -0.09820 0.84629 0.52360
  outer loop
   vertex -6.9535 30.8101 51.1023
   vertex -13.7881 30.0171 51.1023
   vertex -12.6868 27.6196 55.1838
  endloop
 endfacet
 facet normal -0.09820 0.84629 0.52360
  outer loop
   vertex -6.9535 30.8101 51.1023
   vertex -12.6868 27.6196 55.1838
   vertex -6.3982 28.3493 55.1838
  endloop
 endfacet
 facet normal -0.08903 0.76728 0.63510
  outer loop
   vertex -6.3982 28.3493 55.1838
   vertex -12.6868 27.6196 55.1838
   vertex -11.3493 24.7077 58.8894
  endloop
 endfacet
 facet normal -0.08903 0.76728 0.63510
  outer loop
   vertex -6.3982 28.3493 55.1838
   vertex -11.3493 24.7077 58.8894
   vertex -5.7236 25.3604 58.8894
  endloop
 endfacet
 facet normal -0.07823 0.67417 0.73442
  outer loop
   vertex -5.7236 25.3604 58.8894
   vertex -11.3493 24.7077 58.8894
   vertex -9.8003 21.3354 62.1499
  endloop
 endfacet
 facet normal -0.07823 0.67417 0.73442
  outer loop
   vertex -5.7236 25.3604 58.8894
   vertex -9.8003 21.3354 62.1499
   vertex -4.9424 21.8991 62.1499
  endloop
 endfacet
 facet normal -0.06600 0.56880 0.81983
  outer loop
   vertex -4.9424 21.8991 62.1499
   vertex -9.8003 21.3354 62.1499
   vertex -8.0687 17.5658 64.9047
  endloop
 endfacet
 facet normal -0.06600 0.56880 0.81983
  outer loop
   vertex -4.9424 21.8991 62.1499
   vertex -8.0687 17.5658 64.9047
   vertex -4.0692 18.0299 64.9047
  endloop
 endfacet
 facet normal -0.05259 0.45320 0.88986
  outer loop
   vertex -4.0692 18.0299 64.9047
   vertex -8.0687 17.5658 64.9047
   vertex -6.1868 13.4689 67.1024
  endloop
 endfacet
 facet normal -0.05259 0.45320 0.88986
  outer loop
   vertex -4.0692 18.0299 64.9047
   vertex -6.1868 13.4689 67.1024
   vertex -3.1201 13.8247 67.1024
  endloop
 endfacet
 facet normal -0.03824 0.32954 0.94337
  outer loop
   vertex -3.1201 13.8247 67.1024
   vertex -6.1868 13.4689 67.1024
   vertex -4.1897 9.1211 68.7021
  endloop
 endfacet
 facet normal -0.03824 0.32954 0.94337
  outer loop
   vertex -3.1201 13.8247 67.1024
   vertex -4.1897 9.1211 68.7021
   vertex -2.1129 9.3621 68.7021
  endloop
 endfacet
 facet normal -0.02321 0.20006 0.97951
  outer loop
   vertex -2.1129 9.3621 68.7021
   vertex -4.1897 9.1211 68.7021
   vertex -2.1146 4.6034 69.6740
  endloop
 endfacet
 facet normal -0.02321 0.20006 0.97951
  outer loop
   vertex -2.1129 9.3621 68.7021
   vertex -2.1146 4.6034 69.6740
   vertex -1.0664 4.7251 69.6740
  endloop
 endfacet
 facet normal -0.00778 0.06708 0.99772
  outer loop
   vertex -1.0664 4.7251 69.6740
   vertex -2.1146 4.6034 69.6740
   vertex -0.0000 0.0000 70.0000
  endloop
 endfacet
 facet normal 0.00000 0.00000 0.00000
  outer loop
   vertex -1.0664 4.7251 69.6740
   vertex -0.0000 0.0000 70.0000
   vertex -0.0000 0.0000 70.0000
  endloop
 endfacet
 facet normal 0.00000 0.00000 0.00000
  outer loop
   vertex -0.0000 0.0000 0.0000
   vertex -0.0000 0.0000 0.0000
   vertex -3.1265 4.4031 0.3260
  endloop
 endfacet
 facet normal -0.01283 0.06477 -0.99782
  outer loop
   vertex -0.0000 0.0000 0.0000
   vertex -3.1265 4.4031 0.3260
   vertex -2.1146 4.6034 0.3260
  endloop
 endfacet
 facet normal -0.03828 0.19333 -0.98039
  outer loop
   vertex -2.1146 4.6034 0.3260
   vertex -3.1265 4.4031 0.3260
   vertex -6.1948 8.7241 1.2979
  endloop
 endfacet
 facet normal -0.03828 0.19333 -0.98039
  outer loop
   vertex -2.1146 4.6034 0.3260
   vertex -6.1948 8.7241 1.2979
   vertex -4.1897 9.1211 1.2979
  endloop
 endfacet
 facet normal -0.06315 0.31894 -0.94567
  outer loop
   vertex -4.1897 9.1211 1.2979
   vertex -6.1948 8.7241 1.2979
   vertex -9.1477 12.8826 2.8976
  endloop
 endfacet
 facet normal -0.06315 0.31894 -0.94567
  outer loop
   vertex -4.1897 9.1211 1.2979
   vertex -9.1477 12.8826 2.8976
   vertex -6.1868 13.4689 2.8976
  endloop
 endfacet
 facet normal -0.08704 0.43958 -0.89398
  outer loop
   vertex -6.1868 13.4689 2.8976
   vertex -9.1477 12.8826 2.8976
   vertex -11.9302 16.8012 5.0953
  endloop
 endfacet
 facet normal -0.08704 0.43958 -0.89398
  outer loop
   vertex -6.1868 13.4689 2.8976
   vertex -11.9302 16.8012 5.0953
   vertex -8.0687 17.5658 5.0953
  endloop
 endfacet
 facet normal -0.10954 0.55318 -0.82583
  outer loop
   vertex -8.0687 17.5658 5.0953
   vertex -11.9302 16.8012 5.0953
   vertex -14.4904 20.4067 7.8501
  endloop
 endfacet
 facet normal -0.10954 0.55318 -0.82583
  outer loop
   vertex -8.0687 17.5658 5.0953
   vertex -14.4904 20.4067 7.8501
   vertex -9.8003 21.3354 7.8501
  endloop
 endfacet
 facet normal -0.13022 0.65762 -0.74201
  outer loop
   vertex -9.8003 21.3354 7.8501
   vertex -14.4904 20.4067 7.8501
   vertex -16.7807 23.6322 11.1106
  endloop
 endfacet
 facet normal -0.13022 0.65762 -0.74201
  outer loop
   vertex -9.8003 21.3354 7.8501
   vertex -16.7807 23.6322 11.1106
   vertex -11.3493 24.7077 11.1106
  endloop
 endfacet
 facet normal -0.14866 0.75076 -0.64363
  outer loop
   vertex -11.3493 24.7077 11.1106
   vertex -16.7807 23.6322 11.1106
   vertex -18.7585 26.4174 14.8162
  endloop
 endfacet
 facet normal -0.14866 0.75076 -0.64363
  outer loop
   vertex -11.3493 24.7077 11.1106
   vertex -18.7585 26.4174 14.8162
   vertex -12.6868 27.6196 14.8162
  endloop
 endfacet
 facet normal -0.16445 0.83049 -0.53220
  outer loop
   vertex -12.6868 27.6196 14.8162
   vertex -18.7585 26.4174 14.8162
   vertex -20.3867 28.7105 18.8977
  endloop
 endfacet
 facet normal -0.16445 0.83049 -0.53220
  outer loop
   vertex -12.6868 27.6196 14.8162
   vertex -20.3867 28.7105 18.8977
   vertex -13.7881 30.0171 18.8977
  endloop
 endfacet
 facet normal -0.17720 0.89489 -0.40961
  outer loop
   vertex -13.7881 30.0171 18.8977
   vertex -20.3867 28.7105 18.8977
   vertex -21.6353 30.4687 23.2792
  endloop
 endfacet
 facet normal -0.17720 0.89489 -0.40961
  outer loop
   vertex -13.7881 30.0171 18.8977
   vertex -21.6353 30.4687 23.2792
   vertex -14.6325 31.8554 23.2792
  endloop
 endfacet
 facet normal -0.18658 0.94223 -0.27820
  outer loop
   vertex -14.6325 31.8554 23.2792
   vertex -21.6353 30.4687 23.2792
   vertex -22.4808 31.6595 27.8790
  endloop
 endfacet
 facet normal -0.18658 0.94223 -0.27820
  outer loop
   vertex -14.6325 31.8554 23.2792
   vertex -22.4808 31.6595 27.8790
   vertex -15.2043 33.1003 27.8790
  endloop
 endfacet
 facet normal -0.19231 0.97120 -0.14067
  outer loop
   vertex -15.2043 33.1003 27.8790
   vertex -22.4808 31.6595 27.8790
   vertex -22.9075 32.2604 32.6115
  endloop
 endfacet
 facet normal -0.19231 0.97120 -0.14067
  outer loop
   vertex -15.2043 33.1003 27.8790
   vertex -22.9075 32.2604 32.6115
   vertex -15.4929 33.7286 32.6115
  endloop
 endfacet
 facet normal -0.19424 0.98095 0.00000
  outer loop
   vertex -15.4929 33.7286 32.6115
   vertex -22.9075 32.2604 32.6115
   vertex -22.9075 32.2604 37.3885
  endloop
 endfacet
 facet normal -0.19424 0.98095 0.00000
  outer loop
   vertex -15.4929 33.7286 32.6115
   vertex -22.9075 32.2604 37.3885
   vertex -15.4929 33.7286 37.3885
  endloop
 endfacet
 facet normal -0.19231 0.97120 0.14067
  outer loop
   vertex -15.4929 33.7286 37.3885
   vertex -22.9075 32.2604 37.3885
   vertex -22.4808 31.6595 42.1210
  endloop
 endfacet
 facet normal -0.19231 0.97120 0.14067
  outer loop
   vertex -15.4929 33.7286 37.3885
   vertex -22.4808 31.6595 42.1210
   vertex -15.2043 33.1003 42.1210
  endloop
 endfacet
 facet normal -0.18658 0.94223 0.27820
  outer loop
   vertex -15.2043 33.1003 42.1210
   vertex -22.4808 31.6595 42.1210
   vertex -21.6353 30.4687 46.7208
  endloop
 endfacet
 facet normal -0.18658 0.94223 0.27820
  outer loop
   vertex -15.2043 33.1003 42.1210
   vertex -21.6353 30.4687 46.7208
   vertex -14.6325 31.8554 46.7208
  endloop
 endfacet
 facet normal -0.17720 0.89489 0.40961
  outer loop
   vertex -14.6325 31.8554 46.7208
   vertex -21.6353 30.4687 46.7208
   vertex -20.3867 28.7105 51.1023
  endloop
 endfacet
 facet normal -0.17720 0.89489 0.40961
  outer loop
   vertex -14.6325 31.8554 46.7208
   vertex -20.3867 28.7105 51.1023
   vertex -13.7881 30.0171 51.1023
  endloop
 endfacet
 facet normal -0.16445 0.83049 0.53220
  outer loop
   vertex -13.7881 30.0171 51.1023
   vertex -20.3867 28.7105 51.1023
   vertex -18.7585 26.4174 55.1838
  endloop
 endfacet
 facet normal -0.16445 0.83049 0.53220
  outer loop
   vertex -13.7881 30.0171 51.1023
   vertex -18.7585 26.4174 55.1838
   vertex -12.6868 27.6196 55.1838
  endloop
 endfacet
 facet normal -0.14866 0.75076 0.64363
  outer loop
   vertex -12.6868 27.6196 55.1838
   vertex -18.7585 26.4174 55.1838
   vertex -16.7807 23.6322 58.8894
  endloop
 endfacet
 facet normal -0.14866 0.75076 0.64363
  outer loop
   vertex -12.6868 27.6196 55.1838
   vertex -16.7807 23.6322 58.8894
   vertex -11.3493 24.7077 58.8894
  endloop
 endfacet
 facet normal -0.13022 0.65762 0.74201
  outer loop
   vertex -11.3493 24.7077 58.8894
   vertex -16.7807 23.6322 58.8894
   vertex -14.4904 20.4067 62.1499
  endloop
 endfacet
 facet normal -0.13022 0.65762 0.74201
  outer loop
   vertex -11.3493 24.7077 58.8894
   vertex -14.4904 20.4067 62.1499
   vertex -9.8003 21.3354 62.1499
  endloop
 endfacet
 facet normal -0.10954 0.55318 0.82583
  outer loop
   vertex -9.8003 21.3354 62.1499
   vertex -14.4904 20.4067 62.1499
   vertex -11.9302 16.8012 64.9047
  endloop
 endfacet
 facet normal -0.10954 0.55318 0.82583
  outer loop
   vertex -9.8003 21.3354 62.1499
   vertex -11.9302 16.8012 64.9047
   vertex -8.0687 17.5658 64.9047
  endloop
 endfacet
 facet normal -0.08704 0.43958 0.89398
  outer loop
   vertex -8.0687 17.5658 64.9047
   vertex -11.9302 16.8012 64.9047
   vertex -9.1477 12.8826 67.1024
  endloop
 endfacet
 facet normal -0.08704 0.43958 0.89398
  outer loop
   vertex -8.0687 17.5658 64.9047
   vertex -9.1477 12.8826 67.1024
   vertex -6.1868 13.4689 67.1024
  endloop
 endfacet
 facet normal -0.06315 0.31894 0.94567
  outer loop
   vertex -6.1868 13.4689 67.1024
   vertex -9.1477 12.8826 67.1024
   vertex -6.1948 8.7241 68.7021
  endloop
 endfacet
 facet normal -0.06315 0.31894 0.94567
  outer loop
   vertex -6.1868 13.4689 67.1024
   vertex -6.1948 8.7241 68.7021
   vertex -4.1897 9.1211 68.7021
  endloop
 endfacet
 facet normal -0.03828 0.19333 0.98039
  outer loop
   vertex -4.1897 9.1211 68.7021
   vertex -6.1948 8.7241 68.7021
   vertex -3.1265 4.4031 69.6740
  endloop
 endfacet
 facet normal -0.03828 0.19333 0.98039
  outer loop
   vertex -4.1897 9.1211 68.7021
   vertex -3.1265 4.4031 69.6740
   vertex -2.1146 4.6034 69.6740
  endloop
 endfacet
 facet normal -0.01283 0.06477 0.99782
  outer loop
   vertex -2.1146 4.6034 69.6740
   vertex -3.1265 4.4031 69.6740
   vertex -0.0000 0.0000 70.0000
  endloop
 endfacet
 facet normal 0.00000 0.00000 0.00000
  outer loop
   vertex -2.1146 4.6034 69.6740
   vertex -0.0000 0.0000 70.0000
   vertex -0.0000 0.0000 70.0000
  endloop
 endfacet
 facet normal 0.00000 0.00000 0.00000
  outer loop
   vertex -0.0000 0.0000 0.0000
   vertex -0.0000 0.0000 0.0000
   vertex -4.0850 4.1273 0.3260
  endloop
 endfacet
 facet normal -0.01765 0.06135 -0.99796
  outer loop
   vertex -0.0000 0.0000 0.0000
   vertex -4.0850 4.1273 0.3260
   vertex -3.1265 4.4031 0.3260
  endloop
 endfacet
 facet normal -0.05274 0.18334 -0.98163
  outer loop
   vertex -3.1265 4.4031 0.3260
   vertex -4.0850 4.1273 0.3260
   vertex -8.0939 8.1778 1.2979
  endloop
 endfacet
 facet normal -0.05274 0.18334 -0.98163
  outer loop
   vertex -3.1265 4.4031 0.3260
   vertex -8.0939 8.1778 1.2979
   vertex -6.1948 8.7241 1.2979
  endloop
 endfacet
 facet normal -0.08720 0.30313 -0.94895
  outer loop
   vertex -6.1948 8.7241 1.2979
   vertex -8.0939 8.1778 1.2979
   vertex -11.9520 12.0759 2.8976
  endloop
 endfacet
 facet normal -0.08720 0.30313 -0.94895
  outer loop
   vertex -6.1948 8.7241 1.2979
   vertex -11.9520 12.0759 2.8976
   vertex -9.1477 12.8826 2.8976
  endloop
 endfacet
 facet normal -0.12056 0.41910 -0.89990
  outer loop
   vertex -9.1477 12.8826 2.8976
   vertex -11.9520 12.0759 2.8976
   vertex -15.5875 15.7491 5.0953
  endloop
 endfacet
 facet normal -0.12056 0.41910 -0.89990
  outer loop
   vertex -9.1477 12.8826 2.8976
   vertex -15.5875 15.7491 5.0953
   vertex -11.9302 16.8012 5.0953
  endloop
 endfacet
 facet normal -0.15231 0.52947 -0.83454
  outer loop
   vertex -11.9302 16.8012 5.0953
   vertex -15.5875 15.7491 5.0953
   vertex -18.9326 19.1288 7.8501
  endloop
 endfacet
 facet normal -0.15231 0.52947 -0.83454
  outer loop
   vertex -11.9302 16.8012 5.0953
   vertex -18.9326 19.1288 7.8501
   vertex -14.4904 20.4067 7.8501
  endloop
 endfacet
 facet normal -0.18187 0.63221 -0.75315
  outer loop
   vertex -14.4904 20.4067 7.8501
   vertex -18.9326 19.1288 7.8501
   vertex -21.9251 22.1523 11.1106
  endloop
 endfacet
 facet normal -0.18187 0.63221 -0.75315
  outer loop
   vertex -14.4904 20.4067 7.8501
   vertex -21.9251 22.1523 11.1106
   vertex -16.7807 23.6322 11.1106
  endloop
 endfacet
 facet normal -0.20858 0.72508 -0.65632
  outer loop
   vertex -16.7807 23.6322 11.1106
   vertex -21.9251 22.1523 11.1106
   vertex -24.5091 24.7631 14.8162
  endloop
 endfacet
 facet normal -0.20858 0.72508 -0.65632
  outer loop
   vertex -16.7807 23.6322 11.1106
   vertex -24.5091 24.7631 14.8162
   vertex -18.7585 26.4174 14.8162
  endloop
 endfacet
 facet normal -0.23177 0.80569 -0.54512
  outer loop
   vertex -18.7585 26.4174 14.8162
   vertex -24.5091 24.7631 14.8162
   vertex -26.6366 26.9126 18.8977
  endloop
 endfacet
 facet normal -0.23177 0.80569 -0.54512
  outer loop
   vertex -18.7585 26.4174 14.8162
   vertex -26.6366 26.9126 18.8977
   vertex -20.3867 28.7105 18.8977
  endloop
 endfacet
 facet normal -0.25073 0.87161 -0.42122
  outer loop
   vertex -20.3867 28.7105 18.8977
   vertex -26.6366 26.9126 18.8977
   vertex -28.2678 28.5608 23.2792
  endloop
 endfacet
 facet normal -0.25073 0.87161 -0.42122
  outer loop
   vertex -20.3867 28.7105 18.8977
   vertex -28.2678 28.5608 23.2792
   vertex -21.6353 30.4687 23.2792
  endloop
 endfacet
 facet normal -0.26483 0.92060 -0.28698
  outer loop
   vertex -21.6353 30.4687 23.2792
   vertex -28.2678 28.5608 23.2792
   vertex -29.3725 29.6769 27.8790
  endloop
 endfacet
 facet normal -0.26483 0.92060 -0.28698
  outer loop
   vertex -21.6353 30.4687 23.2792
   vertex -29.3725 29.6769 27.8790
   vertex -22.4808 31.6595 27.8790
  endloop
 endfacet
 facet normal -0.27352 0.95081 -0.14540
  outer loop
   vertex -22.4808 31.6595 27.8790
   vertex -29.3725 29.6769 27.8790
   vertex -29.9301 30.2402 32.6115
  endloop
 endfacet
 facet normal -0.27352 0.95081 -0.14540
  outer loop
   vertex -22.4808 31.6595 27.8790
   vertex -29.9301 30.2402 32.6115
   vertex -22.9075 32.2604 32.6115
  endloop
 endfacet
 facet normal -0.27646 0.96103 0.00000
  outer loop
   vertex -22.9075 32.2604 32.6115
   vertex -29.9301 30.2402 32.6115
   vertex -29.9301 30.2402 37.3885
  endloop
 endfacet
 facet normal -0.27646 0.96103 0.00000
  outer loop
   vertex -22.9075 32.2604 32.6115
   vertex -29.9301 30.2402 37.3885
   vertex -22.9075 32.2604 37.3885
  endloop
 endfacet
 facet normal -0.27352 0.95081 0.14540
  outer loop
   vertex -22.9075 32.2604 37.3885
   vertex -29.9301 30.2402 37.3885
   vertex -29.3725 29.6769 42.1210
  endloop
 endfacet
 facet normal -0.27352 0.95081 0.14540
  outer loop
   vertex -22.9075 32.2604 37.3885
   vertex -29.3725 29.6769 42.1210
   vertex -22.4808 31.6595 42.1210
  endloop
 endfacet
 facet normal -0.26483 0.92060 0.28698
  outer loop
   vertex -22.4808 31.6595 42.1210
   vertex -29.3725 29.6769 42.1210
   vertex -28.2678 28.5608 46.7208
  endloop
 endfacet
 facet normal -0.26483 0.92060 0.28698
  outer loop
   vertex -22.4808 31.6595 42.1210
   vertex -28.2678 28.5608 46.7208
   vertex -21.6353 30.4687 46.7208
  endloop
 endfacet
 facet normal -0.25073 0.87161 0.42122
  outer loop
   vertex -21.6353 30.4687 46.7208
   vertex -28.2678 28.5608 46.7208
   vertex -26.6366 26.9126 51.1023
  endloop
 endfacet
 facet normal -0.25073 0.87161 0.42122
  outer loop
   vertex -21.6353 30.4687 46.7208
   vertex -26.6366 26.9126 51.1023
   vertex -20.3867 28.7105 51.1023
  endloop
 endfacet
 facet normal -0.23177 0.80569 0.54512
  outer loop
   vertex -20.3867 28.7105 51.1023
   vertex -26.6366 26.9126 51.1023
   vertex -24.5091 24.7631 55.1838
  endloop
 endfacet
 facet normal -0.23177 0.80569 0.54512
  outer loop
   vertex -20.3867 28.7105 51.1023
   vertex -24.5091 24.7631 55.1838
   vertex -18.7585 26.4174 55.1838
  endloop
 endfacet
 facet normal -0.20858 0.72508 0.65632
  outer loop
   vertex -18.7585 26.4174 55.1838
   vertex -24.5091 24.7631 55.1838
   vertex -21.9251 22.1523 58.8894
  endloop
 endfacet
 facet normal -0.20858 0.72508 0.65632
  outer loop
   vertex -18.7585 26.4174 55.1838
   vertex -21.9251 22.1523 58.8894
   vertex -16.7807 23.6322 58.8894
  endloop
 endfacet
 facet normal -0.18187 0.63221 0.75315
  outer loop
   vertex -16.7807 23.6322 58.8894
   vertex -21.9251 22.1523 58.8894
   vertex -18.9326 19.1288 62.1499
  endloop
 endfacet
 facet normal -0.18187 0.63221 0.75315
  outer loop
   vertex -16.7807 23.6322 58.8894
   vertex -18.9326 19.1288 62.1499
   vertex -14.4904 20.4067 62.1499
  endloop
 endfacet
 facet normal -0.15231 0.52947 0.83454
  outer loop
   vertex -14.4904 20.4067 62.1499
   vertex -18.9326 19.1288 62.1499
   vertex -15.5875 15.7491 64.9047
  endloop
 endfacet
 facet normal -0.15231 0.52947 0.83454
  outer loop
   vertex -14.4904 20.4067 62.1499
   vertex -15.5875 15.7491 64.9047
   vertex -11.9302 16.8012 64.9047
  endloop
 endfacet
 facet normal -0.12056 0.41910 0.89990
  outer loop
   vertex -11.9302 16.8012 64.9047
   vertex -15.5875 15.7491 64.9047
   vertex -11.9520 12.0759 67.1024
  endloop
 endfacet
 facet normal -0.12056 0.41910 0.89990
  outer loop
   vertex -11.9302 16.8012 64.9047
   vertex -11.9520 12.0759 67.1024
   vertex -9.1477 12.8826 67.1024
  endloop
 endfacet
 facet normal -0.08720 0.30313 0.94895
  outer loop
   vertex -9.1477 12.8826 67.1024
   vertex -11.9520 12.0759 67.1024
   vertex -8.0939 8.1778 68.7021
  endloop
 endfacet
 facet normal -0.08720 0.30313 0.94895
  outer loop
   vertex -9.1477 12.8826 67.1024
   vertex -8.0939 8.1778 68.7021
   vertex -6.1948 8.7241 68.7021
  endloop
 endfacet
 facet normal -0.05274 0.18334 0.98163
  outer loop
   vertex -6.1948 8.7241 68.7021
   vertex -8.0939 8.1778 68.7021
   vertex -4.0850 4.1273 69.6740
  endloop
 endfacet
 facet normal -0.05274 0.18334 0.98163
  outer loop
   vertex -6.1948 8.7241 68.7021
   vertex -4.0850 4.1273 69.6740
   vertex -3.1265 4.4031 69.6740
  endloop
 endfacet
 facet normal -0.01765 0.06135 0.99796
  outer loop
   vertex -3.1265 4.4031 69.6740
   vertex -4.0850 4.1273 69.6740
   vertex -0.0000 0.0000 70.0000
  endloop
 endfacet
 facet normal 0.00000 0.00000 0.00000
  outer loop
   vertex -3.1265 4.4031 69.6740
   vertex -0.0000 0.0000 70.0000
   vertex -0.0000 0.0000 70.0000
  endloop
 endfacet
 facet normal 0.00000 0.00000 0.00000
  outer loop
   vertex -0.0000 0.0000 0.0000
   vertex -0.0000 0.0000 0.0000
   vertex -4.9736 3.7810 0.3260
  endloop
 endfacet
 facet normal -0.02217 0.05689 -0.99813
  outer loop
   vertex -0.0000 0.0000 0.0000
   vertex -4.9736 3.7810 0.3260
   vertex -4.0850 4.1273 0.3260
  endloop
 endfacet
 facet normal -0.06635 0.17024 -0.98317
  outer loop
   vertex -4.0850 4.1273 0.3260
   vertex -4.9736 3.7810 0.3260
   vertex -9.8545 7.4915 1.2979
  endloop
 endfacet
 facet normal -0.06635 0.17024 -0.98317
  outer loop
   vertex -4.0850 4.1273 0.3260
   vertex -9.8545 7.4915 1.2979
   vertex -8.0939 8.1778 1.2979
  endloop
 endfacet
 facet normal -0.11000 0.28223 -0.95302
  outer loop
   vertex -8.0939 8.1778 1.2979
   vertex -9.8545 7.4915 1.2979
   vertex -14.5519 11.0625 2.8976
  endloop
 endfacet
 facet normal -0.11000 0.28223 -0.95302
  outer loop
   vertex -8.0939 8.1778 1.2979
   vertex -14.5519 11.0625 2.8976
   vertex -11.9520 12.0759 2.8976
  endloop
 endfacet
 facet normal -0.15269 0.39174 -0.90732
  outer loop
   vertex -11.9520 12.0759 2.8976
   vertex -14.5519 11.0625 2.8976
   vertex -18.9782 14.4275 5.0953
  endloop
 endfacet
 facet normal -0.15269 0.39174 -0.90732
  outer loop
   vertex -11.9520 12.0759 2.8976
   vertex -18.9782 14.4275 5.0953
   vertex -15.5875 15.7491 5.0953
  endloop
 endfacet
 facet normal -0.19386 0.49736 -0.84561
  outer loop
   vertex -15.5875 15.7491 5.0953
   vertex -18.9782 14.4275 5.0953
   vertex -23.0509 17.5237 7.8501
  endloop
 endfacet
 facet normal -0.19386 0.49736 -0.84561
  outer loop
   vertex -15.5875 15.7491 5.0953
   vertex -23.0509 17.5237 7.8501
   vertex -18.9326 19.1288 7.8501
  endloop
 endfacet
 facet normal -0.23280 0.59728 -0.76751
  outer loop
   vertex -18.9326 19.1288 7.8501
   vertex -23.0509 17.5237 7.8501
   vertex -26.6943 20.2934 11.1106
  endloop
 endfacet
 facet normal -0.23280 0.59728 -0.76751
  outer loop
   vertex -18.9326 19.1288 7.8501
   vertex -26.6943 20.2934 11.1106
   vertex -21.9251 22.1523 11.1106
  endloop
 endfacet
 facet normal -0.26863 0.68921 -0.67292
  outer loop
   vertex -21.9251 22.1523 11.1106
   vertex -26.6943 20.2934 11.1106
   vertex -29.8404 22.6851 14.8162
  endloop
 endfacet
 facet normal -0.26863 0.68921 -0.67292
  outer loop
   vertex -21.9251 22.1523 11.1106
   vertex -29.8404 22.6851 14.8162
   vertex -24.5091 24.7631 14.8162
  endloop
 endfacet
 facet normal -0.30031 0.77048 -0.56230
  outer loop
   vertex -24.5091 24.7631 14.8162
   vertex -29.8404 22.6851 14.8162
   vertex -32.4306 24.6542 18.8977
  endloop
 endfacet
 facet normal -0.30031 0.77048 -0.56230
  outer loop
   vertex -24.5091 24.7631 14.8162
   vertex -32.4306 24.6542 18.8977
   vertex -26.6366 26.9126 18.8977
  endloop
 endfacet
 facet normal -0.32667 0.83810 -0.43689
  outer loop
   vertex -26.6366 26.9126 18.8977
   vertex -32.4306 24.6542 18.8977
   vertex -34.4167 26.1641 23.2792
  endloop
 endfacet
 facet normal -0.32667 0.83810 -0.43689
  outer loop
   vertex -26.6366 26.9126 18.8977
   vertex -34.4167 26.1641 23.2792
   vertex -28.2678 28.5608 23.2792
  endloop
 endfacet
 facet normal -0.34655 0.88911 -0.29897
  outer loop
   vertex -28.2678 28.5608 23.2792
   vertex -34.4167 26.1641 23.2792
   vertex -35.7617 27.1866 27.8790
  endloop
 endfacet
 facet normal -0.34655 0.88911 -0.29897
  outer loop
   vertex -28.2678 28.5608 23.2792
   vertex -35.7617 27.1866 27.8790
   vertex -29.3725 29.6769 27.8790
  endloop
 endfacet
 facet normal -0.35895 0.92091 -0.15191
  outer loop
   vertex -29.3725 29.6769 27.8790
   vertex -35.7617 27.1866 27.8790
   vertex -36.4405 27.7026 32.6115
  endloop
 endfacet
 facet normal -0.35895 0.92091 -0.15191
  outer loop
   vertex -29.3725 29.6769 27.8790
   vertex -36.4405 27.7026 32.6115
   vertex -29.9301 30.2402 32.6115
  endloop
 endfacet
 facet normal -0.36316 0.93173 0.00000
  outer loop
   vertex -29.9301 30.2402 32.6115
   vertex -36.4405 27.7026 32.6115
   vertex -36.4405 27.7026 37.3885
  endloop
 endfacet
 facet normal -0.36316 0.93173 0.00000
  outer loop
   vertex -29.9301 30.2402 32.6115
   vertex -36.4405 27.7026 37.3885
   vertex -29.9301 30.2402 37.3885
  endloop
 endfacet
 facet normal -0.35895 0.92091 0.15191
  outer loop
   vertex -29.9301 30.2402 37.3885
   vertex -36.4405 27.7026 37.3885
   vertex -35.7617 27.1866 42.1210
  endloop
 endfacet
 facet normal -0.35895 0.92091 0.15191
  outer loop
   vertex -29.9301 30.2402 37.3885
   vertex -35.7617 27.1866 42.1210
   vertex -29.3725 29.6769 42.1210
  endloop
 endfacet
 facet normal -0.34655 0.88911 0.29897
  outer loop
   vertex -29.3725 29.6769 42.1210
   vertex -35.7617 27.1866 42.1210
   vertex -34.4167 26.1641 46.7208
  endloop
 endfacet
 facet normal -0.34655 0.88911 0.29897
  outer loop
   vertex -29.3725 29.6769 42.1210
   vertex -34.4167 26.1641 46.7208
   vertex -28.2678 28.5608 46.7208
  endloop
 endfacet
 facet normal -0.32667 0.83810 0.43689
  outer loop
   vertex -28.2678 28.5608 46.7208
   vertex -34.4167 26.1641 46.7208
   vertex -32.4306 24.6542 51.1023
  endloop
 endfacet
 facet normal -0.32667 0.83810 0.43689
  outer loop
   vertex -28.2678 28.5608 46.7208
   vertex -32.4306 24.6542 51.1023
   vertex -26.6366 26.9126 51.1023
  endloop
 endfacet
 facet normal -0.30031 0.77048 0.56230
  outer loop
   vertex -26.6366 26.9126 51.1023
   vertex -32.4306 24.6542 51.1023
   vertex -29.8404 22.6851 55.1838
  endloop
 endfacet
 facet normal -0.30031 0.77048 0.56230
  outer loop
   vertex -26.6366 26.9126 51.1023
   vertex -29.8404 22.6851 55.1838
   vertex -24.5091 24.7631 55.1838
  endloop
 endfacet
 facet normal -0.26863 0.68921 0.67292
  outer loop
   vertex -24.5091 24.7631 55.1838
   vertex -29.8404 22.6851 55.1838
   vertex -26.6943 20.2934 58.8894
  endloop
 endfacet
 facet normal -0.26863 0.68921 0.67292
  outer loop
   vertex -24.5091 24.7631 55.1838
   vertex -26.6943 20.2934 58.8894
   vertex -21.9251 22.1523 58.8894
  endloop
 endfacet
 facet normal -0.23280 0.59728 0.76751
  outer loop
   vertex -21.9251 22.1523 58.8894
   vertex -26.6943 20.2934 58.8894
   vertex -23.0509 17.5237 62.1499
  endloop
 endfacet
 facet normal -0.23280 0.59728 0.76751
  outer loop
   vertex -21.9251 22.1523 58.8894
   vertex -23.0509 17.5237 62.1499
   vertex -18.9326 19.1288 62.1499
  endloop
 endfacet
 facet normal -0.19386 0.49736 0.84561
  outer loop
   vertex -18.9326 19.1288 62.1499
   vertex -23.0509 17.5237 62.1499
   vertex -18.9782 14.4275 64.9047
  endloop
 endfacet
 facet normal -0.19386 0.49736 0.84561
  outer loop
   vertex -18.9326 19.1288 62.1499
   vertex -18.9782 14.4275 64.9047
   vertex -15.5875 15.7491 64.9047
  endloop
 endfacet
 facet normal -0.15269 0.39174 0.90732
  outer loop
   vertex -15.5875 15.7491 64.9047
   vertex -18.9782 14.4275 64.9047
   vertex -14.5519 11.0625 67.1024
  endloop
 endfacet
 facet normal -0.15269 0.39174 0.90732
  outer loop
   vertex -15.5875 15.7491 64.9047
   vertex -14.5519 11.0625 67.1024
   vertex -11.9520 12.0759 67.1024
  endloop
 endfacet
 facet normal -0.11000 0.28223 0.95302
  outer loop
   vertex -11.9520 12.0759 67.1024
   vertex -14.5519 11.0625 67.1024
   vertex -9.8545 7.4915 68.7021
  endloop
 endfacet
 facet normal -0.11000 0.28223 0.95302
  outer loop
   vertex -11.9520 12.0759 67.1024
   vertex -9.8545 7.4915 68.7021
   vertex -8.0939 8.1778 68.7021
  endloop
 endfacet
 facet normal -0.06635 0.17024 0.98317
  outer loop
   vertex -8.0939 8.1778 68.7021
   vertex -9.8545 7.4915 68.7021
   vertex -4.9736 3.7810 69.6740
  endloop
 endfacet
 facet normal -0.06635 0.17024 0.98317
  outer loop
   vertex -8.0939 8.1778 68.7021
   vertex -4.9736 3.7810 69.6740
   vertex -4.0850 4.1273 69.6740
  endloop
 endfacet
 facet normal -0.02217 0.05689 0.99813
  outer loop
   vertex -4.0850 4.1273 69.6740
   vertex -4.9736 3.7810 69.6740
   vertex -0.0000 0.0000 70.0000
  endloop
 endfacet
 facet normal 0.00000 0.00000 0.00000
  outer loop
   vertex -4.0850 4.1273 69.6740
   vertex -0.0000 0.0000 70.0000
   vertex -0.0000 0.0000 70.0000
  endloop
 endfacet
 facet normal 0.00000 0.00000 0.00000
  outer loop
   vertex -0.0000 0.0000 0.0000
   vertex -0.0000 0.0000 0.0000
   vertex -5.7771 3.3700 0.3260
  endloop
 endfacet
 facet normal -0.02632 0.05145 -0.99833
  outer loop
   vertex -0.0000 0.0000 0.0000
   vertex -5.7771 3.3700 0.3260
   vertex -4.9736 3.7810 0.3260
  endloop
 endfacet
 facet normal -0.07889 0.15420 -0.98489
  outer loop
   vertex -4.9736 3.7810 0.3260
   vertex -5.7771 3.3700 0.3260
   vertex -11.4465 6.6771 1.2979
  endloop
 endfacet
 facet normal -0.07889 0.15420 -0.98489
  outer loop
   vertex -4.9736 3.7810 0.3260
   vertex -11.4465 6.6771 1.2979
   vertex -9.8545 7.4915 1.2979
  endloop
 endfacet
 facet normal -0.13118 0.25643 -0.95762
  outer loop
   vertex -9.8545 7.4915 1.2979
   vertex -11.4465 6.6771 1.2979
   vertex -16.9027 9.8599 2.8976
  endloop
 endfacet
 facet normal -0.13118 0.25643 -0.95762
  outer loop
   vertex -9.8545 7.4915 1.2979
   vertex -16.9027 9.8599 2.8976
   vertex -14.5519 11.0625 2.8976
  endloop
 endfacet
 facet normal -0.18291 0.35754 -0.91581
  outer loop
   vertex -14.5519 11.0625 2.8976
   vertex -16.9027 9.8599 2.8976
   vertex -22.0441 12.8590 5.0953
  endloop
 endfacet
 facet normal -0.18291 0.35754 -0.91581
  outer loop
   vertex -14.5519 11.0625 2.8976
   vertex -22.0441 12.8590 5.0953
   vertex -18.9782 14.4275 5.0953
  endloop
 endfacet
 facet normal -0.23357 0.45658 -0.85848
  outer loop
   vertex -18.9782 14.4275 5.0953
   vertex -22.0441 12.8590 5.0953
   vertex -26.7748 15.6186 7.8501
  endloop
 endfacet
 facet normal -0.23357 0.45658 -0.85848
  outer loop
   vertex -18.9782 14.4275 5.0953
   vertex -26.7748 15.6186 7.8501
   vertex -23.0509 17.5237 7.8501
  endloop
 endfacet
 facet normal -0.28241 0.55205 -0.78453
  outer loop
   vertex -23.0509 17.5237 7.8501
   vertex -26.7748 15.6186 7.8501
   vertex -31.0067 18.0873 11.1106
  endloop
 endfacet
 facet normal -0.28241 0.55205 -0.78453
  outer loop
   vertex -23.0509 17.5237 7.8501
   vertex -31.0067 18.0873 11.1106
   vertex -26.6943 20.2934 11.1106
  endloop
 endfacet
 facet normal -0.32833 0.64181 -0.69302
  outer loop
   vertex -26.6943 20.2934 11.1106
   vertex -31.0067 18.0873 11.1106
   vertex -34.6611 20.2190 14.8162
  endloop
 endfacet
 facet normal -0.32833 0.64181 -0.69302
  outer loop
   vertex -26.6943 20.2934 11.1106
   vertex -34.6611 20.2190 14.8162
   vertex -29.8404 22.6851 14.8162
  endloop
 endfacet
 facet normal -0.36986 0.72298 -0.58352
  outer loop
   vertex -29.8404 22.6851 14.8162
   vertex -34.6611 20.2190 14.8162
   vertex -37.6698 21.9740 18.8977
  endloop
 endfacet
 facet normal -0.36986 0.72298 -0.58352
  outer loop
   vertex -29.8404 22.6851 14.8162
   vertex -37.6698 21.9740 18.8977
   vertex -32.4306 24.6542 18.8977
  endloop
 endfacet
 facet normal -0.40519 0.79204 -0.45661
  outer loop
   vertex -32.4306 24.6542 18.8977
   vertex -37.6698 21.9740 18.8977
   vertex -39.9767 23.3198 23.2792
  endloop
 endfacet
 facet normal -0.40519 0.79204 -0.45661
  outer loop
   vertex -32.4306 24.6542 18.8977
   vertex -39.9767 23.3198 23.2792
   vertex -34.4167 26.1641 23.2792
  endloop
 endfacet
 facet normal -0.43236 0.84516 -0.31429
  outer loop
   vertex -34.4167 26.1641 23.2792
   vertex -39.9767 23.3198 23.2792
   vertex -41.5390 24.2311 27.8790
  endloop
 endfacet
 facet normal -0.43236 0.84516 -0.31429
  outer loop
   vertex -34.4167 26.1641 23.2792
   vertex -41.5390 24.2311 27.8790
   vertex -35.7617 27.1866 27.8790
  endloop
 endfacet
 facet normal -0.44954 0.87876 -0.16030
  outer loop
   vertex -35.7617 27.1866 27.8790
   vertex -41.5390 24.2311 27.8790
   vertex -42.3275 24.6910 32.6115
  endloop
 endfacet
 facet normal -0.44954 0.87876 -0.16030
  outer loop
   vertex -35.7617 27.1866 27.8790
   vertex -42.3275 24.6910 32.6115
   vertex -36.4405 27.7026 32.6115
  endloop
 endfacet
 facet normal -0.45543 0.89027 0.00000
  outer loop
   vertex -36.4405 27.7026 32.6115
   vertex -42.3275 24.6910 32.6115
   vertex -42.3275 24.6910 37.3885
  endloop
 endfacet
 facet normal -0.45543 0.89027 0.00000
  outer loop
   vertex -36.4405 27.7026 32.6115
   vertex -42.3275 24.6910 37.3885
   vertex -36.4405 27.7026 37.3885
  endloop
 endfacet
 facet normal -0.44954 0.87876 0.16030
  outer loop
   vertex -36.4405 27.7026 37.3885
   vertex -42.3275 24.6910 37.3885
   vertex -41.5390 24.2311 42.1210
  endloop
 endfacet
 facet normal -0.44954 0.87876 0.16030
  outer loop
   vertex -36.4405 27.7026 37.3885
   vertex -41.5390 24.2311 42.1210
   vertex -35.7617 27.1866 42.1210
  endloop
 endfacet
 facet normal -0.43236 0.84516 0.31429
  outer loop
   vertex -35.7617 27.1866 42.1210
   vertex -41.5390 24.2311 42.1210
   vertex -39.9767 23.3198 46.7208
  endloop
 endfacet
 facet normal -0.43236 0.84516 0.31429
  outer loop
   vertex -35.7617 27.1866 42.1210
   vertex -39.9767 23.3198 46.7208
   vertex -34.4167 26.1641 46.7208
  endloop
 endfacet
 facet normal -0.40519 0.79204 0.45661
  outer loop
   vertex -34.4167 26.1641 46.7208
   vertex -39.9767 23.3198 46.7208
   vertex -37.6698 21.9740 51.1023
  endloop
 endfacet
 facet normal -0.40519 0.79204 0.45661
  outer loop
   vertex -34.4167 26.1641 46.7208
   vertex -37.6698 21.9740 51.1023
   vertex -32.4306 24.6542 51.1023
  endloop
 endfacet
 facet normal -0.36986 0.72298 0.58352
  outer loop
   vertex -32.4306 24.6542 51.1023
   vertex -37.6698 21.9740 51.1023
   vertex -34.6611 20.2190 55.1838
  endloop
 endfacet
 facet normal -0.36986 0.72298 0.58352
  outer loop
   vertex -32.4306 24.6542 51.1023
   vertex -34.6611 20.2190 55.1838
   vertex -29.8404 22.6851 55.1838
  endloop
 endfacet
 facet normal -0.32833 0.64181 0.69302
  outer loop
   vertex -29.8404 22.6851 55.1838
   vertex -34.6611 20.2190 55.1838
   vertex -31.0067 18.0873 58.8894
  endloop
 endfacet
 facet normal -0.32833 0.64181 0.69302
  outer loop
   vertex -29.8404 22.6851 55.1838
   vertex -31.0067 18.0873 58.8894
   vertex -26.6943 20.2934 58.8894
  endloop
 endfacet
 facet normal -0.28241 0.55205 0.78453
  outer loop
   vertex -26.6943 20.2934 58.8894
   vertex -31.0067 18.0873 58.8894
   vertex -26.7748 15.6186 62.1499
  endloop
 endfacet
 facet normal -0.28241 0.55205 0.78453
  outer loop
   vertex -26.6943 20.2934 58.8894
   vertex -26.7748 15.6186 62.1499
   vertex -23.0509 17.5237 62.1499
  endloop
 endfacet
 facet normal -0.23357 0.45658 0.85848
  outer loop
   vertex -23.0509 17.5237 62.1499
   vertex -26.7748 15.6186 62.1499
   vertex -22.0441 12.8590 64.9047
  endloop
 endfacet
 facet normal -0.23357 0.45658 0.85848
  outer loop
   vertex -23.0509 17.5237 62.1499
   vertex -22.0441 12.8590 64.9047
   vertex -18.9782 14.4275 64.9047
  endloop
 endfacet
 facet normal -0.18291 0.35754 0.91581
  outer loop
   vertex -18.9782 14.4275 64.9047
   vertex -22.0441 12.8590 64.9047
   vertex -16.9027 9.8599 67.1024
  endloop
 endfacet
 facet normal -0.18291 0.35754 0.91581
  outer loop
   vertex -18.9782 14.4275 64.9047
   vertex -16.9027 9.8599 67.1024
   vertex -14.5519 11.0625 67.1024
  endloop
 endfacet
 facet normal -0.13118 0.25643 0.95762
  outer loop
   vertex -14.5519 11.0625 67.1024
   vertex -16.9027 9.8599 67.1024
   vertex -11.4465 6.6771 68.7021
  endloop
 endfacet
 facet normal -0.13118 0.25643 0.95762
  outer loop
   vertex -14.5519 11.0625 67.1024
   vertex -11.4465 6.6771 68.7021
   vertex -9.8545 7.4915 68.7021
  endloop
 endfacet
 facet normal -0.07889 0.15420 0.98489
  outer loop
   vertex -9.8545 7.4915 68.7021
   vertex -11.4465 6.6771 68.7021
   vertex -5.7771 3.3700 69.6740
  endloop
 endfacet
 facet normal -0.07889 0.15420 0.98489
  outer loop
   vertex -9.8545 7.4915 68.7021
   vertex -5.7771 3.3700 69.6740
   vertex -4.9736 3.7810 69.6740
  endloop
 endfacet
 facet normal -0.02632 0.05145 0.99833
  outer loop
   vertex -4.9736 3.7810 69.6740
   vertex -5.7771 3.3700 69.6740
   vertex -0.0000 0.0000 70.0000
  endloop
 endfacet
 facet normal 0.00000 0.00000 0.00000
  outer loop
   vertex -4.9736 3.7810 69.6740
   vertex -0.0000 0.0000 70.0000
   vertex -0.0000 0.0000 70.0000
  endloop
 endfacet
 facet normal 0.00000 0.00000 0.00000
  outer loop
   vertex -0.0000 0.0000 0.0000
   vertex -0.0000 0.0000 0.0000
   vertex -6.4817 2.9013 0.3260
  endloop
 endfacet
 facet normal -0.03002 0.04513 -0.99853
  outer loop
   vertex -0.0000 0.0000 0.0000
   vertex -6.4817 2.9013 0.3260
   vertex -5.7771 3.3700 0.3260
  endloop
 endfacet
 facet normal -0.09011 0.13548 -0.98667
  outer loop
   vertex -5.7771 3.3700 0.3260
   vertex -6.4817 2.9013 0.3260
   vertex -12.8427 5.7485 1.2979
  endloop
 endfacet
 facet normal -0.09011 0.13548 -0.98667
  outer loop
   vertex -5.7771 3.3700 0.3260
   vertex -12.8427 5.7485 1.2979
   vertex -11.4465 6.6771 1.2979
  endloop
 endfacet
 facet normal -0.15034 0.22602 -0.96245
  outer loop
   vertex -11.4465 6.6771 1.2979
   vertex -12.8427 5.7485 1.2979
   vertex -18.9644 8.4886 2.8976
  endloop
 endfacet
 facet normal -0.15034 0.22602 -0.96245
  outer loop
   vertex -11.4465 6.6771 1.2979
   vertex -18.9644 8.4886 2.8976
   vertex -16.9027 9.8599 2.8976
  endloop
 endfacet
 facet normal -0.21063 0.31665 -0.92486
  outer loop
   vertex -16.9027 9.8599 2.8976
   vertex -18.9644 8.4886 2.8976
   vertex -24.7328 11.0706 5.0953
  endloop
 endfacet
 facet normal -0.21063 0.31665 -0.92486
  outer loop
   vertex -16.9027 9.8599 2.8976
   vertex -24.7328 11.0706 5.0953
   vertex -22.0441 12.8590 5.0953
  endloop
 endfacet
 facet normal -0.27067 0.40692 -0.87244
  outer loop
   vertex -22.0441 12.8590 5.0953
   vertex -24.7328 11.0706 5.0953
   vertex -30.0405 13.4464 7.8501
  endloop
 endfacet
 facet normal -0.27067 0.40692 -0.87244
  outer loop
   vertex -22.0441 12.8590 5.0953
   vertex -30.0405 13.4464 7.8501
   vertex -26.7748 15.6186 7.8501
  endloop
 endfacet
 facet normal -0.32978 0.49578 -0.80340
  outer loop
   vertex -26.7748 15.6186 7.8501
   vertex -30.0405 13.4464 7.8501
   vertex -34.7887 15.5717 11.1106
  endloop
 endfacet
 facet normal -0.32978 0.49578 -0.80340
  outer loop
   vertex -26.7748 15.6186 7.8501
   vertex -34.7887 15.5717 11.1106
   vertex -31.0067 18.0873 11.1106
  endloop
 endfacet
 facet normal -0.38672 0.58139 -0.71584
  outer loop
   vertex -31.0067 18.0873 11.1106
   vertex -34.7887 15.5717 11.1106
   vertex -38.8887 17.4069 14.8162
  endloop
 endfacet
 facet normal -0.38672 0.58139 -0.71584
  outer loop
   vertex -31.0067 18.0873 11.1106
   vertex -38.8887 17.4069 14.8162
   vertex -34.6611 20.2190 14.8162
  endloop
 endfacet
 facet normal -0.43961 0.66090 -0.60824
  outer loop
   vertex -34.6611 20.2190 14.8162
   vertex -38.8887 17.4069 14.8162
   vertex -42.2644 18.9179 18.8977
  endloop
 endfacet
 facet normal -0.43961 0.66090 -0.60824
  outer loop
   vertex -34.6611 20.2190 14.8162
   vertex -42.2644 18.9179 18.8977
   vertex -37.6698 21.9740 18.8977
  endloop
 endfacet
 facet normal -0.48582 0.73038 -0.48013
  outer loop
   vertex -37.6698 21.9740 18.8977
   vertex -42.2644 18.9179 18.8977
   vertex -44.8528 20.0764 23.2792
  endloop
 endfacet
 facet normal -0.48582 0.73038 -0.48013
  outer loop
   vertex -37.6698 21.9740 18.8977
   vertex -44.8528 20.0764 23.2792
   vertex -39.9767 23.3198 23.2792
  endloop
 endfacet
 facet normal -0.52224 0.78513 -0.33292
  outer loop
   vertex -39.9767 23.3198 23.2792
   vertex -44.8528 20.0764 23.2792
   vertex -46.6056 20.8610 27.8790
  endloop
 endfacet
 facet normal -0.52224 0.78513 -0.33292
  outer loop
   vertex -39.9767 23.3198 23.2792
   vertex -46.6056 20.8610 27.8790
   vertex -41.5390 24.2311 27.8790
  endloop
 endfacet
 facet normal -0.54571 0.82041 -0.17066
  outer loop
   vertex -41.5390 24.2311 27.8790
   vertex -46.6056 20.8610 27.8790
   vertex -47.4902 21.2570 32.6115
  endloop
 endfacet
 facet normal -0.54571 0.82041 -0.17066
  outer loop
   vertex -41.5390 24.2311 27.8790
   vertex -47.4902 21.2570 32.6115
   vertex -42.3275 24.6910 32.6115
  endloop
 endfacet
 facet normal -0.55383 0.83263 0.00000
  outer loop
   vertex -42.3275 24.6910 32.6115
   vertex -47.4902 21.2570 32.6115
   vertex -47.4902 21.2570 37.3885
  endloop
 endfacet
 facet normal -0.55383 0.83263 0.00000
  outer loop
   vertex -42.3275 24.6910 32.6115
   vertex -47.4902 21.2570 37.3885
   vertex -42.3275 24.6910 37.3885
  endloop
 endfacet
 facet normal -0.54571 0.82041 0.17066
  outer loop
   vertex -42.3275 24.6910 37.3885
   vertex -47.4902 21.2570 37.3885
   vertex -46.6056 20.8610 42.1210
  endloop
 endfacet
 facet normal -0.54571 0.82041 0.17066
  outer loop
   vertex -42.3275 24.6910 37.3885
   vertex -46.6056 20.8610 42.1210
   vertex -41.5390 24.2311 42.1210
  endloop
 endfacet
 facet normal -0.52224 0.78513 0.33292
  outer loop
   vertex -41.5390 24.2311 42.1210
   vertex -46.6056 20.8610 42.1210
   vertex -44.8528 20.0764 46.7208
  endloop
 endfacet
 facet normal -0.52224 0.78513 0.33292
  outer loop
   vertex -41.5390 24.2311 42.1210
   vertex -44.8528 20.0764 46.7208
   vertex -39.9767 23.3198 46.7208
  endloop
 endfacet
 facet normal -0.48582 0.73038 0.48013
  outer loop
   vertex -39.9767 23.3198 46.7208
   vertex -44.8528 20.0764 46.7208
   vertex -42.2644 18.9179 51.1023
  endloop
 endfacet
 facet normal -0.48582 0.73038 0.48013
  outer loop
   vertex -39.9767 23.3198 46.7208
   vertex -42.2644 18.9179 51.1023
   vertex -37.6698 21.9740 51.1023
  endloop
 endfacet
 facet normal -0.43961 0.66090 0.60824
  outer loop
   vertex -37.6698 21.9740 51.1023
   vertex -42.2644 18.9179 51.1023
   vertex -38.8887 17.4069 55.1838
  endloop
 endfacet
 facet normal -0.43961 0.66090 0.60824
  outer loop
   vertex -37.6698 21.9740 51.1023
   vertex -38.8887 17.4069 55.1838
   vertex -34.6611 20.2190 55.1838
  endloop
 endfacet
 facet normal -0.38672 0.58139 0.71584
  outer loop
   vertex -34.6611 20.2190 55.1838
   vertex -38.8887 17.4069 55.1838
   vertex -34.7887 15.5717 58.8894
  endloop
 endfacet
 facet normal -0.38672 0.58139 0.71584
  outer loop
   vertex -34.6611 20.2190 55.1838
   vertex -34.7887 15.5717 58.8894
   vertex -31.0067 18.0873 58.8894
  endloop
 endfacet
 facet normal -0.32978 0.49578 0.80340
  outer loop
   vertex -31.0067 18.0873 58.8894
   vertex -34.7887 15.5717 58.8894
   vertex -30.0405 13.4464 62.1499
  endloop
 endfacet
 facet normal -0.32978 0.49578 0.80340
  outer loop
   vertex -31.0067 18.0873 58.8894
   vertex -30.0405 13.4464 62.1499
   vertex -26.7748 15.6186 62.1499
  endloop
 endfacet
 facet normal -0.27067 0.40692 0.87244
  outer loop
   vertex -26.7748 15.6186 62.1499
   vertex -30.0405 13.4464 62.1499
   vertex -24.7328 11.0706 64.9047
  endloop
 endfacet
 facet normal -0.27067 0.40692 0.87244
  outer loop
   vertex -26.7748 15.6186 62.1499
   vertex -24.7328 11.0706 64.9047
   vertex -22.0441 12.8590 64.9047
  endloop
 endfacet
 facet normal -0.21063 0.31665 0.92486
  outer loop
   vertex -22.0441 12.8590 64.9047
   vertex -24.7328 11.0706 64.9047
   vertex -18.9644 8.4886 67.1024
  endloop
 endfacet
 facet normal -0.21063 0.31665 0.92486
  outer loop
   vertex -22.0441 12.8590 64.9047
   vertex -18.9644 8.4886 67.1024
   vertex -16.9027 9.8599 67.1024
  endloop
 endfacet
 facet normal -0.15034 0.22602 0.96245
  outer loop
   vertex -16.9027 9.8599 67.1024
   vertex -18.9644 8.4886 67.1024
   vertex -12.8427 5.7485 68.7021
  endloop
 endfacet
 facet normal -0.15034 0.22602 0.96245
  outer loop
   vertex -16.9027 9.8599 67.1024
   vertex -12.8427 5.7485 68.7021
   vertex -11.4465 6.6771 68.7021
  endloop
 endfacet
 facet normal -0.09011 0.13548 0.98667
  outer loop
   vertex -11.4465 6.6771 68.7021
   vertex -12.8427 5.7485 68.7021
   vertex -6.4817 2.9013 69.6740
  endloop
 endfacet
 facet normal -0.09011 0.13548 0.98667
  outer loop
   vertex -11.4465 6.6771 68.7021
   vertex -6.4817 2.9013 69.6740
   vertex -5.7771 3.3700 69.6740
  endloop
 endfacet
 facet normal -0.03002 0.04513 0.99853
  outer loop
   vertex -5.7771 3.3700 69.6740
   vertex -6.4817 2.9013 69.6740
   vertex -0.0000 0.0000 70.0000
  endloop
 endfacet
 facet normal 0.00000 0.00000 0.00000
  outer loop
   vertex -5.7771 3.3700 69.6740
   vertex -0.0000 0.0000 70.0000
   vertex -0.0000 0.0000 70.0000
  endloop
 endfacet
 facet normal 0.00000 0.00000 0.00000
  outer loop
   vertex -0.0000 0.0000 0.0000
   vertex -0.0000 0.0000 0.0000
   vertex -7.0754 2.3829 0.3260
  endloop
 endfacet
 facet normal -0.03321 0.03804 -0.99872
  outer loop
   vertex -0.0000 0.0000 0.0000
   vertex -7.0754 2.3829 0.3260
   vertex -6.4817 2.9013 0.3260
  endloop
 endfacet
 facet normal -0.09983 0.11436 -0.98841
  outer loop
   vertex -6.4817 2.9013 0.3260
   vertex -7.0754 2.3829 0.3260
   vertex -14.0191 4.7214 1.2979
  endloop
 endfacet
 facet normal -0.09983 0.11436 -0.98841
  outer loop
   vertex -6.4817 2.9013 0.3260
   vertex -14.0191 4.7214 1.2979
   vertex -12.8427 5.7485 1.2979
  endloop
 endfacet
 facet normal -0.16708 0.19138 -0.96719
  outer loop
   vertex -12.8427 5.7485 1.2979
   vertex -14.0191 4.7214 1.2979
   vertex -20.7015 6.9720 2.8976
  endloop
 endfacet
 facet normal -0.16708 0.19138 -0.96719
  outer loop
   vertex -12.8427 5.7485 1.2979
   vertex -20.7015 6.9720 2.8976
   vertex -18.9644 8.4886 2.8976
  endloop
 endfacet
 facet normal -0.23520 0.26941 -0.93386
  outer loop
   vertex -18.9644 8.4886 2.8976
   vertex -20.7015 6.9720 2.8976
   vertex -26.9984 9.0927 5.0953
  endloop
 endfacet
 facet normal -0.23520 0.26941 -0.93386
  outer loop
   vertex -18.9644 8.4886 2.8976
   vertex -26.9984 9.0927 5.0953
   vertex -24.7328 11.0706 5.0953
  endloop
 endfacet
 facet normal -0.30419 0.34844 -0.88660
  outer loop
   vertex -24.7328 11.0706 5.0953
   vertex -26.9984 9.0927 5.0953
   vertex -32.7923 11.0440 7.8501
  endloop
 endfacet
 facet normal -0.30419 0.34844 -0.88660
  outer loop
   vertex -24.7328 11.0706 5.0953
   vertex -32.7923 11.0440 7.8501
   vertex -30.0405 13.4464 7.8501
  endloop
 endfacet
 facet normal -0.37359 0.42793 -0.82298
  outer loop
   vertex -30.0405 13.4464 7.8501
   vertex -32.7923 11.0440 7.8501
   vertex -37.9754 12.7896 11.1106
  endloop
 endfacet
 facet normal -0.37359 0.42793 -0.82298
  outer loop
   vertex -30.0405 13.4464 7.8501
   vertex -37.9754 12.7896 11.1106
   vertex -34.7887 15.5717 11.1106
  endloop
 endfacet
 facet normal -0.44222 0.50654 -0.74017
  outer loop
   vertex -34.7887 15.5717 11.1106
   vertex -37.9754 12.7896 11.1106
   vertex -42.4510 14.2970 14.8162
  endloop
 endfacet
 facet normal -0.44222 0.50654 -0.74017
  outer loop
   vertex -34.7887 15.5717 11.1106
   vertex -42.4510 14.2970 14.8162
   vertex -38.8887 17.4069 14.8162
  endloop
 endfacet
 facet normal -0.50785 0.58172 -0.63537
  outer loop
   vertex -38.8887 17.4069 14.8162
   vertex -42.4510 14.2970 14.8162
   vertex -46.1359 15.5380 18.8977
  endloop
 endfacet
 facet normal -0.50785 0.58172 -0.63537
  outer loop
   vertex -38.8887 17.4069 14.8162
   vertex -46.1359 15.5380 18.8977
   vertex -42.2644 18.9179 18.8977
  endloop
 endfacet
 facet normal -0.56699 0.64946 -0.50668
  outer loop
   vertex -42.2644 18.9179 18.8977
   vertex -46.1359 15.5380 18.8977
   vertex -48.9613 16.4896 23.2792
  endloop
 endfacet
 facet normal -0.56699 0.64946 -0.50668
  outer loop
   vertex -42.2644 18.9179 18.8977
   vertex -48.9613 16.4896 23.2792
   vertex -44.8528 20.0764 23.2792
  endloop
 endfacet
 facet normal -0.61495 0.70440 -0.35448
  outer loop
   vertex -44.8528 20.0764 23.2792
   vertex -48.9613 16.4896 23.2792
   vertex -50.8747 17.1340 27.8790
  endloop
 endfacet
 facet normal -0.61495 0.70440 -0.35448
  outer loop
   vertex -44.8528 20.0764 23.2792
   vertex -50.8747 17.1340 27.8790
   vertex -46.6056 20.8610 27.8790
  endloop
 endfacet
 facet normal -0.64657 0.74062 -0.18283
  outer loop
   vertex -46.6056 20.8610 27.8790
   vertex -50.8747 17.1340 27.8790
   vertex -51.8404 17.4592 32.6115
  endloop
 endfacet
 facet normal -0.64657 0.74062 -0.18283
  outer loop
   vertex -46.6056 20.8610 27.8790
   vertex -51.8404 17.4592 32.6115
   vertex -47.4902 21.2570 32.6115
  endloop
 endfacet
 facet normal -0.65766 0.75332 0.00000
  outer loop
   vertex -47.4902 21.2570 32.6115
   vertex -51.8404 17.4592 32.6115
   vertex -51.8404 17.4592 37.3885
  endloop
 endfacet
 facet normal -0.65766 0.75332 0.00000
  outer loop
   vertex -47.4902 21.2570 32.6115
   vertex -51.8404 17.4592 37.3885
   vertex -47.4902 21.2570 37.3885
  endloop
 endfacet
 facet normal -0.64657 0.74062 0.18283
  outer loop
   vertex -47.4902 21.2570 37.3885
   vertex -51.8404 17.4592 37.3885
   vertex -50.8747 17.1340 42.1210
  endloop
 endfacet
 facet normal -0.64657 0.74062 0.18283
  outer loop
   vertex -47.4902 21.2570 37.3885
   vertex -50.8747 17.1340 42.1210
   vertex -46.6056 20.8610 42.1210
  endloop
 endfacet
 facet normal -0.61495 0.70440 0.35448
  outer loop
   vertex -46.6056 20.8610 42.1210
   vertex -50.8747 17.1340 42.1210
   vertex -48.9613 16.4896 46.7208
  endloop
 endfacet
 facet normal -0.61495 0.70440 0.35448
  outer loop
   vertex -46.6056 20.8610 42.1210
   vertex -48.9613 16.4896 46.7208
   vertex -44.8528 20.0764 46.7208
  endloop
 endfacet
 facet normal -0.56699 0.64946 0.50668
  outer loop
   vertex -44.8528 20.0764 46.7208
   vertex -48.9613 16.4896 46.7208
   vertex -46.1359 15.5380 51.1023
  endloop
 endfacet
 facet normal -0.56699 0.64946 0.50668
  outer loop
   vertex -44.8528 20.0764 46.7208
   vertex -46.1359 15.5380 51.1023
   vertex -42.2644 18.9179 51.1023
  endloop
 endfacet
 facet normal -0.50785 0.58172 0.63537
  outer loop
   vertex -42.2644 18.9179 51.1023
   vertex -46.1359 15.5380 51.1023
   vertex -42.4510 14.2970 55.1838
  endloop
 endfacet
 facet normal -0.50785 0.58172 0.63537
  outer loop
   vertex -42.2644 18.9179 51.1023
   vertex -42.4510 14.2970 55.1838
   vertex -38.8887 17.4069 55.1838
  endloop
 endfacet
 facet normal -0.44222 0.50654 0.74017
  outer loop
   vertex -38.8887 17.4069 55.1838
   vertex -42.4510 14.2970 55.1838
   vertex -37.9754 12.7896 58.8894
  endloop
 endfacet
 facet normal -0.44222 0.50654 0.74017
  outer loop
   vertex -38.8887 17.4069 55.1838
   vertex -37.9754 12.7896 58.8894
   vertex -34.7887 15.5717 58.8894
  endloop
 endfacet
 facet normal -0.37359 0.42793 0.82298
  outer loop
   vertex -34.7887 15.5717 58.8894
   vertex -37.9754 12.7896 58.8894
   vertex -32.7923 11.0440 62.1499
  endloop
 endfacet
 facet normal -0.37359 0.42793 0.82298
  outer loop
   vertex -34.7887 15.5717 58.8894
   vertex -32.7923 11.0440 62.1499
   vertex -30.0405 13.4464 62.1499
  endloop
 endfacet
 facet normal -0.30419 0.34844 0.88660
  outer loop
   vertex -30.0405 13.4464 62.1499
   vertex -32.7923 11.0440 62.1499
   vertex -26.9984 9.0927 64.9047
  endloop
 endfacet
 facet normal -0.30419 0.34844 0.88660
  outer loop
   vertex -30.0405 13.4464 62.1499
   vertex -26.9984 9.0927 64.9047
   vertex -24.7328 11.0706 64.9047
  endloop
 endfacet
 facet normal -0.23520 0.26941 0.93386
  outer loop
   vertex -24.7328 11.0706 64.9047
   vertex -26.9984 9.0927 64.9047
   vertex -20.7015 6.9720 67.1024
  endloop
 endfacet
 facet normal -0.23520 0.26941 0.93386
  outer loop
   vertex -24.7328 11.0706 64.9047
   vertex -20.7015 6.9720 67.1024
   vertex -18.9644 8.4886 67.1024
  endloop
 endfacet
 facet normal -0.16708 0.19138 0.96719
  outer loop
   vertex -18.9644 8.4886 67.1024
   vertex -20.7015 6.9720 67.1024
   vertex -14.0191 4.7214 68.7021
  endloop
 endfacet
 facet normal -0.16708 0.19138 0.96719
  outer loop
   vertex -18.9644 8.4886 67.1024
   vertex -14.0191 4.7214 68.7021
   vertex -12.8427 5.7485 68.7021
  endloop
 endfacet
 facet normal -0.09983 0.11436 0.98841
  outer loop
   vertex -12.8427 5.7485 68.7021
   vertex -14.0191 4.7214 68.7021
   vertex -7.0754 2.3829 69.6740
  endloop
 endfacet
 facet normal -0.09983 0.11436 0.98841
  outer loop
   vertex -12.8427 5.7485 68.7021
   vertex -7.0754 2.3829 69.6740
   vertex -6.4817 2.9013 69.6740
  endloop
 endfacet
 facet normal -0.03321 0.03804 0.99872
  outer loop
   vertex -6.4817 2.9013 69.6740
   vertex -7.0754 2.3829 69.6740
   vertex -0.0000 0.0000 70.0000
  endloop
 endfacet
 facet normal 0.00000 0.00000 0.00000
  outer loop
   vertex -6.4817 2.9013 69.6740
   vertex -0.0000 0.0000 70.0000
   vertex -0.0000 0.0000 70.0000
  endloop
 endfacet
 facet normal 0.00000 0.00000 0.00000
  outer loop
   vertex -0.0000 0.0000 0.0000
   vertex -0.0000 0.0000 0.0000
   vertex -7.5481 1.8238 0.3260
  endloop
 endfacet
 facet normal -0.03582 0.03028 -0.99890
  outer loop
   vertex -0.0000 0.0000 0.0000
   vertex -7.5481 1.8238 0.3260
   vertex -7.0754 2.3829 0.3260
  endloop
 endfacet
 facet normal -0.10786 0.09118 -0.98998
  outer loop
   vertex -7.0754 2.3829 0.3260
   vertex -7.5481 1.8238 0.3260
   vertex -14.9556 3.6136 1.2979
  endloop
 endfacet
 facet normal -0.10786 0.09118 -0.98998
  outer loop
   vertex -7.0754 2.3829 0.3260
   vertex -14.9556 3.6136 1.2979
   vertex -14.0191 4.7214 1.2979
  endloop
 endfacet
 facet normal -0.18102 0.15304 -0.97150
  outer loop
   vertex -14.0191 4.7214 1.2979
   vertex -14.9556 3.6136 1.2979
   vertex -22.0845 5.3362 2.8976
  endloop
 endfacet
 facet normal -0.18102 0.15304 -0.97150
  outer loop
   vertex -14.0191 4.7214 1.2979
   vertex -22.0845 5.3362 2.8976
   vertex -20.7015 6.9720 2.8976
  endloop
 endfacet
 facet normal -0.25596 0.21638 -0.94216
  outer loop
   vertex -20.7015 6.9720 2.8976
   vertex -22.0845 5.3362 2.8976
   vertex -28.8020 6.9593 5.0953
  endloop
 endfacet
 facet normal -0.25596 0.21638 -0.94216
  outer loop
   vertex -20.7015 6.9720 2.8976
   vertex -28.8020 6.9593 5.0953
   vertex -26.9984 9.0927 5.0953
  endloop
 endfacet
 facet normal -0.33304 0.28155 -0.89990
  outer loop
   vertex -26.9984 9.0927 5.0953
   vertex -28.8020 6.9593 5.0953
   vertex -34.9830 8.4527 7.8501
  endloop
 endfacet
 facet normal -0.33304 0.28155 -0.89990
  outer loop
   vertex -26.9984 9.0927 5.0953
   vertex -34.9830 8.4527 7.8501
   vertex -32.7923 11.0440 7.8501
  endloop
 endfacet
 facet normal -0.41220 0.34847 -0.84182
  outer loop
   vertex -32.7923 11.0440 7.8501
   vertex -34.9830 8.4527 7.8501
   vertex -40.5123 9.7888 11.1106
  endloop
 endfacet
 facet normal -0.41220 0.34847 -0.84182
  outer loop
   vertex -32.7923 11.0440 7.8501
   vertex -40.5123 9.7888 11.1106
   vertex -37.9754 12.7896 11.1106
  endloop
 endfacet
 facet normal -0.49252 0.41637 -0.76424
  outer loop
   vertex -37.9754 12.7896 11.1106
   vertex -40.5123 9.7888 11.1106
   vertex -45.2869 10.9424 14.8162
  endloop
 endfacet
 facet normal -0.49252 0.41637 -0.76424
  outer loop
   vertex -37.9754 12.7896 11.1106
   vertex -45.2869 10.9424 14.8162
   vertex -42.4510 14.2970 14.8162
  endloop
 endfacet
 facet normal -0.57167 0.48328 -0.66305
  outer loop
   vertex -42.4510 14.2970 14.8162
   vertex -45.2869 10.9424 14.8162
   vertex -49.2179 11.8923 18.8977
  endloop
 endfacet
 facet normal -0.57167 0.48328 -0.66305
  outer loop
   vertex -42.4510 14.2970 14.8162
   vertex -49.2179 11.8923 18.8977
   vertex -46.1359 15.5380 18.8977
  endloop
 endfacet
 facet normal -0.64536 0.54558 -0.53465
  outer loop
   vertex -46.1359 15.5380 18.8977
   vertex -49.2179 11.8923 18.8977
   vertex -52.2321 12.6206 23.2792
  endloop
 endfacet
 facet normal -0.64536 0.54558 -0.53465
  outer loop
   vertex -46.1359 15.5380 18.8977
   vertex -52.2321 12.6206 23.2792
   vertex -48.9613 16.4896 23.2792
  endloop
 endfacet
 facet normal -0.70706 0.59774 -0.37785
  outer loop
   vertex -48.9613 16.4896 23.2792
   vertex -52.2321 12.6206 23.2792
   vertex -54.2733 13.1138 27.8790
  endloop
 endfacet
 facet normal -0.70706 0.59774 -0.37785
  outer loop
   vertex -48.9613 16.4896 23.2792
   vertex -54.2733 13.1138 27.8790
   vertex -50.8747 17.1340 27.8790
  endloop
 endfacet
 facet normal -0.74881 0.63304 -0.19630
  outer loop
   vertex -50.8747 17.1340 27.8790
   vertex -54.2733 13.1138 27.8790
   vertex -55.3035 13.3627 32.6115
  endloop
 endfacet
 facet normal -0.74881 0.63304 -0.19630
  outer loop
   vertex -50.8747 17.1340 27.8790
   vertex -55.3035 13.3627 32.6115
   vertex -51.8404 17.4592 32.6115
  endloop
 endfacet
 facet normal -0.76367 0.64560 0.00000
  outer loop
   vertex -51.8404 17.4592 32.6115
   vertex -55.3035 13.3627 32.6115
   vertex -55.3035 13.3627 37.3885
  endloop
 endfacet
 facet normal -0.76367 0.64560 0.00000
  outer loop
   vertex -51.8404 17.4592 32.6115
   vertex -55.3035 13.3627 37.3885
   vertex -51.8404 17.4592 37.3885
  endloop
 endfacet
 facet normal -0.74881 0.63304 0.19630
  outer loop
   vertex -51.8404 17.4592 37.3885
   vertex -55.3035 13.3627 37.3885
   vertex -54.2733 13.1138 42.1210
  endloop
 endfacet
 facet normal -0.74881 0.63304 0.19630
  outer loop
   vertex -51.8404 17.4592 37.3885
   vertex -54.2733 13.1138 42.1210
   vertex -50.8747 17.1340 42.1210
  endloop
 endfacet
 facet normal -0.70706 0.59774 0.37785
  outer loop
   vertex -50.8747 17.1340 42.1210
   vertex -54.2733 13.1138 42.1210
   vertex -52.2321 12.6206 46.7208
  endloop
 endfacet
 facet normal -0.70706 0.59774 0.37785
  outer loop
   vertex -50.8747 17.1340 42.1210
   vertex -52.2321 12.6206 46.7208
   vertex -48.9613 16.4896 46.7208
  endloop
 endfacet
 facet normal -0.64536 0.54558 0.53465
  outer loop
   vertex -48.9613 16.4896 46.7208
   vertex -52.2321 12.6206 46.7208
   vertex -49.2179 11.8923 51.1023
  endloop
 endfacet
 facet normal -0.64536 0.54558 0.53465
  outer loop
   vertex -48.9613 16.4896 46.7208
   vertex -49.2179 11.8923 51.1023
   vertex -46.1359 15.5380 51.1023
  endloop
 endfacet
 facet normal -0.57167 0.48328 0.66305
  outer loop
   vertex -46.1359 15.5380 51.1023
   vertex -49.2179 11.8923 51.1023
   vertex -45.2869 10.9424 55.1838
  endloop
 endfacet
 facet normal -0.57167 0.48328 0.66305
  outer loop
   vertex -46.1359 15.5380 51.1023
   vertex -45.2869 10.9424 55.1838
   vertex -42.4510 14.2970 55.1838
  endloop
 endfacet
 facet normal -0.49252 0.41637 0.76424
  outer loop
   vertex -42.4510 14.2970 55.1838
   vertex -45.2869 10.9424 55.1838
   vertex -40.5123 9.7888 58.8894
  endloop
 endfacet
 facet normal -0.49252 0.41637 0.76424
  outer loop
   vertex -42.4510 14.2970 55.1838
   vertex -40.5123 9.7888 58.8894
   vertex -37.9754 12.7896 58.8894
  endloop
 endfacet
 facet normal -0.41220 0.34847 0.84182
  outer loop
   vertex -37.9754 12.7896 58.8894
   vertex -40.5123 9.7888 58.8894
   vertex -34.9830 8.4527 62.1499
  endloop
 endfacet
 facet normal -0.41220 0.34847 0.84182
  outer loop
   vertex -37.9754 12.7896 58.8894
   vertex -34.9830 8.4527 62.1499
   vertex -32.7923 11.0440 62.1499
  endloop
 endfacet
 facet normal -0.33304 0.28155 0.89990
  outer loop
   vertex -32.7923 11.0440 62.1499
   vertex -34.9830 8.4527 62.1499
   vertex -28.8020 6.9593 64.9047
  endloop
 endfacet
 facet normal -0.33304 0.28155 0.89990
  outer loop
   vertex -32.7923 11.0440 62.1499
   vertex -28.8020 6.9593 64.9047
   vertex -26.9984 9.0927 64.9047
  endloop
 endfacet
 facet normal -0.25596 0.21638 0.94216
  outer loop
   vertex -26.9984 9.0927 64.9047
   vertex -28.8020 6.9593 64.9047
   vertex -22.0845 5.3362 67.1024
  endloop
 endfacet
 facet normal -0.25596 0.21638 0.94216
  outer loop
   vertex -26.9984 9.0927 64.9047
   vertex -22.0845 5.3362 67.1024
   vertex -20.7015 6.9720 67.1024
  endloop
 endfacet
 facet normal -0.18102 0.15304 0.97150
  outer loop
   vertex -20.7015 6.9720 67.1024
   vertex -22.0845 5.3362 67.1024
   vertex -14.9556 3.6136 68.7021
  endloop
 endfacet
 facet normal -0.18102 0.15304 0.97150
  outer loop
   vertex -20.7015 6.9720 67.1024
   vertex -14.9556 3.6136 68.7021
   vertex -14.0191 4.7214 68.7021
  endloop
 endfacet
 facet normal -0.10786 0.09118 0.98998
  outer loop
   vertex -14.0191 4.7214 68.7021
   vertex -14.9556 3.6136 68.7021
   vertex -7.5481 1.8238 69.6740
  endloop
 endfacet
 facet normal -0.10786 0.09118 0.98998
  outer loop
   vertex -14.0191 4.7214 68.7021
   vertex -7.5481 1.8238 69.6740
   vertex -7.0754 2.3829 69.6740
  endloop
 endfacet
 facet normal -0.03582 0.03028 0.99890
  outer loop
   vertex -7.0754 2.3829 69.6740
   vertex -7.5481 1.8238 69.6740
   vertex -0.0000 0.0000 70.0000
  endloop
 endfacet
 facet normal 0.00000 0.00000 0.00000
  outer loop
   vertex -7.0754 2.3829 69.6740
   vertex -0.0000 0.0000 70.0000
   vertex -0.0000 0.0000 70.0000
  endloop
 endfacet
 facet normal 0.00000 0.00000 0.00000
  outer loop
   vertex -0.0000 0.0000 0.0000
   vertex -0.0000 0.0000 0.0000
   vertex -7.8916 1.2335 0.3260
  endloop
 endfacet
 facet normal -0.03783 0.02201 -0.99904
  outer loop
   vertex -0.0000 0.0000 0.0000
   vertex -7.8916 1.2335 0.3260
   vertex -7.5481 1.8238 0.3260
  endloop
 endfacet
 facet normal -0.11403 0.06635 -0.99126
  outer loop
   vertex -7.5481 1.8238 0.3260
   vertex -7.8916 1.2335 0.3260
   vertex -15.6362 2.4440 1.2979
  endloop
 endfacet
 facet normal -0.11403 0.06635 -0.99126
  outer loop
   vertex -7.5481 1.8238 0.3260
   vertex -15.6362 2.4440 1.2979
   vertex -14.9556 3.6136 1.2979
  endloop
 endfacet
 facet normal -0.19183 0.11163 -0.97506
  outer loop
   vertex -14.9556 3.6136 1.2979
   vertex -15.6362 2.4440 1.2979
   vertex -23.0896 3.6090 2.8976
  endloop
 endfacet
 facet normal -0.19183 0.11163 -0.97506
  outer loop
   vertex -14.9556 3.6136 1.2979
   vertex -23.0896 3.6090 2.8976
   vertex -22.0845 5.3362 2.8976
  endloop
 endfacet
 facet normal -0.27223 0.15842 -0.94910
  outer loop
   vertex -22.0845 5.3362 2.8976
   vertex -23.0896 3.6090 2.8976
   vertex -30.1128 4.7067 5.0953
  endloop
 endfacet
 facet normal -0.27223 0.15842 -0.94910
  outer loop
   vertex -22.0845 5.3362 2.8976
   vertex -30.1128 4.7067 5.0953
   vertex -28.8020 6.9593 5.0953
  endloop
 endfacet
 facet normal -0.35605 0.20719 -0.91121
  outer loop
   vertex -28.8020 6.9593 5.0953
   vertex -30.1128 4.7067 5.0953
   vertex -36.5750 5.7168 7.8501
  endloop
 endfacet
 facet normal -0.35605 0.20719 -0.91121
  outer loop
   vertex -28.8020 6.9593 5.0953
   vertex -36.5750 5.7168 7.8501
   vertex -34.9830 8.4527 7.8501
  endloop
 endfacet
 facet normal -0.44368 0.25818 -0.85819
  outer loop
   vertex -34.9830 8.4527 7.8501
   vertex -36.5750 5.7168 7.8501
   vertex -42.3560 6.6204 11.1106
  endloop
 endfacet
 facet normal -0.44368 0.25818 -0.85819
  outer loop
   vertex -34.9830 8.4527 7.8501
   vertex -42.3560 6.6204 11.1106
   vertex -40.5123 9.7888 11.1106
  endloop
 endfacet
 facet normal -0.53463 0.31111 -0.78574
  outer loop
   vertex -40.5123 9.7888 11.1106
   vertex -42.3560 6.6204 11.1106
   vertex -47.3479 7.4007 14.8162
  endloop
 endfacet
 facet normal -0.53463 0.31111 -0.78574
  outer loop
   vertex -40.5123 9.7888 11.1106
   vertex -47.3479 7.4007 14.8162
   vertex -45.2869 10.9424 14.8162
  endloop
 endfacet
 facet normal -0.62678 0.36474 -0.68855
  outer loop
   vertex -45.2869 10.9424 14.8162
   vertex -47.3479 7.4007 14.8162
   vertex -51.4579 8.0431 18.8977
  endloop
 endfacet
 facet normal -0.62678 0.36474 -0.68855
  outer loop
   vertex -45.2869 10.9424 14.8162
   vertex -51.4579 8.0431 18.8977
   vertex -49.2179 11.8923 18.8977
  endloop
 endfacet
 facet normal -0.71532 0.41626 -0.56129
  outer loop
   vertex -49.2179 11.8923 18.8977
   vertex -51.4579 8.0431 18.8977
   vertex -54.6092 8.5356 23.2792
  endloop
 endfacet
 facet normal -0.71532 0.41626 -0.56129
  outer loop
   vertex -49.2179 11.8923 18.8977
   vertex -54.6092 8.5356 23.2792
   vertex -52.2321 12.6206 23.2792
  endloop
 endfacet
 facet normal -0.79185 0.46080 -0.40080
  outer loop
   vertex -52.2321 12.6206 23.2792
   vertex -54.6092 8.5356 23.2792
   vertex -56.7434 8.8692 27.8790
  endloop
 endfacet
 facet normal -0.79185 0.46080 -0.40080
  outer loop
   vertex -52.2321 12.6206 23.2792
   vertex -56.7434 8.8692 27.8790
   vertex -54.2733 13.1138 27.8790
  endloop
 endfacet
 facet normal -0.84507 0.49176 -0.20983
  outer loop
   vertex -54.2733 13.1138 27.8790
   vertex -56.7434 8.8692 27.8790
   vertex -57.8204 9.0375 32.6115
  endloop
 endfacet
 facet normal -0.84507 0.49176 -0.20983
  outer loop
   vertex -54.2733 13.1138 27.8790
   vertex -57.8204 9.0375 32.6115
   vertex -55.3035 13.3627 32.6115
  endloop
 endfacet
 facet normal -0.86431 0.50296 0.00000
  outer loop
   vertex -55.3035 13.3627 32.6115
   vertex -57.8204 9.0375 32.6115
   vertex -57.8204 9.0375 37.3885
  endloop
 endfacet
 facet normal -0.86431 0.50296 0.00000
  outer loop
   vertex -55.3035 13.3627 32.6115
   vertex -57.8204 9.0375 37.3885
   vertex -55.3035 13.3627 37.3885
  endloop
 endfacet
 facet normal -0.84507 0.49176 0.20983
  outer loop
   vertex -55.3035 13.3627 37.3885
   vertex -57.8204 9.0375 37.3885
   vertex -56.7434 8.8692 42.1210
  endloop
 endfacet
 facet normal -0.84507 0.49176 0.20983
  outer loop
   vertex -55.3035 13.3627 37.3885
   vertex -56.7434 8.8692 42.1210
   vertex -54.2733 13.1138 42.1210
  endloop
 endfacet
 facet normal -0.79185 0.46080 0.40080
  outer loop
   vertex -54.2733 13.1138 42.1210
   vertex -56.7434 8.8692 42.1210
   vertex -54.6092 8.5356 46.7208
  endloop
 endfacet
 facet normal -0.79185 0.46080 0.40080
  outer loop
   vertex -54.2733 13.1138 42.1210
   vertex -54.6092 8.5356 46.7208
   vertex -52.2321 12.6206 46.7208
  endloop
 endfacet
 facet normal -0.71532 0.41626 0.56129
  outer loop
   vertex -52.2321 12.6206 46.7208
   vertex -54.6092 8.5356 46.7208
   vertex -51.4579 8.0431 51.1023
  endloop
 endfacet
 facet normal -0.71532 0.41626 0.56129
  outer loop
   vertex -52.2321 12.6206 46.7208
   vertex -51.4579 8.0431 51.1023
   vertex -49.2179 11.8923 51.1023
  endloop
 endfacet
 facet normal -0.62678 0.36474 0.68855
  outer loop
   vertex -49.2179 11.8923 51.1023
   vertex -51.4579 8.0431 51.1023
   vertex -47.3479 7.4007 55.1838
  endloop
 endfacet
 facet normal -0.62678 0.36474 0.68855
  outer loop
   vertex -49.2179 11.8923 51.1023
   vertex -47.3479 7.4007 55.1838
   vertex -45.2869 10.9424 55.1838
  endloop
 endfacet
 facet normal -0.53463 0.31111 0.78574
  outer loop
   vertex -45.2869 10.9424 55.1838
   vertex -47.3479 7.4007 55.1838
   vertex -42.3560 6.6204 58.8894
  endloop
 endfacet
 facet normal -0.53463 0.31111 0.78574
  outer loop
   vertex -45.2869 10.9424 55.1838
   vertex -42.3560 6.6204 58.8894
   vertex -40.5123 9.7888 58.8894
  endloop
 endfacet
 facet normal -0.44368 0.25818 0.85819
  outer loop
   vertex -40.5123 9.7888 58.8894
   vertex -42.3560 6.6204 58.8894
   vertex -36.5750 5.7168 62.1499
  endloop
 endfacet
 facet normal -0.44368 0.25818 0.85819
  outer loop
   vertex -40.5123 9.7888 58.8894
   vertex -36.5750 5.7168 62.1499
   vertex -34.9830 8.4527 62.1499
  endloop
 endfacet
 facet normal -0.35605 0.20719 0.91121
  outer loop
   vertex -34.9830 8.4527 62.1499
   vertex -36.5750 5.7168 62.1499
   vertex -30.1128 4.7067 64.9047
  endloop
 endfacet
 facet normal -0.35605 0.20719 0.91121
  outer loop
   vertex -34.9830 8.4527 62.1499
   vertex -30.1128 4.7067 64.9047
   vertex -28.8020 6.9593 64.9047
  endloop
 endfacet
 facet normal -0.27223 0.15842 0.94910
  outer loop
   vertex -28.8020 6.9593 64.9047
   vertex -30.1128 4.7067 64.9047
   vertex -23.0896 3.6090 67.1024
  endloop
 endfacet
 facet normal -0.27223 0.15842 0.94910
  outer loop
   vertex -28.8020 6.9593 64.9047
   vertex -23.0896 3.6090 67.1024
   vertex -22.0845 5.3362 67.1024
  endloop
 endfacet
 facet normal -0.19183 0.11163 0.97506
  outer loop
   vertex -22.0845 5.3362 67.1024
   vertex -23.0896 3.6090 67.1024
   vertex -15.6362 2.4440 68.7021
  endloop
 endfacet
 facet normal -0.19183 0.11163 0.97506
  outer loop
   vertex -22.0845 5.3362 67.1024
   vertex -15.6362 2.4440 68.7021
   vertex -14.9556 3.6136 68.7021
  endloop
 endfacet
 facet normal -0.11403 0.06635 0.99126
  outer loop
   vertex -14.9556 3.6136 68.7021
   vertex -15.6362 2.4440 68.7021
   vertex -7.8916 1.2335 69.6740
  endloop
 endfacet
 facet normal -0.11403 0.06635 0.99126
  outer loop
   vertex -14.9556 3.6136 68.7021
   vertex -7.8916 1.2335 69.6740
   vertex -7.5481 1.8238 69.6740
  endloop
 endfacet
 facet normal -0.03783 0.02201 0.99904
  outer loop
   vertex -7.5481 1.8238 69.6740
   vertex -7.8916 1.2335 69.6740
   vertex -0.0000 0.0000 70.0000
  endloop
 endfacet
 facet normal 0.00000 0.00000 0.00000
  outer loop
   vertex -7.5481 1.8238 69.6740
   vertex -0.0000 0.0000 70.0000
   vertex -0.0000 0.0000 70.0000
  endloop
 endfacet
 facet normal 0.00000 0.00000 0.00000
  outer loop
   vertex -0.0000 0.0000 0.0000
   vertex -0.0000 0.0000 0.0000
   vertex -8.1001 0.6221 0.3260
  endloop
 endfacet
 facet normal -0.03918 0.01336 -0.99914
  outer loop
   vertex -0.0000 0.0000 0.0000
   vertex -8.1001 0.6221 0.3260
   vertex -7.8916 1.2335 0.3260
  endloop
 endfacet
 facet normal -0.11821 0.04031 -0.99217
  outer loop
   vertex -7.8916 1.2335 0.3260
   vertex -8.1001 0.6221 0.3260
   vertex -16.0493 1.2325 1.2979
  endloop
 endfacet
 facet normal -0.11821 0.04031 -0.99217
  outer loop
   vertex -7.8916 1.2335 0.3260
   vertex -16.0493 1.2325 1.2979
   vertex -15.6362 2.4440 1.2979
  endloop
 endfacet
 facet normal -0.19921 0.06793 -0.97760
  outer loop
   vertex -15.6362 2.4440 1.2979
   vertex -16.0493 1.2325 1.2979
   vertex -23.6996 1.8201 2.8976
  endloop
 endfacet
 facet normal -0.19921 0.06793 -0.97760
  outer loop
   vertex -15.6362 2.4440 1.2979
   vertex -23.6996 1.8201 2.8976
   vertex -23.0896 3.6090 2.8976
  endloop
 endfacet
 facet normal -0.28345 0.09665 -0.95410
  outer loop
   vertex -23.0896 3.6090 2.8976
   vertex -23.6996 1.8201 2.8976
   vertex -30.9083 2.3737 5.0953
  endloop
 endfacet
 facet normal -0.28345 0.09665 -0.95410
  outer loop
   vertex -23.0896 3.6090 2.8976
   vertex -30.9083 2.3737 5.0953
   vertex -30.1128 4.7067 5.0953
  endloop
 endfacet
 facet normal -0.37212 0.12689 -0.91947
  outer loop
   vertex -30.1128 4.7067 5.0953
   vertex -30.9083 2.3737 5.0953
   vertex -37.5413 2.8831 7.8501
  endloop
 endfacet
 facet normal -0.37212 0.12689 -0.91947
  outer loop
   vertex -30.1128 4.7067 5.0953
   vertex -37.5413 2.8831 7.8501
   vertex -36.5750 5.7168 7.8501
  endloop
 endfacet
 facet normal -0.46606 0.15892 -0.87036
  outer loop
   vertex -36.5750 5.7168 7.8501
   vertex -37.5413 2.8831 7.8501
   vertex -43.4750 3.3388 11.1106
  endloop
 endfacet
 facet normal -0.46606 0.15892 -0.87036
  outer loop
   vertex -36.5750 5.7168 7.8501
   vertex -43.4750 3.3388 11.1106
   vertex -42.3560 6.6204 11.1106
  endloop
 endfacet
 facet normal -0.56526 0.19275 -0.80208
  outer loop
   vertex -42.3560 6.6204 11.1106
   vertex -43.4750 3.3388 11.1106
   vertex -48.5988 3.7323 14.8162
  endloop
 endfacet
 facet normal -0.56526 0.19275 -0.80208
  outer loop
   vertex -42.3560 6.6204 11.1106
   vertex -48.5988 3.7323 14.8162
   vertex -47.3479 7.4007 14.8162
  endloop
 endfacet
 facet normal -0.66797 0.22777 -0.70847
  outer loop
   vertex -47.3479 7.4007 14.8162
   vertex -48.5988 3.7323 14.8162
   vertex -52.8174 4.0562 18.8977
  endloop
 endfacet
 facet normal -0.66797 0.22777 -0.70847
  outer loop
   vertex -47.3479 7.4007 14.8162
   vertex -52.8174 4.0562 18.8977
   vertex -51.4579 8.0431 18.8977
  endloop
 endfacet
 facet normal -0.76918 0.26229 -0.58272
  outer loop
   vertex -51.4579 8.0431 18.8977
   vertex -52.8174 4.0562 18.8977
   vertex -56.0520 4.3046 23.2792
  endloop
 endfacet
 facet normal -0.76918 0.26229 -0.58272
  outer loop
   vertex -51.4579 8.0431 18.8977
   vertex -56.0520 4.3046 23.2792
   vertex -54.6092 8.5356 23.2792
  endloop
 endfacet
 facet normal -0.85905 0.29293 -0.41980
  outer loop
   vertex -54.6092 8.5356 23.2792
   vertex -56.0520 4.3046 23.2792
   vertex -58.2425 4.4729 27.8790
  endloop
 endfacet
 facet normal -0.85905 0.29293 -0.41980
  outer loop
   vertex -54.6092 8.5356 23.2792
   vertex -58.2425 4.4729 27.8790
   vertex -56.7434 8.8692 27.8790
  endloop
 endfacet
 facet normal -0.92302 0.31474 -0.22127
  outer loop
   vertex -56.7434 8.8692 27.8790
   vertex -58.2425 4.4729 27.8790
   vertex -59.3480 4.5578 32.6115
  endloop
 endfacet
 facet normal -0.92302 0.31474 -0.22127
  outer loop
   vertex -56.7434 8.8692 27.8790
   vertex -59.3480 4.5578 32.6115
   vertex -57.8204 9.0375 32.6115
  endloop
 endfacet
 facet normal -0.94649 0.32274 0.00000
  outer loop
   vertex -57.8204 9.0375 32.6115
   vertex -59.3480 4.5578 32.6115
   vertex -59.3480 4.5578 37.3885
  endloop
 endfacet
 facet normal -0.94649 0.32274 0.00000
  outer loop
   vertex -57.8204 9.0375 32.6115
   vertex -59.3480 4.5578 37.3885
   vertex -57.8204 9.0375 37.3885
  endloop
 endfacet
 facet normal -0.92302 0.31474 0.22127
  outer loop
   vertex -57.8204 9.0375 37.3885
   vertex -59.3480 4.5578 37.3885
   vertex -58.2425 4.4729 42.1210
  endloop
 endfacet
 facet normal -0.92302 0.31474 0.22127
  outer loop
   vertex -57.8204 9.0375 37.3885
   vertex -58.2425 4.4729 42.1210
   vertex -56.7434 8.8692 42.1210
  endloop
 endfacet
 facet normal -0.85905 0.29293 0.41980
  outer loop
   vertex -56.7434 8.8692 42.1210
   vertex -58.2425 4.4729 42.1210
   vertex -56.0520 4.3046 46.7208
  endloop
 endfacet
 facet normal -0.85905 0.29293 0.41980
  outer loop
   vertex -56.7434 8.8692 42.1210
   vertex -56.0520 4.3046 46.7208
   vertex -54.6092 8.5356 46.7208
  endloop
 endfacet
 facet normal -0.76918 0.26229 0.58272
  outer loop
   vertex -54.6092 8.5356 46.7208
   vertex -56.0520 4.3046 46.7208
   vertex -52.8174 4.0562 51.1023
  endloop
 endfacet
 facet normal -0.76918 0.26229 0.58272
  outer loop
   vertex -54.6092 8.5356 46.7208
   vertex -52.8174 4.0562 51.1023
   vertex -51.4579 8.0431 51.1023
  endloop
 endfacet
 facet normal -0.66797 0.22777 0.70847
  outer loop
   vertex -51.4579 8.0431 51.1023
   vertex -52.8174 4.0562 51.1023
   vertex -48.5988 3.7323 55.1838
  endloop
 endfacet
 facet normal -0.66797 0.22777 0.70847
  outer loop
   vertex -51.4579 8.0431 51.1023
   vertex -48.5988 3.7323 55.1838
   vertex -47.3479 7.4007 55.1838
  endloop
 endfacet
 facet normal -0.56526 0.19275 0.80208
  outer loop
   vertex -47.3479 7.4007 55.1838
   vertex -48.5988 3.7323 55.1838
   vertex -43.4750 3.3388 58.8894
  endloop
 endfacet
 facet normal -0.56526 0.19275 0.80208
  outer loop
   vertex -47.3479 7.4007 55.1838
   vertex -43.4750 3.3388 58.8894
   vertex -42.3560 6.6204 58.8894
  endloop
 endfacet
 facet normal -0.46606 0.15892 0.87036
  outer loop
   vertex -42.3560 6.6204 58.8894
   vertex -43.4750 3.3388 58.8894
   vertex -37.5413 2.8831 62.1499
  endloop
 endfacet
 facet normal -0.46606 0.15892 0.87036
  outer loop
   vertex -42.3560 6.6204 58.8894
   vertex -37.5413 2.8831 62.1499
   vertex -36.5750 5.7168 62.1499
  endloop
 endfacet
 facet normal -0.37212 0.12689 0.91947
  outer loop
   vertex -36.5750 5.7168 62.1499
   vertex -37.5413 2.8831 62.1499
   vertex -30.9083 2.3737 64.9047
  endloop
 endfacet
 facet normal -0.37212 0.12689 0.91947
  outer loop
   vertex -36.5750 5.7168 62.1499
   vertex -30.9083 2.3737 64.9047
   vertex -30.1128 4.7067 64.9047
  endloop
 endfacet
 facet normal -0.28345 0.09665 0.95410
  outer loop
   vertex -30.1128 4.7067 64.9047
   vertex -30.9083 2.3737 64.9047
   vertex -23.6996 1.8201 67.1024
  endloop
 endfacet
 facet normal -0.28345 0.09665 0.95410
  outer loop
   vertex -30.1128 4.7067 64.9047
   vertex -23.6996 1.8201 67.1024
   vertex -23.0896 3.6090 67.1024
  endloop
 endfacet
 facet normal -0.19921 0.06793 0.97760
  outer loop
   vertex -23.0896 3.6090 67.1024
   vertex -23.6996 1.8201 67.1024
   vertex -16.0493 1.2325 68.7021
  endloop
 endfacet
 facet normal -0.19921 0.06793 0.97760
  outer loop
   vertex -23.0896 3.6090 67.1024
   vertex -16.0493 1.2325 68.7021
   vertex -15.6362 2.4440 68.7021
  endloop
 endfacet
 facet normal -0.11821 0.04031 0.99217
  outer loop
   vertex -15.6362 2.4440 68.7021
   vertex -16.0493 1.2325 68.7021
   vertex -8.1001 0.6221 69.6740
  endloop
 endfacet
 facet normal -0.11821 0.04031 0.99217
  outer loop
   vertex -15.6362 2.4440 68.7021
   vertex -8.1001 0.6221 69.6740
   vertex -7.8916 1.2335 69.6740
  endloop
 endfacet
 facet normal -0.03918 0.01336 0.99914
  outer loop
   vertex -7.8916 1.2335 69.6740
   vertex -8.1001 0.6221 69.6740
   vertex -0.0000 0.0000 70.0000
  endloop
 endfacet
 facet normal 0.00000 0.00000 0.00000
  outer loop
   vertex -7.8916 1.2335 69.6740
   vertex -0.0000 0.0000 70.0000
   vertex -0.0000 0.0000 70.0000
  endloop
 endfacet
 facet normal 0.00000 0.00000 0.00000
  outer loop
   vertex -0.0000 0.0000 0.0000
   vertex -0.0000 0.0000 0.0000
   vertex -8.1700 0.0000 0.3260
  endloop
 endfacet
 facet normal -0.03987 0.00448 -0.99919
  outer loop
   vertex -0.0000 0.0000 0.0000
   vertex -8.1700 0.0000 0.3260
   vertex -8.1001 0.6221 0.3260
  endloop
 endfacet
 facet normal -0.12033 0.01352 -0.99264
  outer loop
   vertex -8.1001 0.6221 0.3260
   vertex -8.1700 0.0000 0.3260
   vertex -16.1878 0.0000 1.2979
  endloop
 endfacet
 facet normal -0.12033 0.01352 -0.99264
  outer loop
   vertex -8.1001 0.6221 0.3260
   vertex -16.1878 0.0000 1.2979
   vertex -16.0493 1.2325 1.2979
  endloop
 endfacet
 facet normal -0.20295 0.02280 -0.97892
  outer loop
   vertex -16.0493 1.2325 1.2979
   vertex -16.1878 0.0000 1.2979
   vertex -23.9041 0.0000 2.8976
  endloop
 endfacet
 facet normal -0.20295 0.02280 -0.97892
  outer loop
   vertex -16.0493 1.2325 1.2979
   vertex -23.9041 0.0000 2.8976
   vertex -23.6996 1.8201 2.8976
  endloop
 endfacet
 facet normal -0.28918 0.03249 -0.95672
  outer loop
   vertex -23.6996 1.8201 2.8976
   vertex -23.9041 0.0000 2.8976
   vertex -31.1750 0.0000 5.0953
  endloop
 endfacet
 facet normal -0.28918 0.03249 -0.95672
  outer loop
   vertex -23.6996 1.8201 2.8976
   vertex -31.1750 0.0000 5.0953
   vertex -30.9083 2.3737 5.0953
  endloop
 endfacet
 facet normal -0.38040 0.04274 -0.92383
  outer loop
   vertex -30.9083 2.3737 5.0953
   vertex -31.1750 0.0000 5.0953
   vertex -37.8653 0.0000 7.8501
  endloop
 endfacet
 facet normal -0.38040 0.04274 -0.92383
  outer loop
   vertex -30.9083 2.3737 5.0953
   vertex -37.8653 0.0000 7.8501
   vertex -37.5413 2.8831 7.8501
  endloop
 endfacet
 facet normal -0.47772 0.05368 -0.87687
  outer loop
   vertex -37.5413 2.8831 7.8501
   vertex -37.8653 0.0000 7.8501
   vertex -43.8502 0.0000 11.1106
  endloop
 endfacet
 facet normal -0.47772 0.05368 -0.87687
  outer loop
   vertex -37.5413 2.8831 7.8501
   vertex -43.8502 0.0000 11.1106
   vertex -43.4750 3.3388 11.1106
  endloop
 endfacet
 facet normal -0.58146 0.06533 -0.81095
  outer loop
   vertex -43.4750 3.3388 11.1106
   vertex -43.8502 0.0000 11.1106
   vertex -49.0182 0.0000 14.8162
  endloop
 endfacet
 facet normal -0.58146 0.06533 -0.81095
  outer loop
   vertex -43.4750 3.3388 11.1106
   vertex -49.0182 0.0000 14.8162
   vertex -48.5988 3.7323 14.8162
  endloop
 endfacet
 facet normal -0.69017 0.07755 -0.71948
  outer loop
   vertex -48.5988 3.7323 14.8162
   vertex -49.0182 0.0000 14.8162
   vertex -53.2731 0.0000 18.8977
  endloop
 endfacet
 facet normal -0.69017 0.07755 -0.71948
  outer loop
   vertex -48.5988 3.7323 14.8162
   vertex -53.2731 0.0000 18.8977
   vertex -52.8174 4.0562 18.8977
  endloop
 endfacet
 facet normal -0.79883 0.08976 -0.59482
  outer loop
   vertex -52.8174 4.0562 18.8977
   vertex -53.2731 0.0000 18.8977
   vertex -56.5357 0.0000 23.2792
  endloop
 endfacet
 facet normal -0.79883 0.08976 -0.59482
  outer loop
   vertex -52.8174 4.0562 18.8977
   vertex -56.5357 0.0000 23.2792
   vertex -56.0520 4.3046 23.2792
  endloop
 endfacet
 facet normal -0.89682 0.10077 -0.43076
  outer loop
   vertex -56.0520 4.3046 23.2792
   vertex -56.5357 0.0000 23.2792
   vertex -58.7450 0.0000 27.8790
  endloop
 endfacet
 facet normal -0.89682 0.10077 -0.43076
  outer loop
   vertex -56.0520 4.3046 23.2792
   vertex -58.7450 0.0000 27.8790
   vertex -58.2425 4.4729 27.8790
  endloop
 endfacet
 facet normal -0.96758 0.10872 -0.22798
  outer loop
   vertex -58.2425 4.4729 27.8790
   vertex -58.7450 0.0000 27.8790
   vertex -59.8601 0.0000 32.6115
  endloop
 endfacet
 facet normal -0.96758 0.10872 -0.22798
  outer loop
   vertex -58.2425 4.4729 27.8790
   vertex -59.8601 0.0000 32.6115
   vertex -59.3480 4.5578 32.6115
  endloop
 endfacet
 facet normal -0.99375 0.11166 0.00000
  outer loop
   vertex -59.3480 4.5578 32.6115
   vertex -59.8601 0.0000 32.6115
   vertex -59.8601 0.0000 37.3885
  endloop
 endfacet
 facet normal -0.99375 0.11166 0.00000
  outer loop
   vertex -59.3480 4.5578 32.6115
   vertex -59.8601 0.0000 37.3885
   vertex -59.3480 4.5578 37.3885
  endloop
 endfacet
 facet normal -0.96758 0.10872 0.22798
  outer loop
   vertex -59.3480 4.5578 37.3885
   vertex -59.8601 0.0000 37.3885
   vertex -58.7450 0.0000 42.1210
  endloop
 endfacet
 facet normal -0.96758 0.10872 0.22798
  outer loop
   vertex -59.3480 4.5578 37.3885
   vertex -58.7450 0.0000 42.1210
   vertex -58.2425 4.4729 42.1210
  endloop
 endfacet
 facet normal -0.89682 0.10077 0.43076
  outer loop
   vertex -58.2425 4.4729 42.1210
   vertex -58.7450 0.0000 42.1210
   vertex -56.5357 0.0000 46.7208
  endloop
 endfacet
 facet normal -0.89682 0.10077 0.43076
  outer loop
   vertex -58.2425 4.4729 42.1210
   vertex -56.5357 0.0000 46.7208
   vertex -56.0520 4.3046 46.7208
  endloop
 endfacet
 facet normal -0.79883 0.08976 0.59482
  outer loop
   vertex -56.0520 4.3046 46.7208
   vertex -56.5357 0.0000 46.7208
   vertex -53.2731 0.0000 51.1023
  endloop
 endfacet
 facet normal -0.79883 0.08976 0.59482
  outer loop
   vertex -56.0520 4.3046 46.7208
   vertex -53.2731 0.0000 51.1023
   vertex -52.8174 4.0562 51.1023
  endloop
 endfacet
 facet normal -0.69017 0.07755 0.71948
  outer loop
   vertex -52.8174 4.0562 51.1023
   vertex -53.2731 0.0000 51.1023
   vertex -49.0182 0.0000 55.1838
  endloop
 endfacet
 facet normal -0.69017 0.07755 0.71948
  outer loop
   vertex -52.8174 4.0562 51.1023
   vertex -49.0182 0.0000 55.1838
   vertex -48.5988 3.7323 55.1838
  endloop
 endfacet
 facet normal -0.58146 0.06533 0.81095
  outer loop
   vertex -48.5988 3.7323 55.1838
   vertex -49.0182 0.0000 55.1838
   vertex -43.8502 0.0000 58.8894
  endloop
 endfacet
 facet normal -0.58146 0.06533 0.81095
  outer loop
   vertex -48.5988 3.7323 55.1838
   vertex -43.8502 0.0000 58.8894
   vertex -43.4750 3.3388 58.8894
  endloop
 endfacet
 facet normal -0.47772 0.05368 0.87687
  outer loop
   vertex -43.4750 3.3388 58.8894
   vertex -43.8502 0.0000 58.8894
   vertex -37.8653 0.0000 62.1499
  endloop
 endfacet
 facet normal -0.47772 0.05368 0.87687
  outer loop
   vertex -43.4750 3.3388 58.8894
   vertex -37.8653 0.0000 62.1499
   vertex -37.5413 2.8831 62.1499
  endloop
 endfacet
 facet normal -0.38040 0.04274 0.92383
  outer loop
   vertex -37.5413 2.8831 62.1499
   vertex -37.8653 0.0000 62.1499
   vertex -31.1750 0.0000 64.9047
  endloop
 endfacet
 facet normal -0.38040 0.04274 0.92383
  outer loop
   vertex -37.5413 2.8831 62.1499
   vertex -31.1750 0.0000 64.9047
   vertex -30.9083 2.3737 64.9047
  endloop
 endfacet
 facet normal -0.28918 0.03249 0.95672
  outer loop
   vertex -30.9083 2.3737 64.9047
   vertex -31.1750 0.0000 64.9047
   vertex -23.9041 0.0000 67.1024
  endloop
 endfacet
 facet normal -0.28918 0.03249 0.95672
  outer loop
   vertex -30.9083 2.3737 64.9047
   vertex -23.9041 0.0000 67.1024
   vertex -23.6996 1.8201 67.1024
  endloop
 endfacet
 facet normal -0.20295 0.02280 0.97892
  outer loop
   vertex -23.6996 1.8201 67.1024
   vertex -23.9041 0.0000 67.1024
   vertex -16.1878 0.0000 68.7021
  endloop
 endfacet
 facet normal -0.20295 0.02280 0.97892
  outer loop
   vertex -23.6996 1.8201 67.1024
   vertex -16.1878 0.0000 68.7021
   vertex -16.0493 1.2325 68.7021
  endloop
 endfacet
 facet normal -0.12033 0.01352 0.99264
  outer loop
   vertex -16.0493 1.2325 68.7021
   vertex -16.1878 0.0000 68.7021
   vertex -8.1700 0.0000 69.6740
  endloop
 endfacet
 facet normal -0.12033 0.01352 0.99264
  outer loop
   vertex -16.0493 1.2325 68.7021
   vertex -8.1700 0.0000 69.6740
   vertex -8.1001 0.6221 69.6740
  endloop
 endfacet
 facet normal -0.03987 0.00448 0.99919
  outer loop
   vertex -8.1001 0.6221 69.6740
   vertex -8.1700 0.0000 69.6740
   vertex -0.0000 0.0000 70.0000
  endloop
 endfacet
 facet normal 0.00000 0.00000 0.00000
  outer loop
   vertex -8.1001 0.6221 69.6740
   vertex -0.0000 0.0000 70.0000
   vertex -0.0000 0.0000 70.0000
  endloop
 endfacet
 facet normal 0.00000 0.00000 0.00000
  outer loop
   vertex -0.0000 0.0000 0.0000
   vertex -0.0000 -0.0000 0.0000
   vertex -8.1001 -0.6221 0.3260
  endloop
 endfacet
 facet normal -0.03987 -0.00448 -0.99919
  outer loop
   vertex -0.0000 0.0000 0.0000
   vertex -8.1001 -0.6221 0.3260
   vertex -8.1700 0.0000 0.3260
  endloop
 endfacet
 facet normal -0.12033 -0.01352 -0.99264
  outer loop
   vertex -8.1700 0.0000 0.3260
   vertex -8.1001 -0.6221 0.3260
   vertex -16.0493 -1.2325 1.2979
  endloop
 endfacet
 facet normal -0.12033 -0.01352 -0.99264
  outer loop
   vertex -8.1700 0.0000 0.3260
   vertex -16.0493 -1.2325 1.2979
   vertex -16.1878 0.0000 1.2979
  endloop
 endfacet
 facet normal -0.20295 -0.02280 -0.97892
  outer loop
   vertex -16.1878 0.0000 1.2979
   vertex -16.0493 -1.2325 1.2979
   vertex -23.6996 -1.8201 2.8976
  endloop
 endfacet
 facet normal -0.20295 -0.02280 -0.97892
  outer loop
   vertex -16.1878 0.0000 1.2979
   vertex -23.6996 -1.8201 2.8976
   vertex -23.9041 0.0000 2.8976
  endloop
 endfacet
 facet normal -0.28918 -0.03249 -0.95672
  outer loop
   vertex -23.9041 0.0000 2.8976
   vertex -23.6996 -1.8201 2.8976
   vertex -30.9083 -2.3737 5.0953
  endloop
 endfacet
 facet normal -0.28918 -0.03249 -0.95672
  outer loop
   vertex -23.9041 0.0000 2.8976
   vertex -30.9083 -2.3737 5.0953
   vertex -31.1750 0.0000 5.0953
  endloop
 endfacet
 facet normal -0.38040 -0.04274 -0.92383
  outer loop
   vertex -31.1750 0.0000 5.0953
   vertex -30.9083 -2.3737 5.0953
   vertex -37.5413 -2.8831 7.8501
  endloop
 endfacet
 facet normal -0.38040 -0.04274 -0.92383
  outer loop
   vertex -31.1750 0.0000 5.0953
   vertex -37.5413 -2.8831 7.8501
   vertex -37.8653 0.0000 7.8501
  endloop
 endfacet
 facet normal -0.47772 -0.05368 -0.87687
  outer loop
   vertex -37.8653 0.0000 7.8501
   vertex -37.5413 -2.8831 7.8501
   vertex -43.4750 -3.3388 11.1106
  endloop
 endfacet
 facet normal -0.47772 -0.05368 -0.87687
  outer loop
   vertex -37.8653 0.0000 7.8501
   vertex -43.4750 -3.3388 11.1106
   vertex -43.8502 0.0000 11.1106
  endloop
 endfacet
 facet normal -0.58146 -0.06533 -0.81095
  outer loop
   vertex -43.8502 0.0000 11.1106
   vertex -43.4750 -3.3388 11.1106
   vertex -48.5988 -3.7323 14.8162
  endloop
 endfacet
 facet normal -0.58146 -0.06533 -0.81095
  outer loop
   vertex -43.8502 0.0000 11.1106
   vertex -48.5988 -3.7323 14.8162
   vertex -49.0182 0.0000 14.8162
  endloop
 endfacet
 facet normal -0.69017 -0.07755 -0.71948
  outer loop
   vertex -49.0182 0.0000 14.8162
   vertex -48.5988 -3.7323 14.8162
   vertex -52.8174 -4.0562 18.8977
  endloop
 endfacet
 facet normal -0.69017 -0.07755 -0.71948
  outer loop
   vertex -49.0182 0.0000 14.8162
   vertex -52.8174 -4.0562 18.8977
   vertex -53.2731 0.0000 18.8977
  endloop
 endfacet
 facet normal -0.79883 -0.08976 -0.59482
  outer loop
   vertex -53.2731 0.0000 18.8977
   vertex -52.8174 -4.0562 18.8977
   vertex -56.0520 -4.3046 23.2792
  endloop
 endfacet
 facet normal -0.79883 -0.08976 -0.59482
  outer loop
   vertex -53.2731 0.0000 18.8977
   vertex -56.0520 -4.3046 23.2792
   vertex -56.5357 0.0000 23.2792
  endloop
 endfacet
 facet normal -0.89682 -0.10077 -0.43076
  outer loop
   vertex -56.5357 0.0000 23.2792
   vertex -56.0520 -4.3046 23.2792
   vertex -58.2425 -4.4729 27.8790
  endloop
 endfacet
 facet normal -0.89682 -0.10077 -0.43076
  outer loop
   vertex -56.5357 0.0000 23.2792
   vertex -58.2425 -4.4729 27.8790
   vertex -58.7450 0.0000 27.8790
  endloop
 endfacet
 facet normal -0.96758 -0.10872 -0.22798
  outer loop
   vertex -58.7450 0.0000 27.8790
   vertex -58.2425 -4.4729 27.8790
   vertex -59.3480 -4.5578 32.6115
  endloop
 endfacet
 facet normal -0.96758 -0.10872 -0.22798
  outer loop
   vertex -58.7450 0.0000 27.8790
   vertex -59.3480 -4.5578 32.6115
   vertex -59.8601 0.0000 32.6115
  endloop
 endfacet
 facet normal -0.99375 -0.11166 0.00000
  outer loop
   vertex -59.8601 0.0000 32.6115
   vertex -59.3480 -4.5578 32.6115
   vertex -59.3480 -4.5578 37.3885
  endloop
 endfacet
 facet normal -0.99375 -0.11166 0.00000
  outer loop
   vertex -59.8601 0.0000 32.6115
   vertex -59.3480 -4.5578 37.3885
   vertex -59.8601 0.0000 37.3885
  endloop
 endfacet
 facet normal -0.96758 -0.10872 0.22798
  outer loop
   vertex -59.8601 0.0000 37.3885
   vertex -59.3480 -4.5578 37.3885
   vertex -58.2425 -4.4729 42.1210
  endloop
 endfacet
 facet normal -0.96758 -0.10872 0.22798
  outer loop
   vertex -59.8601 0.0000 37.3885
   vertex -58.2425 -4.4729 42.1210
   vertex -58.7450 0.0000 42.1210
  endloop
 endfacet
 facet normal -0.89682 -0.10077 0.43076
  outer loop
   vertex -58.7450 0.0000 42.1210
   vertex -58.2425 -4.4729 42.1210
   vertex -56.0520 -4.3046 46.7208
  endloop
 endfacet
 facet normal -0.89682 -0.10077 0.43076
  outer loop
   vertex -58.7450 0.0000 42.1210
   vertex -56.0520 -4.3046 46.7208
   vertex -56.5357 0.0000 46.7208
  endloop
 endfacet
 facet normal -0.79883 -0.08976 0.59482
  outer loop
   vertex -56.5357 0.0000 46.7208
   vertex -56.0520 -4.3046 46.7208
   vertex -52.8174 -4.0562 51.1023
  endloop
 endfacet
 facet normal -0.79883 -0.08976 0.59482
  outer loop
   vertex -56.5357 0.0000 46.7208
   vertex -52.8174 -4.0562 51.1023
   vertex -53.2731 0.0000 51.1023
  endloop
 endfacet
 facet normal -0.69017 -0.07755 0.71948
  outer loop
   vertex -53.2731 0.0000 51.1023
   vertex -52.8174 -4.0562 51.1023
   vertex -48.5988 -3.7323 55.1838
  endloop
 endfacet
 facet normal -0.69017 -0.07755 0.71948
  outer loop
   vertex -53.2731 0.0000 51.1023
   vertex -48.5988 -3.7323 55.1838
   vertex -49.0182 0.0000 55.1838
  endloop
 endfacet
 facet normal -0.58146 -0.06533 0.81095
  outer loop
   vertex -49.0182 0.0000 55.1838
   vertex -48.5988 -3.7323 55.1838
   vertex -43.4750 -3.3388 58.8894
  endloop
 endfacet
 facet normal -0.58146 -0.06533 0.81095
  outer loop
   vertex -49.0182 0.0000 55.1838
   vertex -43.4750 -3.3388 58.8894
   vertex -43.8502 0.0000 58.8894
  endloop
 endfacet
 facet normal -0.47772 -0.05368 0.87687
  outer loop
   vertex -43.8502 0.0000 58.8894
   vertex -43.4750 -3.3388 58.8894
   vertex -37.5413 -2.8831 62.1499
  endloop
 endfacet
 facet normal -0.47772 -0.05368 0.87687
  outer loop
   vertex -43.8502 0.0000 58.8894
   vertex -37.5413 -2.8831 62.1499
   vertex -37.8653 0.0000 62.1499
  endloop
 endfacet
 facet normal -0.38040 -0.04274 0.92383
  outer loop
   vertex -37.8653 0.0000 62.1499
   vertex -37.5413 -2.8831 62.1499
   vertex -30.9083 -2.3737 64.9047
  endloop
 endfacet
 facet normal -0.38040 -0.04274 0.92383
  outer loop
   vertex -37.8653 0.0000 62.1499
   vertex -30.9083 -2.3737 64.9047
   vertex -31.1750 0.0000 64.9047
  endloop
 endfacet
 facet normal -0.28918 -0.03249 0.95672
  outer loop
   vertex -31.1750 0.0000 64.9047
   vertex -30.9083 -2.3737 64.9047
   vertex -23.6996 -1.8201 67.1024
  endloop
 endfacet
 facet normal -0.28918 -0.03249 0.95672
  outer loop
   vertex -31.1750 0.0000 64.9047
   vertex -23.6996 -1.8201 67.1024
   vertex -23.9041 0.0000 67.1024
  endloop
 endfacet
 facet normal -0.20295 -0.02280 0.97892
  outer loop
   vertex -23.9041 0.0000 67.1024
   vertex -23.6996 -1.8201 67.1024
   vertex -16.0493 -1.2325 68.7021
  endloop
 endfacet
 facet normal -0.20295 -0.02280 0.97892
  outer loop
   vertex -23.9041 0.0000 67.1024
   vertex -16.0493 -1.2325 68.7021
   vertex -16.1878 0.0000 68.7021
  endloop
 endfacet
 facet normal -0.12033 -0.01352 0.99264
  outer loop
   vertex -16.1878 0.0000 68.7021
   vertex -16.0493 -1.2325 68.7021
   vertex -8.1001 -0.6221 69.6740
  endloop
 endfacet
 facet normal -0.12033 -0.01352 0.99264
  outer loop
   vertex -16.1878 0.0000 68.7021
   vertex -8.1001 -0.6221 69.6740
   vertex -8.1700 0.0000 69.6740
  endloop
 endfacet
 facet normal -0.03987 -0.00448 0.99919
  outer loop
   vertex -8.1700 0.0000 69.6740
   vertex -8.1001 -0.6221 69.6740
   vertex -0.0000 -0.0000 70.0000
  endloop
 endfacet
 facet normal 0.00000 0.00000 0.00000
  outer loop
   vertex -8.1700 0.0000 69.6740
   vertex -0.0000 -0.0000 70.0000
   vertex -0.0000 0.0000 70.0000
  endloop
 endfacet
 facet normal 0.00000 0.00000 0.00000
  outer loop
   vertex -0.0000 -0.0000 0.0000
   vertex -0.0000 -0.0000 0.0000
   vertex -7.8916 -1.2335 0.3260
  endloop
 endfacet
 facet normal -0.03918 -0.01336 -0.99914
  outer loop
   vertex -0.0000 -0.0000 0.0000
   vertex -7.8916 -1.2335 0.3260
   vertex -8.1001 -0.6221 0.3260
  endloop
 endfacet
 facet normal -0.11821 -0.04031 -0.99217
  outer loop
   vertex -8.1001 -0.6221 0.3260
   vertex -7.8916 -1.2335 0.3260
   vertex -15.6362 -2.4440 1.2979
  endloop
 endfacet
 facet normal -0.11821 -0.04031 -0.99217
  outer loop
   vertex -8.1001 -0.6221 0.3260
   vertex -15.6362 -2.4440 1.2979
   vertex -16.0493 -1.2325 1.2979
  endloop
 endfacet
 facet normal -0.19921 -0.06793 -0.97760
  outer loop
   vertex -16.0493 -1.2325 1.2979
   vertex -15.6362 -2.4440 1.2979
   vertex -23.0896 -3.6090 2.8976
  endloop
 endfacet
 facet normal -0.19921 -0.06793 -0.97760
  outer loop
   vertex -16.0493 -1.2325 1.2979
   vertex -23.0896 -3.6090 2.8976
   vertex -23.6996 -1.8201 2.8976
  endloop
 endfacet
 facet normal -0.28345 -0.09665 -0.95410
  outer loop
   vertex -23.6996 -1.8201 2.8976
   vertex -23.0896 -3.6090 2.8976
   vertex -30.1128 -4.7067 5.0953
  endloop
 endfacet
 facet normal -0.28345 -0.09665 -0.95410
  outer loop
   vertex -23.6996 -1.8201 2.8976
   vertex -30.1128 -4.7067 5.0953
   vertex -30.9083 -2.3737 5.0953
  endloop
 endfacet
 facet normal -0.37212 -0.12689 -0.91947
  outer loop
   vertex -30.9083 -2.3737 5.0953
   vertex -30.1128 -4.7067 5.0953
   vertex -36.5750 -5.7168 7.8501
  endloop
 endfacet
 facet normal -0.37212 -0.12689 -0.91947
  outer loop
   vertex -30.9083 -2.3737 5.0953
   vertex -36.5750 -5.7168 7.8501
   vertex -37.5413 -2.8831 7.8501
  endloop
 endfacet
 facet normal -0.46606 -0.15892 -0.87036
  outer loop
   vertex -37.5413 -2.8831 7.8501
   vertex -36.5750 -5.7168 7.8501
   vertex -42.3560 -6.6204 11.1106
  endloop
 endfacet
 facet normal -0.46606 -0.15892 -0.87036
  outer loop
   vertex -37.5413 -2.8831 7.8501
   vertex -42.3560 -6.6204 11.1106
   vertex -43.4750 -3.3388 11.1106
  endloop
 endfacet
 facet normal -0.56526 -0.19275 -0.80208
  outer loop
   vertex -43.4750 -3.3388 11.1106
   vertex -42.3560 -6.6204 11.1106
   vertex -47.3479 -7.4007 14.8162
  endloop
 endfacet
 facet normal -0.56526 -0.19275 -0.80208
  outer loop
   vertex -43.4750 -3.3388 11.1106
   vertex -47.3479 -7.4007 14.8162
   vertex -48.5988 -3.7323 14.8162
  endloop
 endfacet
 facet normal -0.66797 -0.22777 -0.70847
  outer loop
   vertex -48.5988 -3.7323 14.8162
   vertex -47.3479 -7.4007 14.8162
   vertex -51.4579 -8.0431 18.8977
  endloop
 endfacet
 facet normal -0.66797 -0.22777 -0.70847
  outer loop
   vertex -48.5988 -3.7323 14.8162
   vertex -51.4579 -8.0431 18.8977
   vertex -52.8174 -4.0562 18.8977
  endloop
 endfacet
 facet normal -0.76918 -0.26229 -0.58272
  outer loop
   vertex -52.8174 -4.0562 18.8977
   vertex -51.4579 -8.0431 18.8977
   vertex -54.6092 -8.5356 23.2792
  endloop
 endfacet
 facet normal -0.76918 -0.26229 -0.58272
  outer loop
   vertex -52.8174 -4.0562 18.8977
   vertex -54.6092 -8.5356 23.2792
   vertex -56.0520 -4.3046 23.2792
  endloop
 endfacet
 facet normal -0.85905 -0.29293 -0.41980
  outer loop
   vertex -56.0520 -4.3046 23.2792
   vertex -54.6092 -8.5356 23.2792
   vertex -56.7434 -8.8692 27.8790
  endloop
 endfacet
 facet normal -0.85905 -0.29293 -0.41980
  outer loop
   vertex -56.0520 -4.3046 23.2792
   vertex -56.7434 -8.8692 27.8790
   vertex -58.2425 -4.4729 27.8790
  endloop
 endfacet
 facet normal -0.92302 -0.31474 -0.22127
  outer loop
   vertex -58.2425 -4.4729 27.8790
   vertex -56.7434 -8.8692 27.8790
   vertex -57.8204 -9.0375 32.6115
  endloop
 endfacet
 facet normal -0.92302 -0.31474 -0.22127
  outer loop
   vertex -58.2425 -4.4729 27.8790
   vertex -57.8204 -9.0375 32.6115
   vertex -59.3480 -4.5578 32.6115
  endloop
 endfacet
 facet normal -0.94649 -0.32274 0.00000
  outer loop
   vertex -59.3480 -4.5578 32.6115
   vertex -57.8204 -9.0375 32.6115
   vertex -57.8204 -9.0375 37.3885
  endloop
 endfacet
 facet normal -0.94649 -0.32274 0.00000
  outer loop
   vertex -59.3480 -4.5578 32.6115
   vertex -57.8204 -9.0375 37.3885
   vertex -59.3480 -4.5578 37.3885
  endloop
 endfacet
 facet normal -0.92302 -0.31474 0.22127
  outer loop
   vertex -59.3480 -4.5578 37.3885
   vertex -57.8204 -9.0375 37.3885
   vertex -56.7434 -8.8692 42.1210
  endloop
 endfacet
 facet normal -0.92302 -0.31474 0.22127
  outer loop
   vertex -59.3480 -4.5578 37.3885
   vertex -56.7434 -8.8692 42.1210
   vertex -58.2425 -4.4729 42.1210
  endloop
 endfacet
 facet normal -0.85905 -0.29293 0.41980
  outer loop
   vertex -58.2425 -4.4729 42.1210
   vertex -56.7434 -8.8692 42.1210
   vertex -54.6092 -8.5356 46.7208
  endloop
 endfacet
 facet normal -0.85905 -0.29293 0.41980
  outer loop
   vertex -58.2425 -4.4729 42.1210
   vertex -54.6092 -8.5356 46.7208
   vertex -56.0520 -4.3046 46.7208
  endloop
 endfacet
 facet normal -0.76918 -0.26229 0.58272
  outer loop
   vertex -56.0520 -4.3046 46.7208
   vertex -54.6092 -8.5356 46.7208
   vertex -51.4579 -8.0431 51.1023
  endloop
 endfacet
 facet normal -0.76918 -0.26229 0.58272
  outer loop
   vertex -56.0520 -4.3046 46.7208
   vertex -51.4579 -8.0431 51.1023
   vertex -52.8174 -4.0562 51.1023
  endloop
 endfacet
 facet normal -0.66797 -0.22777 0.70847
  outer loop
   vertex -52.8174 -4.0562 51.1023
   vertex -51.4579 -8.0431 51.1023
   vertex -47.3479 -7.4007 55.1838
  endloop
 endfacet
 facet normal -0.66797 -0.22777 0.70847
  outer loop
   vertex -52.8174 -4.0562 51.1023
   vertex -47.3479 -7.4007 55.1838
   vertex -48.5988 -3.7323 55.1838
  endloop
 endfacet
 facet normal -0.56526 -0.19275 0.80208
  outer loop
   vertex -48.5988 -3.7323 55.1838
   vertex -47.3479 -7.4007 55.1838
   vertex -42.3560 -6.6204 58.8894
  endloop
 endfacet
 facet normal -0.56526 -0.19275 0.80208
  outer loop
   vertex -48.5988 -3.7323 55.1838
   vertex -42.3560 -6.6204 58.8894
   vertex -43.4750 -3.3388 58.8894
  endloop
 endfacet
 facet normal -0.46606 -0.15892 0.87036
  outer loop
   vertex -43.4750 -3.3388 58.8894
   vertex -42.3560 -6.6204 58.8894
   vertex -36.5750 -5.7168 62.1499
  endloop
 endfacet
 facet normal -0.46606 -0.15892 0.87036
  outer loop
   vertex -43.4750 -3.3388 58.8894
   vertex -36.5750 -5.7168 62.1499
   vertex -37.5413 -2.8831 62.1499
  endloop
 endfacet
 facet normal -0.37212 -0.12689 0.91947
  outer loop
   vertex -37.5413 -2.8831 62.1499
   vertex -36.5750 -5.7168 62.1499
   vertex -30.1128 -4.7067 64.9047
  endloop
 endfacet
 facet normal -0.37212 -0.12689 0.91947
  outer loop
   vertex -37.5413 -2.8831 62.1499
   vertex -30.1128 -4.7067 64.9047
   vertex -30.9083 -2.3737 64.9047
  endloop
 endfacet
 facet normal -0.28345 -0.09665 0.95410
  outer loop
   vertex -30.9083 -2.3737 64.9047
   vertex -30.1128 -4.7067 64.9047
   vertex -23.0896 -3.6090 67.1024
  endloop
 endfacet
 facet normal -0.28345 -0.09665 0.95410
  outer loop
   vertex -30.9083 -2.3737 64.9047
   vertex -23.0896 -3.6090 67.1024
   vertex -23.6996 -1.8201 67.1024
  endloop
 endfacet
 facet normal -0.19921 -0.06793 0.97760
  outer loop
   vertex -23.6996 -1.8201 67.1024
   vertex -23.0896 -3.6090 67.1024
   vertex -15.6362 -2.4440 68.7021
  endloop
 endfacet
 facet normal -0.19921 -0.06793 0.97760
  outer loop
   vertex -23.6996 -1.8201 67.1024
   vertex -15.6362 -2.4440 68.7021
   vertex -16.0493 -1.2325 68.7021
  endloop
 endfacet
 facet normal -0.11821 -0.04031 0.99217
  outer loop
   vertex -16.0493 -1.2325 68.7021
   vertex -15.6362 -2.4440 68.7021
   vertex -7.8916 -1.2335 69.6740
  endloop
 endfacet
 facet normal -0.11821 -0.04031 0.99217
  outer loop
   vertex -16.0493 -1.2325 68.7021
   vertex -7.8916 -1.2335 69.6740
   vertex -8.1001 -0.6221 69.6740
  endloop
 endfacet
 facet normal -0.03918 -0.01336 0.99914
  outer loop
   vertex -8.1001 -0.6221 69.6740
   vertex -7.8916 -1.2335 69.6740
   vertex -0.0000 -0.0000 70.0000
  endloop
 endfacet
 facet normal 0.00000 0.00000 0.00000
  outer loop
   vertex -8.1001 -0.6221 69.6740
   vertex -0.0000 -0.0000 70.0000
   vertex -0.0000 -0.0000 70.0000
  endloop
 endfacet
 facet normal 0.00000 0.00000 0.00000
  outer loop
   vertex -0.0000 -0.0000 0.0000
   vertex -0.0000 -0.0000 0.0000
   vertex -7.5481 -1.8238 0.3260
  endloop
 endfacet
 facet normal -0.03783 -0.02201 -0.99904
  outer loop
   vertex -0.0000 -0.0000 0.0000
   vertex -7.5481 -1.8238 0.3260
   vertex -7.8916 -1.2335 0.3260
  endloop
 endfacet
 facet normal -0.11403 -0.06635 -0.99126
  outer loop
   vertex -7.8916 -1.2335 0.3260
   vertex -7.5481 -1.8238 0.3260
   vertex -14.9556 -3.6136 1.2979
  endloop
 endfacet
 facet normal -0.11403 -0.06635 -0.99126
  outer loop
   vertex -7.8916 -1.2335 0.3260
   vertex -14.9556 -3.6136 1.2979
   vertex -15.6362 -2.4440 1.2979
  endloop
 endfacet
 facet normal -0.19183 -0.11163 -0.97506
  outer loop
   vertex -15.6362 -2.4440 1.2979
   vertex -14.9556 -3.6136 1.2979
   vertex -22.0845 -5.3362 2.8976
  endloop
 endfacet
 facet normal -0.19183 -0.11163 -0.97506
  outer loop
   vertex -15.6362 -2.4440 1.2979
   vertex -22.0845 -5.3362 2.8976
   vertex -23.0896 -3.6090 2.8976
  endloop
 endfacet
 facet normal -0.27223 -0.15842 -0.94910
  outer loop
   vertex -23.0896 -3.6090 2.8976
   vertex -22.0845 -5.3362 2.8976
   vertex -28.8020 -6.9593 5.0953
  endloop
 endfacet
 facet normal -0.27223 -0.15842 -0.94910
  outer loop
   vertex -23.0896 -3.6090 2.8976
   vertex -28.8020 -6.9593 5.0953
   vertex -30.1128 -4.7067 5.0953
  endloop
 endfacet
 facet normal -0.35605 -0.20719 -0.91121
  outer loop
   vertex -30.1128 -4.7067 5.0953
   vertex -28.8020 -6.9593 5.0953
   vertex -34.9830 -8.4527 7.8501
  endloop
 endfacet
 facet normal -0.35605 -0.20719 -0.91121
  outer loop
   vertex -30.1128 -4.7067 5.0953
   vertex -34.9830 -8.4527 7.8501
   vertex -36.5750 -5.7168 7.8501
  endloop
 endfacet
 facet normal -0.44368 -0.25818 -0.85819
  outer loop
   vertex -36.5750 -5.7168 7.8501
   vertex -34.9830 -8.4527 7.8501
   vertex -40.5123 -9.7888 11.1106
  endloop
 endfacet
 facet normal -0.44368 -0.25818 -0.85819
  outer loop
   vertex -36.5750 -5.7168 7.8501
   vertex -40.5123 -9.7888 11.1106
   vertex -42.3560 -6.6204 11.1106
  endloop
 endfacet
 facet normal -0.53463 -0.31111 -0.78574
  outer loop
   vertex -42.3560 -6.6204 11.1106
   vertex -40.5123 -9.7888 11.1106
   vertex -45.2869 -10.9424 14.8162
  endloop
 endfacet
 facet normal -0.53463 -0.31111 -0.78574
  outer loop
   vertex -42.3560 -6.6204 11.1106
   vertex -45.2869 -10.9424 14.8162
   vertex -47.3479 -7.4007 14.8162
  endloop
 endfacet
 facet normal -0.62678 -0.36474 -0.68855
  outer loop
   vertex -47.3479 -7.4007 14.8162
   vertex -45.2869 -10.9424 14.8162
   vertex -49.2179 -11.8923 18.8977
  endloop
 endfacet
 facet normal -0.62678 -0.36474 -0.68855
  outer loop
   vertex -47.3479 -7.4007 14.8162
   vertex -49.2179 -11.8923 18.8977
   vertex -51.4579 -8.0431 18.8977
  endloop
 endfacet
 facet normal -0.71532 -0.41626 -0.56129
  outer loop
   vertex -51.4579 -8.0431 18.8977
   vertex -49.2179 -11.8923 18.8977
   vertex -52.2321 -12.6206 23.2792
  endloop
 endfacet
 facet normal -0.71532 -0.41626 -0.56129
  outer loop
   vertex -51.4579 -8.0431 18.8977
   vertex -52.2321 -12.6206 23.2792
   vertex -54.6092 -8.5356 23.2792
  endloop
 endfacet
 facet normal -0.79185 -0.46080 -0.40080
  outer loop
   vertex -54.6092 -8.5356 23.2792
   vertex -52.2321 -12.6206 23.2792
   vertex -54.2733 -13.1138 27.8790
  endloop
 endfacet
 facet normal -0.79185 -0.46080 -0.40080
  outer loop
   vertex -54.6092 -8.5356 23.2792
   vertex -54.2733 -13.1138 27.8790
   vertex -56.7434 -8.8692 27.8790
  endloop
 endfacet
 facet normal -0.84507 -0.49176 -0.20983
  outer loop
   vertex -56.7434 -8.8692 27.8790
   vertex -54.2733 -13.1138 27.8790
   vertex -55.3035 -13.3627 32.6115
  endloop
 endfacet
 facet normal -0.84507 -0.49176 -0.20983
  outer loop
   vertex -56.7434 -8.8692 27.8790
   vertex -55.3035 -13.3627 32.6115
   vertex -57.8204 -9.0375 32.6115
  endloop
 endfacet
 facet normal -0.86431 -0.50296 0.00000
  outer loop
   vertex -57.8204 -9.0375 32.6115
   vertex -55.3035 -13.3627 32.6115
   vertex -55.3035 -13.3627 37.3885
  endloop
 endfacet
 facet normal -0.86431 -0.50296 0.00000
  outer loop
   vertex -57.8204 -9.0375 32.6115
   vertex -55.3035 -13.3627 37.3885
   vertex -57.8204 -9.0375 37.3885
  endloop
 endfacet
 facet normal -0.84507 -0.49176 0.20983
  outer loop
   vertex -57.8204 -9.0375 37.3885
   vertex -55.3035 -13.3627 37.3885
   vertex -54.2733 -13.1138 42.1210
  endloop
 endfacet
 facet normal -0.84507 -0.49176 0.20983
  outer loop
   vertex -57.8204 -9.0375 37.3885
   vertex -54.2733 -13.1138 42.1210
   vertex -56.7434 -8.8692 42.1210
  endloop
 endfacet
 facet normal -0.79185 -0.46080 0.40080
  outer loop
   vertex -56.7434 -8.8692 42.1210
   vertex -54.2733 -13.1138 42.1210
   vertex -52.2321 -12.6206 46.7208
  endloop
 endfacet
 facet normal -0.79185 -0.46080 0.40080
  outer loop
   vertex -56.7434 -8.8692 42.1210
   vertex -52.2321 -12.6206 46.7208
   vertex -54.6092 -8.5356 46.7208
  endloop
 endfacet
 facet normal -0.71532 -0.41626 0.56129
  outer loop
   vertex -54.6092 -8.5356 46.7208
   vertex -52.2321 -12.6206 46.7208
   vertex -49.2179 -11.8923 51.1023
  endloop
 endfacet
 facet normal -0.71532 -0.41626 0.56129
  outer loop
   vertex -54.6092 -8.5356 46.7208
   vertex -49.2179 -11.8923 51.1023
   vertex -51.4579 -8.0431 51.1023
  endloop
 endfacet
 facet normal -0.62678 -0.36474 0.68855
  outer loop
   vertex -51.4579 -8.0431 51.1023
   vertex -49.2179 -11.8923 51.1023
   vertex -45.2869 -10.9424 55.1838
  endloop
 endfacet
 facet normal -0.62678 -0.36474 0.68855
  outer loop
   vertex -51.4579 -8.0431 51.1023
   vertex -45.2869 -10.9424 55.1838
   vertex -47.3479 -7.4007 55.1838
  endloop
 endfacet
 facet normal -0.53463 -0.31111 0.78574
  outer loop
   vertex -47.3479 -7.4007 55.1838
   vertex -45.2869 -10.9424 55.1838
   vertex -40.5123 -9.7888 58.8894
  endloop
 endfacet
 facet normal -0.53463 -0.31111 0.78574
  outer loop
   vertex -47.3479 -7.4007 55.1838
   vertex -40.5123 -9.7888 58.8894
   vertex -42.3560 -6.6204 58.8894
  endloop
 endfacet
 facet normal -0.44368 -0.25818 0.85819
  outer loop
   vertex -42.3560 -6.6204 58.8894
   vertex -40.5123 -9.7888 58.8894
   vertex -34.9830 -8.4527 62.1499
  endloop
 endfacet
 facet normal -0.44368 -0.25818 0.85819
  outer loop
   vertex -42.3560 -6.6204 58.8894
   vertex -34.9830 -8.4527 62.1499
   vertex -36.5750 -5.7168 62.1499
  endloop
 endfacet
 facet normal -0.35605 -0.20719 0.91121
  outer loop
   vertex -36.5750 -5.7168 62.1499
   vertex -34.9830 -8.4527 62.1499
   vertex -28.8020 -6.9593 64.9047
  endloop
 endfacet
 facet normal -0.35605 -0.20719 0.91121
  outer loop
   vertex -36.5750 -5.7168 62.1499
   vertex -28.8020 -6.9593 64.9047
   vertex -30.1128 -4.7067 64.9047
  endloop
 endfacet
 facet normal -0.27223 -0.15842 0.94910
  outer loop
   vertex -30.1128 -4.7067 64.9047
   vertex -28.8020 -6.9593 64.9047
   vertex -22.0845 -5.3362 67.1024
  endloop
 endfacet
 facet normal -0.27223 -0.15842 0.94910
  outer loop
   vertex -30.1128 -4.7067 64.9047
   vertex -22.0845 -5.3362 67.1024
   vertex -23.0896 -3.6090 67.1024
  endloop
 endfacet
 facet normal -0.19183 -0.11163 0.97506
  outer loop
   vertex -23.0896 -3.6090 67.1024
   vertex -22.0845 -5.3362 67.1024
   vertex -14.9556 -3.6136 68.7021
  endloop
 endfacet
 facet normal -0.19183 -0.11163 0.97506
  outer loop
   vertex -23.0896 -3.6090 67.1024
   vertex -14.9556 -3.6136 68.7021
   vertex -15.6362 -2.4440 68.7021
  endloop
 endfacet
 facet normal -0.11403 -0.06635 0.99126
  outer loop
   vertex -15.6362 -2.4440 68.7021
   vertex -14.9556 -3.6136 68.7021
   vertex -7.5481 -1.8238 69.6740
  endloop
 endfacet
 facet normal -0.11403 -0.06635 0.99126
  outer loop
   vertex -15.6362 -2.4440 68.7021
   vertex -7.5481 -1.8238 69.6740
   vertex -7.8916 -1.2335 69.6740
  endloop
 endfacet
 facet normal -0.03783 -0.02201 0.99904
  outer loop
   vertex -7.8916 -1.2335 69.6740
   vertex -7.5481 -1.8238 69.6740
   vertex -0.0000 -0.0000 70.0000
  endloop
 endfacet
 facet normal 0.00000 0.00000 0.00000
  outer loop
   vertex -7.8916 -1.2335 69.6740
   vertex -0.0000 -0.0000 70.0000
   vertex -0.0000 -0.0000 70.0000
  endloop
 endfacet
 facet normal 0.00000 0.00000 0.00000
  outer loop
   vertex -0.0000 -0.0000 0.0000
   vertex -0.0000 -0.0000 0.0000
   vertex -7.0754 -2.3829 0.3260
  endloop
 endfacet
 facet normal -0.03582 -0.03028 -0.99890
  outer loop
   vertex -0.0000 -0.0000 0.0000
   vertex -7.0754 -2.3829 0.3260
   vertex -7.5481 -1.8238 0.3260
  endloop
 endfacet
 facet normal -0.10786 -0.09118 -0.98998
  outer loop
   vertex -7.5481 -1.8238 0.3260
   vertex -7.0754 -2.3829 0.3260
   vertex -14.0191 -4.7214 1.2979
  endloop
 endfacet
 facet normal -0.10786 -0.09118 -0.98998
  outer loop
   vertex -7.5481 -1.8238 0.3260
   vertex -14.0191 -4.7214 1.2979
   vertex -14.9556 -3.6136 1.2979
  endloop
 endfacet
 facet normal -0.18102 -0.15304 -0.97150
  outer loop
   vertex -14.9556 -3.6136 1.2979
   vertex -14.0191 -4.7214 1.2979
   vertex -20.7015 -6.9720 2.8976
  endloop
 endfacet
 facet normal -0.18102 -0.15304 -0.97150
  outer loop
   vertex -14.9556 -3.6136 1.2979
   vertex -20.7015 -6.9720 2.8976
   vertex -22.0845 -5.3362 2.8976
  endloop
 endfacet
 facet normal -0.25596 -0.21638 -0.94216
  outer loop
   vertex -22.0845 -5.3362 2.8976
   vertex -20.7015 -6.9720 2.8976
   vertex -26.9984 -9.0927 5.0953
  endloop
 endfacet
 facet normal -0.25596 -0.21638 -0.94216
  outer loop
   vertex -22.0845 -5.3362 2.8976
   vertex -26.9984 -9.0927 5.0953
   vertex -28.8020 -6.9593 5.0953
  endloop
 endfacet
 facet normal -0.33304 -0.28155 -0.89990
  outer loop
   vertex -28.8020 -6.9593 5.0953
   vertex -26.9984 -9.0927 5.0953
   vertex -32.7923 -11.0440 7.8501
  endloop
 endfacet
 facet normal -0.33304 -0.28155 -0.89990
  outer loop
   vertex -28.8020 -6.9593 5.0953
   vertex -32.7923 -11.0440 7.8501
   vertex -34.9830 -8.4527 7.8501
  endloop
 endfacet
 facet normal -0.41220 -0.34847 -0.84182
  outer loop
   vertex -34.9830 -8.4527 7.8501
   vertex -32.7923 -11.0440 7.8501
   vertex -37.9754 -12.7896 11.1106
  endloop
 endfacet
 facet normal -0.41220 -0.34847 -0.84182
  outer loop
   vertex -34.9830 -8.4527 7.8501
   vertex -37.9754 -12.7896 11.1106
   vertex -40.5123 -9.7888 11.1106
  endloop
 endfacet
 facet normal -0.49252 -0.41637 -0.76424
  outer loop
   vertex -40.5123 -9.7888 11.1106
   vertex -37.9754 -12.7896 11.1106
   vertex -42.4510 -14.2970 14.8162
  endloop
 endfacet
 facet normal -0.49252 -0.41637 -0.76424
  outer loop
   vertex -40.5123 -9.7888 11.1106
   vertex -42.4510 -14.2970 14.8162
   vertex -45.2869 -10.9424 14.8162
  endloop
 endfacet
 facet normal -0.57167 -0.48328 -0.66305
  outer loop
   vertex -45.2869 -10.9424 14.8162
   vertex -42.4510 -14.2970 14.8162
   vertex -46.1359 -15.5380 18.8977
  endloop
 endfacet
 facet normal -0.57167 -0.48328 -0.66305
  outer loop
   vertex -45.2869 -10.9424 14.8162
   vertex -46.1359 -15.5380 18.8977
   vertex -49.2179 -11.8923 18.8977
  endloop
 endfacet
 facet normal -0.64536 -0.54558 -0.53465
  outer loop
   vertex -49.2179 -11.8923 18.8977
   vertex -46.1359 -15.5380 18.8977
   vertex -48.9613 -16.4896 23.2792
  endloop
 endfacet
 facet normal -0.64536 -0.54558 -0.53465
  outer loop
   vertex -49.2179 -11.8923 18.8977
   vertex -48.9613 -16.4896 23.2792
   vertex -52.2321 -12.6206 23.2792
  endloop
 endfacet
 facet normal -0.70706 -0.59774 -0.37785
  outer loop
   vertex -52.2321 -12.6206 23.2792
   vertex -48.9613 -16.4896 23.2792
   vertex -50.8747 -17.1340 27.8790
  endloop
 endfacet
 facet normal -0.70706 -0.59774 -0.37785
  outer loop
   vertex -52.2321 -12.6206 23.2792
   vertex -50.8747 -17.1340 27.8790
   vertex -54.2733 -13.1138 27.8790
  endloop
 endfacet
 facet normal -0.74881 -0.63304 -0.19630
  outer loop
   vertex -54.2733 -13.1138 27.8790
   vertex -50.8747 -17.1340 27.8790
   vertex -51.8404 -17.4592 32.6115
  endloop
 endfacet
 facet normal -0.74881 -0.63304 -0.19630
  outer loop
   vertex -54.2733 -13.1138 27.8790
   vertex -51.8404 -17.4592 32.6115
   vertex -55.3035 -13.3627 32.6115
  endloop
 endfacet
 facet normal -0.76367 -0.64560 0.00000
  outer loop
   vertex -55.3035 -13.3627 32.6115
   vertex -51.8404 -17.4592 32.6115
   vertex -51.8404 -17.4592 37.3885
  endloop
 endfacet
 facet normal -0.76367 -0.64560 0.00000
  outer loop
   vertex -55.3035 -13.3627 32.6115
   vertex -51.8404 -17.4592 37.3885
   vertex -55.3035 -13.3627 37.3885
  endloop
 endfacet
 facet normal -0.74881 -0.63304 0.19630
  outer loop
   vertex -55.3035 -13.3627 37.3885
   vertex -51.8404 -17.4592 37.3885
   vertex -50.8747 -17.1340 42.1210
  endloop
 endfacet
 facet normal -0.74881 -0.63304 0.19630
  outer loop
   vertex -55.3035 -13.3627 37.3885
   vertex -50.8747 -17.1340 42.1210
   vertex -54.2733 -13.1138 42.1210
  endloop
 endfacet
 facet normal -0.70706 -0.59774 0.37785
  outer loop
   vertex -54.2733 -13.1138 42.1210
   vertex -50.8747 -17.1340 42.1210
   vertex -48.9613 -16.4896 46.7208
  endloop
 endfacet
 facet normal -0.70706 -0.59774 0.37785
  outer loop
   vertex -54.2733 -13.1138 42.1210
   vertex -48.9613 -16.4896 46.7208
   vertex -52.2321 -12.6206 46.7208
  endloop
 endfacet
 facet normal -0.64536 -0.54558 0.53465
  outer loop
   vertex -52.2321 -12.6206 46.7208
   vertex -48.9613 -16.4896 46.7208
   vertex -46.1359 -15.5380 51.1023
  endloop
 endfacet
 facet normal -0.64536 -0.54558 0.53465
  outer loop
   vertex -52.2321 -12.6206 46.7208
   vertex -46.1359 -15.5380 51.1023
   vertex -49.2179 -11.8923 51.1023
  endloop
 endfacet
 facet normal -0.57167 -0.48328 0.66305
  outer loop
   vertex -49.2179 -11.8923 51.1023
   vertex -46.1359 -15.5380 51.1023
   vertex -42.4510 -14.2970 55.1838
  endloop
 endfacet
 facet normal -0.57167 -0.48328 0.66305
  outer loop
   vertex -49.2179 -11.8923 51.1023
   vertex -42.4510 -14.2970 55.1838
   vertex -45.2869 -10.9424 55.1838
  endloop
 endfacet
 facet normal -0.49252 -0.41637 0.76424
  outer loop
   vertex -45.2869 -10.9424 55.1838
   vertex -42.4510 -14.2970 55.1838
   vertex -37.9754 -12.7896 58.8894
  endloop
 endfacet
 facet normal -0.49252 -0.41637 0.76424
  outer loop
   vertex -45.2869 -10.9424 55.1838
   vertex -37.9754 -12.7896 58.8894
   vertex -40.5123 -9.7888 58.8894
  endloop
 endfacet
 facet normal -0.41220 -0.34847 0.84182
  outer loop
   vertex -40.5123 -9.7888 58.8894
   vertex -37.9754 -12.7896 58.8894
   vertex -32.7923 -11.0440 62.1499
  endloop
 endfacet
 facet normal -0.41220 -0.34847 0.84182
  outer loop
   vertex -40.5123 -9.7888 58.8894
   vertex -32.7923 -11.0440 62.1499
   vertex -34.9830 -8.4527 62.1499
  endloop
 endfacet
 facet normal -0.33304 -0.28155 0.89990
  outer loop
   vertex -34.9830 -8.4527 62.1499
   vertex -32.7923 -11.0440 62.1499
   vertex -26.9984 -9.0927 64.9047
  endloop
 endfacet
 facet normal -0.33304 -0.28155 0.89990
  outer loop
   vertex -34.9830 -8.4527 62.1499
   vertex -26.9984 -9.0927 64.9047
   vertex -28.8020 -6.9593 64.9047
  endloop
 endfacet
 facet normal -0.25596 -0.21638 0.94216
  outer loop
   vertex -28.8020 -6.9593 64.9047
   vertex -26.9984 -9.0927 64.9047
   vertex -20.7015 -6.9720 67.1024
  endloop
 endfacet
 facet normal -0.25596 -0.21638 0.94216
  outer loop
   vertex -28.8020 -6.9593 64.9047
   vertex -20.7015 -6.9720 67.1024
   vertex -22.0845 -5.3362 67.1024
  endloop
 endfacet
 facet normal -0.18102 -0.15304 0.97150
  outer loop
   vertex -22.0845 -5.3362 67.1024
   vertex -20.7015 -6.9720 67.1024
   vertex -14.0191 -4.7214 68.7021
  endloop
 endfacet
 facet normal -0.18102 -0.15304 0.97150
  outer loop
   vertex -22.0845 -5.3362 67.1024
   vertex -14.0191 -4.7214 68.7021
   vertex -14.9556 -3.6136 68.7021
  endloop
 endfacet
 facet normal -0.10786 -0.09118 0.98998
  outer loop
   vertex -14.9556 -3.6136 68.7021
   vertex -14.0191 -4.7214 68.7021
   vertex -7.0754 -2.3829 69.6740
  endloop
 endfacet
 facet normal -0.10786 -0.09118 0.98998
  outer loop
   vertex -14.9556 -3.6136 68.7021
   vertex -7.0754 -2.3829 69.6740
   vertex -7.5481 -1.8238 69.6740
  endloop
 endfacet
 facet normal -0.03582 -0.03028 0.99890
  outer loop
   vertex -7.5481 -1.8238 69.6740
   vertex -7.0754 -2.3829 69.6740
   vertex -0.0000 -0.0000 70.0000
  endloop
 endfacet
 facet normal 0.00000 0.00000 0.00000
  outer loop
   vertex -7.5481 -1.8238 69.6740
   vertex -0.0000 -0.0000 70.0000
   vertex -0.0000 -0.0000 70.0000
  endloop
 endfacet
 facet normal 0.00000 0.00000 0.00000
  outer loop
   vertex -0.0000 -0.0000 0.0000
   vertex -0.0000 -0.0000 0.0000
   vertex -6.4817 -2.9013 0.3260
  endloop
 endfacet
 facet normal -0.03321 -0.03804 -0.99872
  outer loop
   vertex -0.0000 -0.0000 0.0000
   vertex -6.4817 -2.9013 0.3260
   vertex -7.0754 -2.3829 0.3260
  endloop
 endfacet
 facet normal -0.09983 -0.11436 -0.98841
  outer loop
   vertex -7.0754 -2.3829 0.3260
   vertex -6.4817 -2.9013 0.3260
   vertex -12.8427 -5.7485 1.2979
  endloop
 endfacet
 facet normal -0.09983 -0.11436 -0.98841
  outer loop
   vertex -7.0754 -2.3829 0.3260
   vertex -12.8427 -5.7485 1.2979
   vertex -14.0191 -4.7214 1.2979
  endloop
 endfacet
 facet normal -0.16708 -0.19138 -0.96719
  outer loop
   vertex -14.0191 -4.7214 1.2979
   vertex -12.8427 -5.7485 1.2979
   vertex -18.9644 -8.4886 2.8976
  endloop
 endfacet
 facet normal -0.16708 -0.19138 -0.96719
  outer loop
   vertex -14.0191 -4.7214 1.2979
   vertex -18.9644 -8.4886 2.8976
   vertex -20.7015 -6.9720 2.8976
  endloop
 endfacet
 facet normal -0.23520 -0.26941 -0.93386
  outer loop
   vertex -20.7015 -6.9720 2.8976
   vertex -18.9644 -8.4886 2.8976
   vertex -24.7328 -11.0706 5.0953
  endloop
 endfacet
 facet normal -0.23520 -0.26941 -0.93386
  outer loop
   vertex -20.7015 -6.9720 2.8976
   vertex -24.7328 -11.0706 5.0953
   vertex -26.9984 -9.0927 5.0953
  endloop
 endfacet
 facet normal -0.30419 -0.34844 -0.88660
  outer loop
   vertex -26.9984 -9.0927 5.0953
   vertex -24.7328 -11.0706 5.0953
   vertex -30.0405 -13.4464 7.8501
  endloop
 endfacet
 facet normal -0.30419 -0.34844 -0.88660
  outer loop
   vertex -26.9984 -9.0927 5.0953
   vertex -30.0405 -13.4464 7.8501
   vertex -32.7923 -11.0440 7.8501
  endloop
 endfacet
 facet normal -0.37359 -0.42793 -0.82298
  outer loop
   vertex -32.7923 -11.0440 7.8501
   vertex -30.0405 -13.4464 7.8501
   vertex -34.7887 -15.5717 11.1106
  endloop
 endfacet
 facet normal -0.37359 -0.42793 -0.82298
  outer loop
   vertex -32.7923 -11.0440 7.8501
   vertex -34.7887 -15.5717 11.1106
   vertex -37.9754 -12.7896 11.1106
  endloop
 endfacet
 facet normal -0.44222 -0.50654 -0.74017
  outer loop
   vertex -37.9754 -12.7896 11.1106
   vertex -34.7887 -15.5717 11.1106
   vertex -38.8887 -17.4069 14.8162
  endloop
 endfacet
 facet normal -0.44222 -0.50654 -0.74017
  outer loop
   vertex -37.9754 -12.7896 11.1106
   vertex -38.8887 -17.4069 14.8162
   vertex -42.4510 -14.2970 14.8162
  endloop
 endfacet
 facet normal -0.50785 -0.58172 -0.63537
  outer loop
   vertex -42.4510 -14.2970 14.8162
   vertex -38.8887 -17.4069 14.8162
   vertex -42.2644 -18.9179 18.8977
  endloop
 endfacet
 facet normal -0.50785 -0.58172 -0.63537
  outer loop
   vertex -42.4510 -14.2970 14.8162
   vertex -42.2644 -18.9179 18.8977
   vertex -46.1359 -15.5380 18.8977
  endloop
 endfacet
 facet normal -0.56699 -0.64946 -0.50668
  outer loop
   vertex -46.1359 -15.5380 18.8977
   vertex -42.2644 -18.9179 18.8977
   vertex -44.8528 -20.0764 23.2792
  endloop
 endfacet
 facet normal -0.56699 -0.64946 -0.50668
  outer loop
   vertex -46.1359 -15.5380 18.8977
   vertex -44.8528 -20.0764 23.2792
   vertex -48.9613 -16.4896 23.2792
  endloop
 endfacet
 facet normal -0.61495 -0.70440 -0.35448
  outer loop
   vertex -48.9613 -16.4896 23.2792
   vertex -44.8528 -20.0764 23.2792
   vertex -46.6056 -20.8610 27.8790
  endloop
 endfacet
 facet normal -0.61495 -0.70440 -0.35448
  outer loop
   vertex -48.9613 -16.4896 23.2792
   vertex -46.6056 -20.8610 27.8790
   vertex -50.8747 -17.1340 27.8790
  endloop
 endfacet
 facet normal -0.64657 -0.74062 -0.18283
  outer loop
   vertex -50.8747 -17.1340 27.8790
   vertex -46.6056 -20.8610 27.8790
   vertex -47.4902 -21.2570 32.6115
  endloop
 endfacet
 facet normal -0.64657 -0.74062 -0.18283
  outer loop
   vertex -50.8747 -17.1340 27.8790
   vertex -47.4902 -21.2570 32.6115
   vertex -51.8404 -17.4592 32.6115
  endloop
 endfacet
 facet normal -0.65766 -0.75332 0.00000
  outer loop
   vertex -51.8404 -17.4592 32.6115
   vertex -47.4902 -21.2570 32.6115
   vertex -47.4902 -21.2570 37.3885
  endloop
 endfacet
 facet normal -0.65766 -0.75332 0.00000
  outer loop
   vertex -51.8404 -17.4592 32.6115
   vertex -47.4902 -21.2570 37.3885
   vertex -51.8404 -17.4592 37.3885
  endloop
 endfacet
 facet normal -0.64657 -0.74062 0.18283
  outer loop
   vertex -51.8404 -17.4592 37.3885
   vertex -47.4902 -21.2570 37.3885
   vertex -46.6056 -20.8610 42.1210
  endloop
 endfacet
 facet normal -0.64657 -0.74062 0.18283
  outer loop
   vertex -51.8404 -17.4592 37.3885
   vertex -46.6056 -20.8610 42.1210
   vertex -50.8747 -17.1340 42.1210
  endloop
 endfacet
 facet normal -0.61495 -0.70440 0.35448
  outer loop
   vertex -50.8747 -17.1340 42.1210
   vertex -46.6056 -20.8610 42.1210
   vertex -44.8528 -20.0764 46.7208
  endloop
 endfacet
 facet normal -0.61495 -0.70440 0.35448
  outer loop
   vertex -50.8747 -17.1340 42.1210
   vertex -44.8528 -20.0764 46.7208
   vertex -48.9613 -16.4896 46.7208
  endloop
 endfacet
 facet normal -0.56699 -0.64946 0.50668
  outer loop
   vertex -48.9613 -16.4896 46.7208
   vertex -44.8528 -20.0764 46.7208
   vertex -42.2644 -18.9179 51.1023
  endloop
 endfacet
 facet normal -0.56699 -0.64946 0.50668
  outer loop
   vertex -48.9613 -16.4896 46.7208
   vertex -42.2644 -18.9179 51.1023
   vertex -46.1359 -15.5380 51.1023
  endloop
 endfacet
 facet normal -0.50785 -0.58172 0.63537
  outer loop
   vertex -46.1359 -15.5380 51.1023
   vertex -42.2644 -18.9179 51.1023
   vertex -38.8887 -17.4069 55.1838
  endloop
 endfacet
 facet normal -0.50785 -0.58172 0.63537
  outer loop
   vertex -46.1359 -15.5380 51.1023
   vertex -38.8887 -17.4069 55.1838
   vertex -42.4510 -14.2970 55.1838
  endloop
 endfacet
 facet normal -0.44222 -0.50654 0.74017
  outer loop
   vertex -42.4510 -14.2970 55.1838
   vertex -38.8887 -17.4069 55.1838
   vertex -34.7887 -15.5717 58.8894
  endloop
 endfacet
 facet normal -0.44222 -0.50654 0.74017
  outer loop
   vertex -42.4510 -14.2970 55.1838
   vertex -34.7887 -15.5717 58.8894
   vertex -37.9754 -12.7896 58.8894
  endloop
 endfacet
 facet normal -0.37359 -0.42793 0.82298
  outer loop
   vertex -37.9754 -12.7896 58.8894
   vertex -34.7887 -15.5717 58.8894
   vertex -30.0405 -13.4464 62.1499
  endloop
 endfacet
 facet normal -0.37359 -0.42793 0.82298
  outer loop
   vertex -37.9754 -12.7896 58.8894
   vertex -30.0405 -13.4464 62.1499
   vertex -32.7923 -11.0440 62.1499
  endloop
 endfacet
 facet normal -0.30419 -0.34844 0.88660
  outer loop
   vertex -32.7923 -11.0440 62.1499
   vertex -30.0405 -13.4464 62.1499
   vertex -24.7328 -11.0706 64.9047
  endloop
 endfacet
 facet normal -0.30419 -0.34844 0.88660
  outer loop
   vertex -32.7923 -11.0440 62.1499
   vertex -24.7328 -11.0706 64.9047
   vertex -26.9984 -9.0927 64.9047
  endloop
 endfacet
 facet normal -0.23520 -0.26941 0.93386
  outer loop
   vertex -26.9984 -9.0927 64.9047
   vertex -24.7328 -11.0706 64.9047
   vertex -18.9644 -8.4886 67.1024
  endloop
 endfacet
 facet normal -0.23520 -0.26941 0.93386
  outer loop
   vertex -26.9984 -9.0927 64.9047
   vertex -18.9644 -8.4886 67.1024
   vertex -20.7015 -6.9720 67.1024
  endloop
 endfacet
 facet normal -0.16708 -0.19138 0.96719
  outer loop
   vertex -20.7015 -6.9720 67.1024
   vertex -18.9644 -8.4886 67.1024
   vertex -12.8427 -5.7485 68.7021
  endloop
 endfacet
 facet normal -0.16708 -0.19138 0.96719
  outer loop
   vertex -20.7015 -6.9720 67.1024
   vertex -12.8427 -5.7485 68.7021
   vertex -14.0191 -4.7214 68.7021
  endloop
 endfacet
 facet normal -0.09983 -0.11436 0.98841
  outer loop
   vertex -14.0191 -4.7214 68.7021
   vertex -12.8427 -5.7485 68.7021
   vertex -6.4817 -2.9013 69.6740
  endloop
 endfacet
 facet normal -0.09983 -0.11436 0.98841
  outer loop
   vertex -14.0191 -4.7214 68.7021
   vertex -6.4817 -2.9013 69.6740
   vertex -7.0754 -2.3829 69.6740
  endloop
 endfacet
 facet normal -0.03321 -0.03804 0.99872
  outer loop
   vertex -7.0754 -2.3829 69.6740
   vertex -6.4817 -2.9013 69.6740
   vertex -0.0000 -0.0000 70.0000
  endloop
 endfacet
 facet normal 0.00000 0.00000 0.00000
  outer loop
   vertex -7.0754 -2.3829 69.6740
   vertex -0.0000 -0.0000 70.0000
   vertex -0.0000 -0.0000 70.0000
  endloop
 endfacet
 facet normal 0.00000 0.00000 0.00000
  outer loop
   vertex -0.0000 -0.0000 0.0000
   vertex -0.0000 -0.0000 0.0000
   vertex -5.7771 -3.3700 0.3260
  endloop
 endfacet
 facet normal -0.03002 -0.04513 -0.99853
  outer loop
   vertex -0.0000 -0.0000 0.0000
   vertex -5.7771 -3.3700 0.3260
   vertex -6.4817 -2.9013 0.3260
  endloop
 endfacet
 facet normal -0.09011 -0.13548 -0.98667
  outer loop
   vertex -6.4817 -2.9013 0.3260
   vertex -5.7771 -3.3700 0.3260
   vertex -11.4465 -6.6771 1.2979
  endloop
 endfacet
 facet normal -0.09011 -0.13548 -0.98667
  outer loop
   vertex -6.4817 -2.9013 0.3260
   vertex -11.4465 -6.6771 1.2979
   vertex -12.8427 -5.7485 1.2979
  endloop
 endfacet
 facet normal -0.15034 -0.22602 -0.96245
  outer loop
   vertex -12.8427 -5.7485 1.2979
   vertex -11.4465 -6.6771 1.2979
   vertex -16.9027 -9.8599 2.8976
  endloop
 endfacet
 facet normal -0.15034 -0.22602 -0.96245
  outer loop
   vertex -12.8427 -5.7485 1.2979
   vertex -16.9027 -9.8599 2.8976
   vertex -18.9644 -8.4886 2.8976
  endloop
 endfacet
 facet normal -0.21063 -0.31665 -0.92486
  outer loop
   vertex -18.9644 -8.4886 2.8976
   vertex -16.9027 -9.8599 2.8976
   vertex -22.0441 -12.8590 5.0953
  endloop
 endfacet
 facet normal -0.21063 -0.31665 -0.92486
  outer loop
   vertex -18.9644 -8.4886 2.8976
   vertex -22.0441 -12.8590 5.0953
   vertex -24.7328 -11.0706 5.0953
  endloop
 endfacet
 facet normal -0.27067 -0.40692 -0.87244
  outer loop
   vertex -24.7328 -11.0706 5.0953
   vertex -22.0441 -12.8590 5.0953
   vertex -26.7748 -15.6186 7.8501
  endloop
 endfacet
 facet normal -0.27067 -0.40692 -0.87244
  outer loop
   vertex -24.7328 -11.0706 5.0953
   vertex -26.7748 -15.6186 7.8501
   vertex -30.0405 -13.4464 7.8501
  endloop
 endfacet
 facet normal -0.32978 -0.49578 -0.80340
  outer loop
   vertex -30.0405 -13.4464 7.8501
   vertex -26.7748 -15.6186 7.8501
   vertex -31.0067 -18.0873 11.1106
  endloop
 endfacet
 facet normal -0.32978 -0.49578 -0.80340
  outer loop
   vertex -30.0405 -13.4464 7.8501
   vertex -31.0067 -18.0873 11.1106
   vertex -34.7887 -15.5717 11.1106
  endloop
 endfacet
 facet normal -0.38672 -0.58139 -0.71584
  outer loop
   vertex -34.7887 -15.5717 11.1106
   vertex -31.0067 -18.0873 11.1106
   vertex -34.6611 -20.2190 14.8162
  endloop
 endfacet
 facet normal -0.38672 -0.58139 -0.71584
  outer loop
   vertex -34.7887 -15.5717 11.1106
   vertex -34.6611 -20.2190 14.8162
   vertex -38.8887 -17.4069 14.8162
  endloop
 endfacet
 facet normal -0.43961 -0.66090 -0.60824
  outer loop
   vertex -38.8887 -17.4069 14.8162
   vertex -34.6611 -20.2190 14.8162
   vertex -37.6698 -21.9740 18.8977
  endloop
 endfacet
 facet normal -0.43961 -0.66090 -0.60824
  outer loop
   vertex -38.8887 -17.4069 14.8162
   vertex -37.6698 -21.9740 18.8977
   vertex -42.2644 -18.9179 18.8977
  endloop
 endfacet
 facet normal -0.48582 -0.73038 -0.48013
  outer loop
   vertex -42.2644 -18.9179 18.8977
   vertex -37.6698 -21.9740 18.8977
   vertex -39.9767 -23.3198 23.2792
  endloop
 endfacet
 facet normal -0.48582 -0.73038 -0.48013
  outer loop
   vertex -42.2644 -18.9179 18.8977
   vertex -39.9767 -23.3198 23.2792
   vertex -44.8528 -20.0764 23.2792
  endloop
 endfacet
 facet normal -0.52224 -0.78513 -0.33292
  outer loop
   vertex -44.8528 -20.0764 23.2792
   vertex -39.9767 -23.3198 23.2792
   vertex -41.5390 -24.2311 27.8790
  endloop
 endfacet
 facet normal -0.52224 -0.78513 -0.33292
  outer loop
   vertex -44.8528 -20.0764 23.2792
   vertex -41.5390 -24.2311 27.8790
   vertex -46.6056 -20.8610 27.8790
  endloop
 endfacet
 facet normal -0.54571 -0.82041 -0.17066
  outer loop
   vertex -46.6056 -20.8610 27.8790
   vertex -41.5390 -24.2311 27.8790
   vertex -42.3275 -24.6910 32.6115
  endloop
 endfacet
 facet normal -0.54571 -0.82041 -0.17066
  outer loop
   vertex -46.6056 -20.8610 27.8790
   vertex -42.3275 -24.6910 32.6115
   vertex -47.4902 -21.2570 32.6115
  endloop
 endfacet
 facet normal -0.55383 -0.83263 0.00000
  outer loop
   vertex -47.4902 -21.2570 32.6115
   vertex -42.3275 -24.6910 32.6115
   vertex -42.3275 -24.6910 37.3885
  endloop
 endfacet
 facet normal -0.55383 -0.83263 0.00000
  outer loop
   vertex -47.4902 -21.2570 32.6115
   vertex -42.3275 -24.6910 37.3885
   vertex -47.4902 -21.2570 37.3885
  endloop
 endfacet
 facet normal -0.54571 -0.82041 0.17066
  outer loop
   vertex -47.4902 -21.2570 37.3885
   vertex -42.3275 -24.6910 37.3885
   vertex -41.5390 -24.2311 42.1210
  endloop
 endfacet
 facet normal -0.54571 -0.82041 0.17066
  outer loop
   vertex -47.4902 -21.2570 37.3885
   vertex -41.5390 -24.2311 42.1210
   vertex -46.6056 -20.8610 42.1210
  endloop
 endfacet
 facet normal -0.52224 -0.78513 0.33292
  outer loop
   vertex -46.6056 -20.8610 42.1210
   vertex -41.5390 -24.2311 42.1210
   vertex -39.9767 -23.3198 46.7208
  endloop
 endfacet
 facet normal -0.52224 -0.78513 0.33292
  outer loop
   vertex -46.6056 -20.8610 42.1210
   vertex -39.9767 -23.3198 46.7208
   vertex -44.8528 -20.0764 46.7208
  endloop
 endfacet
 facet normal -0.48582 -0.73038 0.48013
  outer loop
   vertex -44.8528 -20.0764 46.7208
   vertex -39.9767 -23.3198 46.7208
   vertex -37.6698 -21.9740 51.1023
  endloop
 endfacet
 facet normal -0.48582 -0.73038 0.48013
  outer loop
   vertex -44.8528 -20.0764 46.7208
   vertex -37.6698 -21.9740 51.1023
   vertex -42.2644 -18.9179 51.1023
  endloop
 endfacet
 facet normal -0.43961 -0.66090 0.60824
  outer loop
   vertex -42.2644 -18.9179 51.1023
   vertex -37.6698 -21.9740 51.1023
   vertex -34.6611 -20.2190 55.1838
  endloop
 endfacet
 facet normal -0.43961 -0.66090 0.60824
  outer loop
   vertex -42.2644 -18.9179 51.1023
   vertex -34.6611 -20.2190 55.1838
   vertex -38.8887 -17.4069 55.1838
  endloop
 endfacet
 facet normal -0.38672 -0.58139 0.71584
  outer loop
   vertex -38.8887 -17.4069 55.1838
   vertex -34.6611 -20.2190 55.1838
   vertex -31.0067 -18.0873 58.8894
  endloop
 endfacet
 facet normal -0.38672 -0.58139 0.71584
  outer loop
   vertex -38.8887 -17.4069 55.1838
   vertex -31.0067 -18.0873 58.8894
   vertex -34.7887 -15.5717 58.8894
  endloop
 endfacet
 facet normal -0.32978 -0.49578 0.80340
  outer loop
   vertex -34.7887 -15.5717 58.8894
   vertex -31.0067 -18.0873 58.8894
   vertex -26.7748 -15.6186 62.1499
  endloop
 endfacet
 facet normal -0.32978 -0.49578 0.80340
  outer loop
   vertex -34.7887 -15.5717 58.8894
   vertex -26.7748 -15.6186 62.1499
   vertex -30.0405 -13.4464 62.1499
  endloop
 endfacet
 facet normal -0.27067 -0.40692 0.87244
  outer loop
   vertex -30.0405 -13.4464 62.1499
   vertex -26.7748 -15.6186 62.1499
   vertex -22.0441 -12.8590 64.9047
  endloop
 endfacet
 facet normal -0.27067 -0.40692 0.87244
  outer loop
   vertex -30.0405 -13.4464 62.1499
   vertex -22.0441 -12.8590 64.9047
   vertex -24.7328 -11.0706 64.9047
  endloop
 endfacet
 facet normal -0.21063 -0.31665 0.92486
  outer loop
   vertex -24.7328 -11.0706 64.9047
   vertex -22.0441 -12.8590 64.9047
   vertex -16.9027 -9.8599 67.1024
  endloop
 endfacet
 facet normal -0.21063 -0.31665 0.92486
  outer loop
   vertex -24.7328 -11.0706 64.9047
   vertex -16.9027 -9.8599 67.1024
   vertex -18.9644 -8.4886 67.1024
  endloop
 endfacet
 facet normal -0.15034 -0.22602 0.96245
  outer loop
   vertex -18.9644 -8.4886 67.1024
   vertex -16.9027 -9.8599 67.1024
   vertex -11.4465 -6.6771 68.7021
  endloop
 endfacet
 facet normal -0.15034 -0.22602 0.96245
  outer loop
   vertex -18.9644 -8.4886 67.1024
   vertex -11.4465 -6.6771 68.7021
   vertex -12.8427 -5.7485 68.7021
  endloop
 endfacet
 facet normal -0.09011 -0.13548 0.98667
  outer loop
   vertex -12.8427 -5.7485 68.7021
   vertex -11.4465 -6.6771 68.7021
   vertex -5.7771 -3.3700 69.6740
  endloop
 endfacet
 facet normal -0.09011 -0.13548 0.98667
  outer loop
   vertex -12.8427 -5.7485 68.7021
   vertex -5.7771 -3.3700 69.6740
   vertex -6.4817 -2.9013 69.6740
  endloop
 endfacet
 facet normal -0.03002 -0.04513 0.99853
  outer loop
   vertex -6.4817 -2.9013 69.6740
   vertex -5.7771 -3.3700 69.6740
   vertex -0.0000 -0.0000 70.0000
  endloop
 endfacet
 facet normal 0.00000 0.00000 0.00000
  outer loop
   vertex -6.4817 -2.9013 69.6740
   vertex -0.0000 -0.0000 70.0000
   vertex -0.0000 -0.0000 70.0000
  endloop
 endfacet
 facet normal 0.00000 0.00000 0.00000
  outer loop
   vertex -0.0000 -0.0000 0.0000
   vertex -0.0000 -0.0000 0.0000
   vertex -4.9736 -3.7810 0.3260
  endloop
 endfacet
 facet normal -0.02632 -0.05145 -0.99833
  outer loop
   vertex -0.0000 -0.0000 0.0000
   vertex -4.9736 -3.7810 0.3260
   vertex -5.7771 -3.3700 0.3260
  endloop
 endfacet
 facet normal -0.07889 -0.15420 -0.98489
  outer loop
   vertex -5.7771 -3.3700 0.3260
   vertex -4.9736 -3.7810 0.3260
   vertex -9.8545 -7.4915 1.2979
  endloop
 endfacet
 facet normal -0.07889 -0.15420 -0.98489
  outer loop
   vertex -5.7771 -3.3700 0.3260
   vertex -9.8545 -7.4915 1.2979
   vertex -11.4465 -6.6771 1.2979
  endloop
 endfacet
 facet normal -0.13118 -0.25643 -0.95762
  outer loop
   vertex -11.4465 -6.6771 1.2979
   vertex -9.8545 -7.4915 1.2979
   vertex -14.5519 -11.0625 2.8976
  endloop
 endfacet
 facet normal -0.13118 -0.25643 -0.95762
  outer loop
   vertex -11.4465 -6.6771 1.2979
   vertex -14.5519 -11.0625 2.8976
   vertex -16.9027 -9.8599 2.8976
  endloop
 endfacet
 facet normal -0.18291 -0.35754 -0.91581
  outer loop
   vertex -16.9027 -9.8599 2.8976
   vertex -14.5519 -11.0625 2.8976
   vertex -18.9782 -14.4275 5.0953
  endloop
 endfacet
 facet normal -0.18291 -0.35754 -0.91581
  outer loop
   vertex -16.9027 -9.8599 2.8976
   vertex -18.9782 -14.4275 5.0953
   vertex -22.0441 -12.8590 5.0953
  endloop
 endfacet
 facet normal -0.23357 -0.45658 -0.85848
  outer loop
   vertex -22.0441 -12.8590 5.0953
   vertex -18.9782 -14.4275 5.0953
   vertex -23.0509 -17.5237 7.8501
  endloop
 endfacet
 facet normal -0.23357 -0.45658 -0.85848
  outer loop
   vertex -22.0441 -12.8590 5.0953
   vertex -23.0509 -17.5237 7.8501
   vertex -26.7748 -15.6186 7.8501
  endloop
 endfacet
 facet normal -0.28241 -0.55205 -0.78453
  outer loop
   vertex -26.7748 -15.6186 7.8501
   vertex -23.0509 -17.5237 7.8501
   vertex -26.6943 -20.2934 11.1106
  endloop
 endfacet
 facet normal -0.28241 -0.55205 -0.78453
  outer loop
   vertex -26.7748 -15.6186 7.8501
   vertex -26.6943 -20.2934 11.1106
   vertex -31.0067 -18.0873 11.1106
  endloop
 endfacet
 facet normal -0.32833 -0.64181 -0.69302
  outer loop
   vertex -31.0067 -18.0873 11.1106
   vertex -26.6943 -20.2934 11.1106
   vertex -29.8404 -22.6851 14.8162
  endloop
 endfacet
 facet normal -0.32833 -0.64181 -0.69302
  outer loop
   vertex -31.0067 -18.0873 11.1106
   vertex -29.8404 -22.6851 14.8162
   vertex -34.6611 -20.2190 14.8162
  endloop
 endfacet
 facet normal -0.36986 -0.72298 -0.58352
  outer loop
   vertex -34.6611 -20.2190 14.8162
   vertex -29.8404 -22.6851 14.8162
   vertex -32.4306 -24.6542 18.8977
  endloop
 endfacet
 facet normal -0.36986 -0.72298 -0.58352
  outer loop
   vertex -34.6611 -20.2190 14.8162
   vertex -32.4306 -24.6542 18.8977
   vertex -37.6698 -21.9740 18.8977
  endloop
 endfacet
 facet normal -0.40519 -0.79204 -0.45661
  outer loop
   vertex -37.6698 -21.9740 18.8977
   vertex -32.4306 -24.6542 18.8977
   vertex -34.4167 -26.1641 23.2792
  endloop
 endfacet
 facet normal -0.40519 -0.79204 -0.45661
  outer loop
   vertex -37.6698 -21.9740 18.8977
   vertex -34.4167 -26.1641 23.2792
   vertex -39.9767 -23.3198 23.2792
  endloop
 endfacet
 facet normal -0.43236 -0.84516 -0.31429
  outer loop
   vertex -39.9767 -23.3198 23.2792
   vertex -34.4167 -26.1641 23.2792
   vertex -35.7617 -27.1866 27.8790
  endloop
 endfacet
 facet normal -0.43236 -0.84516 -0.31429
  outer loop
   vertex -39.9767 -23.3198 23.2792
   vertex -35.7617 -27.1866 27.8790
   vertex -41.5390 -24.2311 27.8790
  endloop
 endfacet
 facet normal -0.44954 -0.87876 -0.16030
  outer loop
   vertex -41.5390 -24.2311 27.8790
   vertex -35.7617 -27.1866 27.8790
   vertex -36.4405 -27.7026 32.6115
  endloop
 endfacet
 facet normal -0.44954 -0.87876 -0.16030
  outer loop
   vertex -41.5390 -24.2311 27.8790
   vertex -36.4405 -27.7026 32.6115
   vertex -42.3275 -24.6910 32.6115
  endloop
 endfacet
 facet normal -0.45543 -0.89027 0.00000
  outer loop
   vertex -42.3275 -24.6910 32.6115
   vertex -36.4405 -27.7026 32.6115
   vertex -36.4405 -27.7026 37.3885
  endloop
 endfacet
 facet normal -0.45543 -0.89027 0.00000
  outer loop
   vertex -42.3275 -24.6910 32.6115
   vertex -36.4405 -27.7026 37.3885
   vertex -42.3275 -24.6910 37.3885
  endloop
 endfacet
 facet normal -0.44954 -0.87876 0.16030
  outer loop
   vertex -42.3275 -24.6910 37.3885
   vertex -36.4405 -27.7026 37.3885
   vertex -35.7617 -27.1866 42.1210
  endloop
 endfacet
 facet normal -0.44954 -0.87876 0.16030
  outer loop
   vertex -42.3275 -24.6910 37.3885
   vertex -35.7617 -27.1866 42.1210
   vertex -41.5390 -24.2311 42.1210
  endloop
 endfacet
 facet normal -0.43236 -0.84516 0.31429
  outer loop
   vertex -41.5390 -24.2311 42.1210
   vertex -35.7617 -27.1866 42.1210
   vertex -34.4167 -26.1641 46.7208
  endloop
 endfacet
 facet normal -0.43236 -0.84516 0.31429
  outer loop
   vertex -41.5390 -24.2311 42.1210
   vertex -34.4167 -26.1641 46.7208
   vertex -39.9767 -23.3198 46.7208
  endloop
 endfacet
 facet normal -0.40519 -0.79204 0.45661
  outer loop
   vertex -39.9767 -23.3198 46.7208
   vertex -34.4167 -26.1641 46.7208
   vertex -32.4306 -24.6542 51.1023
  endloop
 endfacet
 facet normal -0.40519 -0.79204 0.45661
  outer loop
   vertex -39.9767 -23.3198 46.7208
   vertex -32.4306 -24.6542 51.1023
   vertex -37.6698 -21.9740 51.1023
  endloop
 endfacet
 facet normal -0.36986 -0.72298 0.58352
  outer loop
   vertex -37.6698 -21.9740 51.1023
   vertex -32.4306 -24.6542 51.1023
   vertex -29.8404 -22.6851 55.1838
  endloop
 endfacet
 facet normal -0.36986 -0.72298 0.58352
  outer loop
   vertex -37.6698 -21.9740 51.1023
   vertex -29.8404 -22.6851 55.1838
   vertex -34.6611 -20.2190 55.1838
  endloop
 endfacet
 facet normal -0.32833 -0.64181 0.69302
  outer loop
   vertex -34.6611 -20.2190 55.1838
   vertex -29.8404 -22.6851 55.1838
   vertex -26.6943 -20.2934 58.8894
  endloop
 endfacet
 facet normal -0.32833 -0.64181 0.69302
  outer loop
   vertex -34.6611 -20.2190 55.1838
   vertex -26.6943 -20.2934 58.8894
   vertex -31.0067 -18.0873 58.8894
  endloop
 endfacet
 facet normal -0.28241 -0.55205 0.78453
  outer loop
   vertex -31.0067 -18.0873 58.8894
   vertex -26.6943 -20.2934 58.8894
   vertex -23.0509 -17.5237 62.1499
  endloop
 endfacet
 facet normal -0.28241 -0.55205 0.78453
  outer loop
   vertex -31.0067 -18.0873 58.8894
   vertex -23.0509 -17.5237 62.1499
   vertex -26.7748 -15.6186 62.1499
  endloop
 endfacet
 facet normal -0.23357 -0.45658 0.85848
  outer loop
   vertex -26.7748 -15.6186 62.1499
   vertex -23.0509 -17.5237 62.1499
   vertex -18.9782 -14.4275 64.9047
  endloop
 endfacet
 facet normal -0.23357 -0.45658 0.85848
  outer loop
   vertex -26.7748 -15.6186 62.1499
   vertex -18.9782 -14.4275 64.9047
   vertex -22.0441 -12.8590 64.9047
  endloop
 endfacet
 facet normal -0.18291 -0.35754 0.91581
  outer loop
   vertex -22.0441 -12.8590 64.9047
   vertex -18.9782 -14.4275 64.9047
   vertex -14.5519 -11.0625 67.1024
  endloop
 endfacet
 facet normal -0.18291 -0.35754 0.91581
  outer loop
   vertex -22.0441 -12.8590 64.9047
   vertex -14.5519 -11.0625 67.1024
   vertex -16.9027 -9.8599 67.1024
  endloop
 endfacet
 facet normal -0.13118 -0.25643 0.95762
  outer loop
   vertex -16.9027 -9.8599 67.1024
   vertex -14.5519 -11.0625 67.1024
   vertex -9.8545 -7.4915 68.7021
  endloop
 endfacet
 facet normal -0.13118 -0.25643 0.95762
  outer loop
   vertex -16.9027 -9.8599 67.1024
   vertex -9.8545 -7.4915 68.7021
   vertex -11.4465 -6.6771 68.7021
  endloop
 endfacet
 facet normal -0.07889 -0.15420 0.98489
  outer loop
   vertex -11.4465 -6.6771 68.7021
   vertex -9.8545 -7.4915 68.7021
   vertex -4.9736 -3.7810 69.6740
  endloop
 endfacet
 facet normal -0.07889 -0.15420 0.98489
  outer loop
   vertex -11.4465 -6.6771 68.7021
   vertex -4.9736 -3.7810 69.6740
   vertex -5.7771 -3.3700 69.6740
  endloop
 endfacet
 facet normal -0.02632 -0.05145 0.99833
  outer loop
   vertex -5.7771 -3.3700 69.6740
   vertex -4.9736 -3.7810 69.6740
   vertex -0.0000 -0.0000 70.0000
  endloop
 endfacet
 facet normal 0.00000 0.00000 0.00000
  outer loop
   vertex -5.7771 -3.3700 69.6740
   vertex -0.0000 -0.0000 70.0000
   vertex -0.0000 -0.0000 70.0000
  endloop
 endfacet
 facet normal 0.00000 0.00000 0.00000
  outer loop
   vertex -0.0000 -0.0000 0.0000
   vertex -0.0000 -0.0000 0.0000
   vertex -4.0850 -4.1273 0.3260
  endloop
 endfacet
 facet normal -0.02217 -0.05689 -0.99813
  outer loop
   vertex -0.0000 -0.0000 0.0000
   vertex -4.0850 -4.1273 0.3260
   vertex -4.9736 -3.7810 0.3260
  endloop
 endfacet
 facet normal -0.06635 -0.17024 -0.98317
  outer loop
   vertex -4.9736 -3.7810 0.3260
   vertex -4.0850 -4.1273 0.3260
   vertex -8.0939 -8.1778 1.2979
  endloop
 endfacet
 facet normal -0.06635 -0.17024 -0.98317
  outer loop
   vertex -4.9736 -3.7810 0.3260
   vertex -8.0939 -8.1778 1.2979
   vertex -9.8545 -7.4915 1.2979
  endloop
 endfacet
 facet normal -0.11000 -0.28223 -0.95302
  outer loop
   vertex -9.8545 -7.4915 1.2979
   vertex -8.0939 -8.1778 1.2979
   vertex -11.9520 -12.0759 2.8976
  endloop
 endfacet
 facet normal -0.11000 -0.28223 -0.95302
  outer loop
   vertex -9.8545 -7.4915 1.2979
   vertex -11.9520 -12.0759 2.8976
   vertex -14.5519 -11.0625 2.8976
  endloop
 endfacet
 facet normal -0.15269 -0.39174 -0.90732
  outer loop
   vertex -14.5519 -11.0625 2.8976
   vertex -11.9520 -12.0759 2.8976
   vertex -15.5875 -15.7491 5.0953
  endloop
 endfacet
 facet normal -0.15269 -0.39174 -0.90732
  outer loop
   vertex -14.5519 -11.0625 2.8976
   vertex -15.5875 -15.7491 5.0953
   vertex -18.9782 -14.4275 5.0953
  endloop
 endfacet
 facet normal -0.19386 -0.49736 -0.84561
  outer loop
   vertex -18.9782 -14.4275 5.0953
   vertex -15.5875 -15.7491 5.0953
   vertex -18.9326 -19.1288 7.8501
  endloop
 endfacet
 facet normal -0.19386 -0.49736 -0.84561
  outer loop
   vertex -18.9782 -14.4275 5.0953
   vertex -18.9326 -19.1288 7.8501
   vertex -23.0509 -17.5237 7.8501
  endloop
 endfacet
 facet normal -0.23280 -0.59728 -0.76751
  outer loop
   vertex -23.0509 -17.5237 7.8501
   vertex -18.9326 -19.1288 7.8501
   vertex -21.9251 -22.1523 11.1106
  endloop
 endfacet
 facet normal -0.23280 -0.59728 -0.76751
  outer loop
   vertex -23.0509 -17.5237 7.8501
   vertex -21.9251 -22.1523 11.1106
   vertex -26.6943 -20.2934 11.1106
  endloop
 endfacet
 facet normal -0.26863 -0.68921 -0.67292
  outer loop
   vertex -26.6943 -20.2934 11.1106
   vertex -21.9251 -22.1523 11.1106
   vertex -24.5091 -24.7631 14.8162
  endloop
 endfacet
 facet normal -0.26863 -0.68921 -0.67292
  outer loop
   vertex -26.6943 -20.2934 11.1106
   vertex -24.5091 -24.7631 14.8162
   vertex -29.8404 -22.6851 14.8162
  endloop
 endfacet
 facet normal -0.30031 -0.77048 -0.56230
  outer loop
   vertex -29.8404 -22.6851 14.8162
   vertex -24.5091 -24.7631 14.8162
   vertex -26.6366 -26.9126 18.8977
  endloop
 endfacet
 facet normal -0.30031 -0.77048 -0.56230
  outer loop
   vertex -29.8404 -22.6851 14.8162
   vertex -26.6366 -26.9126 18.8977
   vertex -32.4306 -24.6542 18.8977
  endloop
 endfacet
 facet normal -0.32667 -0.83810 -0.43689
  outer loop
   vertex -32.4306 -24.6542 18.8977
   vertex -26.6366 -26.9126 18.8977
   vertex -28.2678 -28.5608 23.2792
  endloop
 endfacet
 facet normal -0.32667 -0.83810 -0.43689
  outer loop
   vertex -32.4306 -24.6542 18.8977
   vertex -28.2678 -28.5608 23.2792
   vertex -34.4167 -26.1641 23.2792
  endloop
 endfacet
 facet normal -0.34655 -0.88911 -0.29897
  outer loop
   vertex -34.4167 -26.1641 23.2792
   vertex -28.2678 -28.5608 23.2792
   vertex -29.3725 -29.6769 27.8790
  endloop
 endfacet
 facet normal -0.34655 -0.88911 -0.29897
  outer loop
   vertex -34.4167 -26.1641 23.2792
   vertex -29.3725 -29.6769 27.8790
   vertex -35.7617 -27.1866 27.8790
  endloop
 endfacet
 facet normal -0.35895 -0.92091 -0.15191
  outer loop
   vertex -35.7617 -27.1866 27.8790
   vertex -29.3725 -29.6769 27.8790
   vertex -29.9301 -30.2402 32.6115
  endloop
 endfacet
 facet normal -0.35895 -0.92091 -0.15191
  outer loop
   vertex -35.7617 -27.1866 27.8790
   vertex -29.9301 -30.2402 32.6115
   vertex -36.4405 -27.7026 32.6115
  endloop
 endfacet
 facet normal -0.36316 -0.93173 0.00000
  outer loop
   vertex -36.4405 -27.7026 32.6115
   vertex -29.9301 -30.2402 32.6115
   vertex -29.9301 -30.2402 37.3885
  endloop
 endfacet
 facet normal -0.36316 -0.93173 0.00000
  outer loop
   vertex -36.4405 -27.7026 32.6115
   vertex -29.9301 -30.2402 37.3885
   vertex -36.4405 -27.7026 37.3885
  endloop
 endfacet
 facet normal -0.35895 -0.92091 0.15191
  outer loop
   vertex -36.4405 -27.7026 37.3885
   vertex -29.9301 -30.2402 37.3885
   vertex -29.3725 -29.6769 42.1210
  endloop
 endfacet
 facet normal -0.35895 -0.92091 0.15191
  outer loop
   vertex -36.4405 -27.7026 37.3885
   vertex -29.3725 -29.6769 42.1210
   vertex -35.7617 -27.1866 42.1210
  endloop
 endfacet
 facet normal -0.34655 -0.88911 0.29897
  outer loop
   vertex -35.7617 -27.1866 42.1210
   vertex -29.3725 -29.6769 42.1210
   vertex -28.2678 -28.5608 46.7208
  endloop
 endfacet
 facet normal -0.34655 -0.88911 0.29897
  outer loop
   vertex -35.7617 -27.1866 42.1210
   vertex -28.2678 -28.5608 46.7208
   vertex -34.4167 -26.1641 46.7208
  endloop
 endfacet
 facet normal -0.32667 -0.83810 0.43689
  outer loop
   vertex -34.4167 -26.1641 46.7208
   vertex -28.2678 -28.5608 46.7208
   vertex -26.6366 -26.9126 51.1023
  endloop
 endfacet
 facet normal -0.32667 -0.83810 0.43689
  outer loop
   vertex -34.4167 -26.1641 46.7208
   vertex -26.6366 -26.9126 51.1023
   vertex -32.4306 -24.6542 51.1023
  endloop
 endfacet
 facet normal -0.30031 -0.77048 0.56230
  outer loop
   vertex -32.4306 -24.6542 51.1023
   vertex -26.6366 -26.9126 51.1023
   vertex -24.5091 -24.7631 55.1838
  endloop
 endfacet
 facet normal -0.30031 -0.77048 0.56230
  outer loop
   vertex -32.4306 -24.6542 51.1023
   vertex -24.5091 -24.7631 55.1838
   vertex -29.8404 -22.6851 55.1838
  endloop
 endfacet
 facet normal -0.26863 -0.68921 0.67292
  outer loop
   vertex -29.8404 -22.6851 55.1838
   vertex -24.5091 -24.7631 55.1838
   vertex -21.9251 -22.1523 58.8894
  endloop
 endfacet
 facet normal -0.26863 -0.68921 0.67292
  outer loop
   vertex -29.8404 -22.6851 55.1838
   vertex -21.9251 -22.1523 58.8894
   vertex -26.6943 -20.2934 58.8894
  endloop
 endfacet
 facet normal -0.23280 -0.59728 0.76751
  outer loop
   vertex -26.6943 -20.2934 58.8894
   vertex -21.9251 -22.1523 58.8894
   vertex -18.9326 -19.1288 62.1499
  endloop
 endfacet
 facet normal -0.23280 -0.59728 0.76751
  outer loop
   vertex -26.6943 -20.2934 58.8894
   vertex -18.9326 -19.1288 62.1499
   vertex -23.0509 -17.5237 62.1499
  endloop
 endfacet
 facet normal -0.19386 -0.49736 0.84561
  outer loop
   vertex -23.0509 -17.5237 62.1499
   vertex -18.9326 -19.1288 62.1499
   vertex -15.5875 -15.7491 64.9047
  endloop
 endfacet
 facet normal -0.19386 -0.49736 0.84561
  outer loop
   vertex -23.0509 -17.5237 62.1499
   vertex -15.5875 -15.7491 64.9047
   vertex -18.9782 -14.4275 64.9047
  endloop
 endfacet
 facet normal -0.15269 -0.39174 0.90732
  outer loop
   vertex -18.9782 -14.4275 64.9047
   vertex -15.5875 -15.7491 64.9047
   vertex -11.9520 -12.0759 67.1024
  endloop
 endfacet
 facet normal -0.15269 -0.39174 0.90732
  outer loop
   vertex -18.9782 -14.4275 64.9047
   vertex -11.9520 -12.0759 67.1024
   vertex -14.5519 -11.0625 67.1024
  endloop
 endfacet
 facet normal -0.11000 -0.28223 0.95302
  outer loop
   vertex -14.5519 -11.0625 67.1024
   vertex -11.9520 -12.0759 67.1024
   vertex -8.0939 -8.1778 68.7021
  endloop
 endfacet
 facet normal -0.11000 -0.28223 0.95302
  outer loop
   vertex -14.5519 -11.0625 67.1024
   vertex -8.0939 -8.1778 68.7021
   vertex -9.8545 -7.4915 68.7021
  endloop
 endfacet
 facet normal -0.06635 -0.17024 0.98317
  outer loop
   vertex -9.8545 -7.4915 68.7021
   vertex -8.0939 -8.1778 68.7021
   vertex -4.0850 -4.1273 69.6740
  endloop
 endfacet
 facet normal -0.06635 -0.17024 0.98317
  outer loop
   vertex -9.8545 -7.4915 68.7021
   vertex -4.0850 -4.1273 69.6740
   vertex -4.9736 -3.7810 69.6740
  endloop
 endfacet
 facet normal -0.02217 -0.05689 0.99813
  outer loop
   vertex -4.9736 -3.7810 69.6740
   vertex -4.0850 -4.1273 69.6740
   vertex -0.0000 -0.0000 70.0000
  endloop
 endfacet
 facet normal 0.00000 0.00000 0.00000
  outer loop
   vertex -4.9736 -3.7810 69.6740
   vertex -0.0000 -0.0000 70.0000
   vertex -0.0000 -0.0000 70.0000
  endloop
 endfacet
 facet normal 0.00000 0.00000 0.00000
  outer loop
   vertex -0.0000 -0.0000 0.0000
   vertex -0.0000 -0.0000 0.0000
   vertex -3.1265 -4.4031 0.3260
  endloop
 endfacet
 facet normal -0.01765 -0.06135 -0.99796
  outer loop
   vertex -0.0000 -0.0000 0.0000
   vertex -3.1265 -4.4031 0.3260
   vertex -4.0850 -4.1273 0.3260
  endloop
 endfacet
 facet normal -0.05274 -0.18334 -0.98163
  outer loop
   vertex -4.0850 -4.1273 0.3260
   vertex -3.1265 -4.4031 0.3260
   vertex -6.1948 -8.7241 1.2979
  endloop
 endfacet
 facet normal -0.05274 -0.18334 -0.98163
  outer loop
   vertex -4.0850 -4.1273 0.3260
   vertex -6.1948 -8.7241 1.2979
   vertex -8.0939 -8.1778 1.2979
  endloop
 endfacet
 facet normal -0.08720 -0.30313 -0.94895
  outer loop
   vertex -8.0939 -8.1778 1.2979
   vertex -6.1948 -8.7241 1.2979
   vertex -9.1477 -12.8826 2.8976
  endloop
 endfacet
 facet normal -0.08720 -0.30313 -0.94895
  outer loop
   vertex -8.0939 -8.1778 1.2979
   vertex -9.1477 -12.8826 2.8976
   vertex -11.9520 -12.0759 2.8976
  endloop
 endfacet
 facet normal -0.12056 -0.41910 -0.89990
  outer loop
   vertex -11.9520 -12.0759 2.8976
   vertex -9.1477 -12.8826 2.8976
   vertex -11.9302 -16.8012 5.0953
  endloop
 endfacet
 facet normal -0.12056 -0.41910 -0.89990
  outer loop
   vertex -11.9520 -12.0759 2.8976
   vertex -11.9302 -16.8012 5.0953
   vertex -15.5875 -15.7491 5.0953
  endloop
 endfacet
 facet normal -0.15231 -0.52947 -0.83454
  outer loop
   vertex -15.5875 -15.7491 5.0953
   vertex -11.9302 -16.8012 5.0953
   vertex -14.4904 -20.4067 7.8501
  endloop
 endfacet
 facet normal -0.15231 -0.52947 -0.83454
  outer loop
   vertex -15.5875 -15.7491 5.0953
   vertex -14.4904 -20.4067 7.8501
   vertex -18.9326 -19.1288 7.8501
  endloop
 endfacet
 facet normal -0.18187 -0.63221 -0.75315
  outer loop
   vertex -18.9326 -19.1288 7.8501
   vertex -14.4904 -20.4067 7.8501
   vertex -16.7807 -23.6322 11.1106
  endloop
 endfacet
 facet normal -0.18187 -0.63221 -0.75315
  outer loop
   vertex -18.9326 -19.1288 7.8501
   vertex -16.7807 -23.6322 11.1106
   vertex -21.9251 -22.1523 11.1106
  endloop
 endfacet
 facet normal -0.20858 -0.72508 -0.65632
  outer loop
   vertex -21.9251 -22.1523 11.1106
   vertex -16.7807 -23.6322 11.1106
   vertex -18.7585 -26.4174 14.8162
  endloop
 endfacet
 facet normal -0.20858 -0.72508 -0.65632
  outer loop
   vertex -21.9251 -22.1523 11.1106
   vertex -18.7585 -26.4174 14.8162
   vertex -24.5091 -24.7631 14.8162
  endloop
 endfacet
 facet normal -0.23177 -0.80569 -0.54512
  outer loop
   vertex -24.5091 -24.7631 14.8162
   vertex -18.7585 -26.4174 14.8162
   vertex -20.3867 -28.7105 18.8977
  endloop
 endfacet
 facet normal -0.23177 -0.80569 -0.54512
  outer loop
   vertex -24.5091 -24.7631 14.8162
   vertex -20.3867 -28.7105 18.8977
   vertex -26.6366 -26.9126 18.8977
  endloop
 endfacet
 facet normal -0.25073 -0.87161 -0.42122
  outer loop
   vertex -26.6366 -26.9126 18.8977
   vertex -20.3867 -28.7105 18.8977
   vertex -21.6353 -30.4687 23.2792
  endloop
 endfacet
 facet normal -0.25073 -0.87161 -0.42122
  outer loop
   vertex -26.6366 -26.9126 18.8977
   vertex -21.6353 -30.4687 23.2792
   vertex -28.2678 -28.5608 23.2792
  endloop
 endfacet
 facet normal -0.26483 -0.92060 -0.28698
  outer loop
   vertex -28.2678 -28.5608 23.2792
   vertex -21.6353 -30.4687 23.2792
   vertex -22.4808 -31.6595 27.8790
  endloop
 endfacet
 facet normal -0.26483 -0.92060 -0.28698
  outer loop
   vertex -28.2678 -28.5608 23.2792
   vertex -22.4808 -31.6595 27.8790
   vertex -29.3725 -29.6769 27.8790
  endloop
 endfacet
 facet normal -0.27352 -0.95081 -0.14540
  outer loop
   vertex -29.3725 -29.6769 27.8790
   vertex -22.4808 -31.6595 27.8790
   vertex -22.9075 -32.2604 32.6115
  endloop
 endfacet
 facet normal -0.27352 -0.95081 -0.14540
  outer loop
   vertex -29.3725 -29.6769 27.8790
   vertex -22.9075 -32.2604 32.6115
   vertex -29.9301 -30.2402 32.6115
  endloop
 endfacet
 facet normal -0.27646 -0.96103 0.00000
  outer loop
   vertex -29.9301 -30.2402 32.6115
   vertex -22.9075 -32.2604 32.6115
   vertex -22.9075 -32.2604 37.3885
  endloop
 endfacet
 facet normal -0.27646 -0.96103 0.00000
  outer loop
   vertex -29.9301 -30.2402 32.6115
   vertex -22.9075 -32.2604 37.3885
   vertex -29.9301 -30.2402 37.3885
  endloop
 endfacet
 facet normal -0.27352 -0.95081 0.14540
  outer loop
   vertex -29.9301 -30.2402 37.3885
   vertex -22.9075 -32.2604 37.3885
   vertex -22.4808 -31.6595 42.1210
  endloop
 endfacet
 facet normal -0.27352 -0.95081 0.14540
  outer loop
   vertex -29.9301 -30.2402 37.3885
   vertex -22.4808 -31.6595 42.1210
   vertex -29.3725 -29.6769 42.1210
  endloop
 endfacet
 facet normal -0.26483 -0.92060 0.28698
  outer loop
   vertex -29.3725 -29.6769 42.1210
   vertex -22.4808 -31.6595 42.1210
   vertex -21.6353 -30.4687 46.7208
  endloop
 endfacet
 facet normal -0.26483 -0.92060 0.28698
  outer loop
   vertex -29.3725 -29.6769 42.1210
   vertex -21.6353 -30.4687 46.7208
   vertex -28.2678 -28.5608 46.7208
  endloop
 endfacet
 facet normal -0.25073 -0.87161 0.42122
  outer loop
   vertex -28.2678 -28.5608 46.7208
   vertex -21.6353 -30.4687 46.7208
   vertex -20.3867 -28.7105 51.1023
  endloop
 endfacet
 facet normal -0.25073 -0.87161 0.42122
  outer loop
   vertex -28.2678 -28.5608 46.7208
   vertex -20.3867 -28.7105 51.1023
   vertex -26.6366 -26.9126 51.1023
  endloop
 endfacet
 facet normal -0.23177 -0.80569 0.54512
  outer loop
   vertex -26.6366 -26.9126 51.1023
   vertex -20.3867 -28.7105 51.1023
   vertex -18.7585 -26.4174 55.1838
  endloop
 endfacet
 facet normal -0.23177 -0.80569 0.54512
  outer loop
   vertex -26.6366 -26.9126 51.1023
   vertex -18.7585 -26.4174 55.1838
   vertex -24.5091 -24.7631 55.1838
  endloop
 endfacet
 facet normal -0.20858 -0.72508 0.65632
  outer loop
   vertex -24.5091 -24.7631 55.1838
   vertex -18.7585 -26.4174 55.1838
   vertex -16.7807 -23.6322 58.8894
  endloop
 endfacet
 facet normal -0.20858 -0.72508 0.65632
  outer loop
   vertex -24.5091 -24.7631 55.1838
   vertex -16.7807 -23.6322 58.8894
   vertex -21.9251 -22.1523 58.8894
  endloop
 endfacet
 facet normal -0.18187 -0.63221 0.75315
  outer loop
   vertex -21.9251 -22.1523 58.8894
   vertex -16.7807 -23.6322 58.8894
   vertex -14.4904 -20.4067 62.1499
  endloop
 endfacet
 facet normal -0.18187 -0.63221 0.75315
  outer loop
   vertex -21.9251 -22.1523 58.8894
   vertex -14.4904 -20.4067 62.1499
   vertex -18.9326 -19.1288 62.1499
  endloop
 endfacet
 facet normal -0.15231 -0.52947 0.83454
  outer loop
   vertex -18.9326 -19.1288 62.1499
   vertex -14.4904 -20.4067 62.1499
   vertex -11.9302 -16.8012 64.9047
  endloop
 endfacet
 facet normal -0.15231 -0.52947 0.83454
  outer loop
   vertex -18.9326 -19.1288 62.1499
   vertex -11.9302 -16.8012 64.9047
   vertex -15.5875 -15.7491 64.9047
  endloop
 endfacet
 facet normal -0.12056 -0.41910 0.89990
  outer loop
   vertex -15.5875 -15.7491 64.9047
   vertex -11.9302 -16.8012 64.9047
   vertex -9.1477 -12.8826 67.1024
  endloop
 endfacet
 facet normal -0.12056 -0.41910 0.89990
  outer loop
   vertex -15.5875 -15.7491 64.9047
   vertex -9.1477 -12.8826 67.1024
   vertex -11.9520 -12.0759 67.1024
  endloop
 endfacet
 facet normal -0.08720 -0.30313 0.94895
  outer loop
   vertex -11.9520 -12.0759 67.1024
   vertex -9.1477 -12.8826 67.1024
   vertex -6.1948 -8.7241 68.7021
  endloop
 endfacet
 facet normal -0.08720 -0.30313 0.94895
  outer loop
   vertex -11.9520 -12.0759 67.1024
   vertex -6.1948 -8.7241 68.7021
   vertex -8.0939 -8.1778 68.7021
  endloop
 endfacet
 facet normal -0.05274 -0.18334 0.98163
  outer loop
   vertex -8.0939 -8.1778 68.7021
   vertex -6.1948 -8.7241 68.7021
   vertex -3.1265 -4.4031 69.6740
  endloop
 endfacet
 facet normal -0.05274 -0.18334 0.98163
  outer loop
   vertex -8.0939 -8.1778 68.7021
   vertex -3.1265 -4.4031 69.6740
   vertex -4.0850 -4.1273 69.6740
  endloop
 endfacet
 facet normal -0.01765 -0.06135 0.99796
  outer loop
   vertex -4.0850 -4.1273 69.6740
   vertex -3.1265 -4.4031 69.6740
   vertex -0.0000 -0.0000 70.0000
  endloop
 endfacet
 facet normal 0.00000 0.00000 0.00000
  outer loop
   vertex -4.0850 -4.1273 69.6740
   vertex -0.0000 -0.0000 70.0000
   vertex -0.0000 -0.0000 70.0000
  endloop
 endfacet
 facet normal 0.00000 0.00000 0.00000
  outer loop
   vertex -0.0000 -0.0000 0.0000
   vertex -0.0000 -0.0000 0.0000
   vertex -2.1146 -4.6034 0.3260
  endloop
 endfacet
 facet normal -0.01283 -0.06477 -0.99782
  outer loop
   vertex -0.0000 -0.0000 0.0000
   vertex -2.1146 -4.6034 0.3260
   vertex -3.1265 -4.4031 0.3260
  endloop
 endfacet
 facet normal -0.03828 -0.19333 -0.98039
  outer loop
   vertex -3.1265 -4.4031 0.3260
   vertex -2.1146 -4.6034 0.3260
   vertex -4.1897 -9.1211 1.2979
  endloop
 endfacet
 facet normal -0.03828 -0.19333 -0.98039
  outer loop
   vertex -3.1265 -4.4031 0.3260
   vertex -4.1897 -9.1211 1.2979
   vertex -6.1948 -8.7241 1.2979
  endloop
 endfacet
 facet normal -0.06315 -0.31894 -0.94567
  outer loop
   vertex -6.1948 -8.7241 1.2979
   vertex -4.1897 -9.1211 1.2979
   vertex -6.1868 -13.4689 2.8976
  endloop
 endfacet
 facet normal -0.06315 -0.31894 -0.94567
  outer loop
   vertex -6.1948 -8.7241 1.2979
   vertex -6.1868 -13.4689 2.8976
   vertex -9.1477 -12.8826 2.8976
  endloop
 endfacet
 facet normal -0.08704 -0.43958 -0.89398
  outer loop
   vertex -9.1477 -12.8826 2.8976
   vertex -6.1868 -13.4689 2.8976
   vertex -8.0687 -17.5658 5.0953
  endloop
 endfacet
 facet normal -0.08704 -0.43958 -0.89398
  outer loop
   vertex -9.1477 -12.8826 2.8976
   vertex -8.0687 -17.5658 5.0953
   vertex -11.9302 -16.8012 5.0953
  endloop
 endfacet
 facet normal -0.10954 -0.55318 -0.82583
  outer loop
   vertex -11.9302 -16.8012 5.0953
   vertex -8.0687 -17.5658 5.0953
   vertex -9.8003 -21.3354 7.8501
  endloop
 endfacet
 facet normal -0.10954 -0.55318 -0.82583
  outer loop
   vertex -11.9302 -16.8012 5.0953
   vertex -9.8003 -21.3354 7.8501
   vertex -14.4904 -20.4067 7.8501
  endloop
 endfacet
 facet normal -0.13022 -0.65762 -0.74201
  outer loop
   vertex -14.4904 -20.4067 7.8501
   vertex -9.8003 -21.3354 7.8501
   vertex -11.3493 -24.7077 11.1106
  endloop
 endfacet
 facet normal -0.13022 -0.65762 -0.74201
  outer loop
   vertex -14.4904 -20.4067 7.8501
   vertex -11.3493 -24.7077 11.1106
   vertex -16.7807 -23.6322 11.1106
  endloop
 endfacet
 facet normal -0.14866 -0.75076 -0.64363
  outer loop
   vertex -16.7807 -23.6322 11.1106
   vertex -11.3493 -24.7077 11.1106
   vertex -12.6868 -27.6196 14.8162
  endloop
 endfacet
 facet normal -0.14866 -0.75076 -0.64363
  outer loop
   vertex -16.7807 -23.6322 11.1106
   vertex -12.6868 -27.6196 14.8162
   vertex -18.7585 -26.4174 14.8162
  endloop
 endfacet
 facet normal -0.16445 -0.83049 -0.53220
  outer loop
   vertex -18.7585 -26.4174 14.8162
   vertex -12.6868 -27.6196 14.8162
   vertex -13.7881 -30.0171 18.8977
  endloop
 endfacet
 facet normal -0.16445 -0.83049 -0.53220
  outer loop
   vertex -18.7585 -26.4174 14.8162
   vertex -13.7881 -30.0171 18.8977
   vertex -20.3867 -28.7105 18.8977
  endloop
 endfacet
 facet normal -0.17720 -0.89489 -0.40961
  outer loop
   vertex -20.3867 -28.7105 18.8977
   vertex -13.7881 -30.0171 18.8977
   vertex -14.6325 -31.8554 23.2792
  endloop
 endfacet
 facet normal -0.17720 -0.89489 -0.40961
  outer loop
   vertex -20.3867 -28.7105 18.8977
   vertex -14.6325 -31.8554 23.2792
   vertex -21.6353 -30.4687 23.2792
  endloop
 endfacet
 facet normal -0.18658 -0.94223 -0.27820
  outer loop
   vertex -21.6353 -30.4687 23.2792
   vertex -14.6325 -31.8554 23.2792
   vertex -15.2043 -33.1003 27.8790
  endloop
 endfacet
 facet normal -0.18658 -0.94223 -0.27820
  outer loop
   vertex -21.6353 -30.4687 23.2792
   vertex -15.2043 -33.1003 27.8790
   vertex -22.4808 -31.6595 27.8790
  endloop
 endfacet
 facet normal -0.19231 -0.97120 -0.14067
  outer loop
   vertex -22.4808 -31.6595 27.8790
   vertex -15.2043 -33.1003 27.8790
   vertex -15.4929 -33.7286 32.6115
  endloop
 endfacet
 facet normal -0.19231 -0.97120 -0.14067
  outer loop
   vertex -22.4808 -31.6595 27.8790
   vertex -15.4929 -33.7286 32.6115
   vertex -22.9075 -32.2604 32.6115
  endloop
 endfacet
 facet normal -0.19424 -0.98095 0.00000
  outer loop
   vertex -22.9075 -32.2604 32.6115
   vertex -15.4929 -33.7286 32.6115
   vertex -15.4929 -33.7286 37.3885
  endloop
 endfacet
 facet normal -0.19424 -0.98095 0.00000
  outer loop
   vertex -22.9075 -32.2604 32.6115
   vertex -15.4929 -33.7286 37.3885
   vertex -22.9075 -32.2604 37.3885
  endloop
 endfacet
 facet normal -0.19231 -0.97120 0.14067
  outer loop
   vertex -22.9075 -32.2604 37.3885
   vertex -15.4929 -33.7286 37.3885
   vertex -15.2043 -33.1003 42.1210
  endloop
 endfacet
 facet normal -0.19231 -0.97120 0.14067
  outer loop
   vertex -22.9075 -32.2604 37.3885
   vertex -15.2043 -33.1003 42.1210
   vertex -22.4808 -31.6595 42.1210
  endloop
 endfacet
 facet normal -0.18658 -0.94223 0.27820
  outer loop
   vertex -22.4808 -31.6595 42.1210
   vertex -15.2043 -33.1003 42.1210
   vertex -14.6325 -31.8554 46.7208
  endloop
 endfacet
 facet normal -0.18658 -0.94223 0.27820
  outer loop
   vertex -22.4808 -31.6595 42.1210
   vertex -14.6325 -31.8554 46.7208
   vertex -21.6353 -30.4687 46.7208
  endloop
 endfacet
 facet normal -0.17720 -0.89489 0.40961
  outer loop
   vertex -21.6353 -30.4687 46.7208
   vertex -14.6325 -31.8554 46.7208
   vertex -13.7881 -30.0171 51.1023
  endloop
 endfacet
 facet normal -0.17720 -0.89489 0.40961
  outer loop
   vertex -21.6353 -30.4687 46.7208
   vertex -13.7881 -30.0171 51.1023
   vertex -20.3867 -28.7105 51.1023
  endloop
 endfacet
 facet normal -0.16445 -0.83049 0.53220
  outer loop
   vertex -20.3867 -28.7105 51.1023
   vertex -13.7881 -30.0171 51.1023
   vertex -12.6868 -27.6196 55.1838
  endloop
 endfacet
 facet normal -0.16445 -0.83049 0.53220
  outer loop
   vertex -20.3867 -28.7105 51.1023
   vertex -12.6868 -27.6196 55.1838
   vertex -18.7585 -26.4174 55.1838
  endloop
 endfacet
 facet normal -0.14866 -0.75076 0.64363
  outer loop
   vertex -18.7585 -26.4174 55.1838
   vertex -12.6868 -27.6196 55.1838
   vertex -11.3493 -24.7077 58.8894
  endloop
 endfacet
 facet normal -0.14866 -0.75076 0.64363
  outer loop
   vertex -18.7585 -26.4174 55.1838
   vertex -11.3493 -24.7077 58.8894
   vertex -16.7807 -23.6322 58.8894
  endloop
 endfacet
 facet normal -0.13022 -0.65762 0.74201
  outer loop
   vertex -16.7807 -23.6322 58.8894
   vertex -11.3493 -24.7077 58.8894
   vertex -9.8003 -21.3354 62.1499
  endloop
 endfacet
 facet normal -0.13022 -0.65762 0.74201
  outer loop
   vertex -16.7807 -23.6322 58.8894
   vertex -9.8003 -21.3354 62.1499
   vertex -14.4904 -20.4067 62.1499
  endloop
 endfacet
 facet normal -0.10954 -0.55318 0.82583
  outer loop
   vertex -14.4904 -20.4067 62.1499
   vertex -9.8003 -21.3354 62.1499
   vertex -8.0687 -17.5658 64.9047
  endloop
 endfacet
 facet normal -0.10954 -0.55318 0.82583
  outer loop
   vertex -14.4904 -20.4067 62.1499
   vertex -8.0687 -17.5658 64.9047
   vertex -11.9302 -16.8012 64.9047
  endloop
 endfacet
 facet normal -0.08704 -0.43958 0.89398
  outer loop
   vertex -11.9302 -16.8012 64.9047
   vertex -8.0687 -17.5658 64.9047
   vertex -6.1868 -13.4689 67.1024
  endloop
 endfacet
 facet normal -0.08704 -0.43958 0.89398
  outer loop
   vertex -11.9302 -16.8012 64.9047
   vertex -6.1868 -13.4689 67.1024
   vertex -9.1477 -12.8826 67.1024
  endloop
 endfacet
 facet normal -0.06315 -0.31894 0.94567
  outer loop
   vertex -9.1477 -12.8826 67.1024
   vertex -6.1868 -13.4689 67.1024
   vertex -4.1897 -9.1211 68.7021
  endloop
 endfacet
 facet normal -0.06315 -0.31894 0.94567
  outer loop
   vertex -9.1477 -12.8826 67.1024
   vertex -4.1897 -9.1211 68.7021
   vertex -6.1948 -8.7241 68.7021
  endloop
 endfacet
 facet normal -0.03828 -0.19333 0.98039
  outer loop
   vertex -6.1948 -8.7241 68.7021
   vertex -4.1897 -9.1211 68.7021
   vertex -2.1146 -4.6034 69.6740
  endloop
 endfacet
 facet normal -0.03828 -0.19333 0.98039
  outer loop
   vertex -6.1948 -8.7241 68.7021
   vertex -2.1146 -4.6034 69.6740
   vertex -3.1265 -4.4031 69.6740
  endloop
 endfacet
 facet normal -0.01283 -0.06477 0.99782
  outer loop
   vertex -3.1265 -4.4031 69.6740
   vertex -2.1146 -4.6034 69.6740
   vertex -0.0000 -0.0000 70.0000
  endloop
 endfacet
 facet normal 0.00000 0.00000 0.00000
  outer loop
   vertex -3.1265 -4.4031 69.6740
   vertex -0.0000 -0.0000 70.0000
   vertex -0.0000 -0.0000 70.0000
  endloop
 endfacet
 facet normal 0.00000 0.00000 0.00000
  outer loop
   vertex -0.0000 -0.0000 0.0000
   vertex -0.0000 -0.0000 0.0000
   vertex -1.0664 -4.7251 0.3260
  endloop
 endfacet
 facet normal -0.00778 -0.06708 -0.99772
  outer loop
   vertex -0.0000 -0.0000 0.0000
   vertex -1.0664 -4.7251 0.3260
   vertex -2.1146 -4.6034 0.3260
  endloop
 endfacet
 facet normal -0.02321 -0.20006 -0.97951
  outer loop
   vertex -2.1146 -4.6034 0.3260
   vertex -1.0664 -4.7251 0.3260
   vertex -2.1129 -9.3621 1.2979
  endloop
 endfacet
 facet normal -0.02321 -0.20006 -0.97951
  outer loop
   vertex -2.1146 -4.6034 0.3260
   vertex -2.1129 -9.3621 1.2979
   vertex -4.1897 -9.1211 1.2979
  endloop
 endfacet
 facet normal -0.03824 -0.32954 -0.94337
  outer loop
   vertex -4.1897 -9.1211 1.2979
   vertex -2.1129 -9.3621 1.2979
   vertex -3.1201 -13.8247 2.8976
  endloop
 endfacet
 facet normal -0.03824 -0.32954 -0.94337
  outer loop
   vertex -4.1897 -9.1211 1.2979
   vertex -3.1201 -13.8247 2.8976
   vertex -6.1868 -13.4689 2.8976
  endloop
 endfacet
 facet normal -0.05259 -0.45320 -0.88986
  outer loop
   vertex -6.1868 -13.4689 2.8976
   vertex -3.1201 -13.8247 2.8976
   vertex -4.0692 -18.0299 5.0953
  endloop
 endfacet
 facet normal -0.05259 -0.45320 -0.88986
  outer loop
   vertex -6.1868 -13.4689 2.8976
   vertex -4.0692 -18.0299 5.0953
   vertex -8.0687 -17.5658 5.0953
  endloop
 endfacet
 facet normal -0.06600 -0.56880 -0.81983
  outer loop
   vertex -8.0687 -17.5658 5.0953
   vertex -4.0692 -18.0299 5.0953
   vertex -4.9424 -21.8991 7.8501
  endloop
 endfacet
 facet normal -0.06600 -0.56880 -0.81983
  outer loop
   vertex -8.0687 -17.5658 5.0953
   vertex -4.9424 -21.8991 7.8501
   vertex -9.8003 -21.3354 7.8501
  endloop
 endfacet
 facet normal -0.07823 -0.67417 -0.73442
  outer loop
   vertex -9.8003 -21.3354 7.8501
   vertex -4.9424 -21.8991 7.8501
   vertex -5.7236 -25.3604 11.1106
  endloop
 endfacet
 facet normal -0.07823 -0.67417 -0.73442
  outer loop
   vertex -9.8003 -21.3354 7.8501
   vertex -5.7236 -25.3604 11.1106
   vertex -11.3493 -24.7077 11.1106
  endloop
 endfacet
 facet normal -0.08903 -0.76728 -0.63510
  outer loop
   vertex -11.3493 -24.7077 11.1106
   vertex -5.7236 -25.3604 11.1106
   vertex -6.3982 -28.3493 14.8162
  endloop
 endfacet
 facet normal -0.08903 -0.76728 -0.63510
  outer loop
   vertex -11.3493 -24.7077 11.1106
   vertex -6.3982 -28.3493 14.8162
   vertex -12.6868 -27.6196 14.8162
  endloop
 endfacet
 facet normal -0.09820 -0.84629 -0.52360
  outer loop
   vertex -12.6868 -27.6196 14.8162
   vertex -6.3982 -28.3493 14.8162
   vertex -6.9535 -30.8101 18.8977
  endloop
 endfacet
 facet normal -0.09820 -0.84629 -0.52360
  outer loop
   vertex -12.6868 -27.6196 14.8162
   vertex -6.9535 -30.8101 18.8977
   vertex -13.7881 -30.0171 18.8977
  endloop
 endfacet
 facet normal -0.10554 -0.90956 -0.40195
  outer loop
   vertex -13.7881 -30.0171 18.8977
   vertex -6.9535 -30.8101 18.8977
   vertex -7.3794 -32.6970 23.2792
  endloop
 endfacet
 facet normal -0.10554 -0.90956 -0.40195
  outer loop
   vertex -13.7881 -30.0171 18.8977
   vertex -7.3794 -32.6970 23.2792
   vertex -14.6325 -31.8554 23.2792
  endloop
 endfacet
 facet normal -0.11090 -0.95576 -0.27245
  outer loop
   vertex -14.6325 -31.8554 23.2792
   vertex -7.3794 -32.6970 23.2792
   vertex -7.6678 -33.9748 27.8790
  endloop
 endfacet
 facet normal -0.11090 -0.95576 -0.27245
  outer loop
   vertex -14.6325 -31.8554 23.2792
   vertex -7.6678 -33.9748 27.8790
   vertex -15.2043 -33.1003 27.8790
  endloop
 endfacet
 facet normal -0.11416 -0.98389 -0.13759
  outer loop
   vertex -15.2043 -33.1003 27.8790
   vertex -7.6678 -33.9748 27.8790
   vertex -7.8133 -34.6197 32.6115
  endloop
 endfacet
 facet normal -0.11416 -0.98389 -0.13759
  outer loop
   vertex -15.2043 -33.1003 27.8790
   vertex -7.8133 -34.6197 32.6115
   vertex -15.4929 -33.7286 32.6115
  endloop
 endfacet
 facet normal -0.11526 -0.99334 0.00000
  outer loop
   vertex -15.4929 -33.7286 32.6115
   vertex -7.8133 -34.6197 32.6115
   vertex -7.8133 -34.6197 37.3885
  endloop
 endfacet
 facet normal -0.11526 -0.99334 0.00000
  outer loop
   vertex -15.4929 -33.7286 32.6115
   vertex -7.8133 -34.6197 37.3885
   vertex -15.4929 -33.7286 37.3885
  endloop
 endfacet
 facet normal -0.11416 -0.98389 0.13759
  outer loop
   vertex -15.4929 -33.7286 37.3885
   vertex -7.8133 -34.6197 37.3885
   vertex -7.6678 -33.9748 42.1210
  endloop
 endfacet
 facet normal -0.11416 -0.98389 0.13759
  outer loop
   vertex -15.4929 -33.7286 37.3885
   vertex -7.6678 -33.9748 42.1210
   vertex -15.2043 -33.1003 42.1210
  endloop
 endfacet
 facet normal -0.11090 -0.95576 0.27245
  outer loop
   vertex -15.2043 -33.1003 42.1210
   vertex -7.6678 -33.9748 42.1210
   vertex -7.3794 -32.6970 46.7208
  endloop
 endfacet
 facet normal -0.11090 -0.95576 0.27245
  outer loop
   vertex -15.2043 -33.1003 42.1210
   vertex -7.3794 -32.6970 46.7208
   vertex -14.6325 -31.8554 46.7208
  endloop
 endfacet
 facet normal -0.10554 -0.90956 0.40195
  outer loop
   vertex -14.6325 -31.8554 46.7208
   vertex -7.3794 -32.6970 46.7208
   vertex -6.9535 -30.8101 51.1023
  endloop
 endfacet
 facet normal -0.10554 -0.90956 0.40195
  outer loop
   vertex -14.6325 -31.8554 46.7208
   vertex -6.9535 -30.8101 51.1023
   vertex -13.7881 -30.0171 51.1023
  endloop
 endfacet
 facet normal -0.09820 -0.84629 0.52360
  outer loop
   vertex -13.7881 -30.0171 51.1023
   vertex -6.9535 -30.8101 51.1023
   vertex -6.3982 -28.3493 55.1838
  endloop
 endfacet
 facet normal -0.09820 -0.84629 0.52360
  outer loop
   vertex -13.7881 -30.0171 51.1023
   vertex -6.3982 -28.3493 55.1838
   vertex -12.6868 -27.6196 55.1838
  endloop
 endfacet
 facet normal -0.08903 -0.76728 0.63510
  outer loop
   vertex -12.6868 -27.6196 55.1838
   vertex -6.3982 -28.3493 55.1838
   vertex -5.7236 -25.3604 58.8894
  endloop
 endfacet
 facet normal -0.08903 -0.76728 0.63510
  outer loop
   vertex -12.6868 -27.6196 55.1838
   vertex -5.7236 -25.3604 58.8894
   vertex -11.3493 -24.7077 58.8894
  endloop
 endfacet
 facet normal -0.07823 -0.67417 0.73442
  outer loop
   vertex -11.3493 -24.7077 58.8894
   vertex -5.7236 -25.3604 58.8894
   vertex -4.9424 -21.8991 62.1499
  endloop
 endfacet
 facet normal -0.07823 -0.67417 0.73442
  outer loop
   vertex -11.3493 -24.7077 58.8894
   vertex -4.9424 -21.8991 62.1499
   vertex -9.8003 -21.3354 62.1499
  endloop
 endfacet
 facet normal -0.06600 -0.56880 0.81983
  outer loop
   vertex -9.8003 -21.3354 62.1499
   vertex -4.9424 -21.8991 62.1499
   vertex -4.0692 -18.0299 64.9047
  endloop
 endfacet
 facet normal -0.06600 -0.56880 0.81983
  outer loop
   vertex -9.8003 -21.3354 62.1499
   vertex -4.0692 -18.0299 64.9047
   vertex -8.0687 -17.5658 64.9047
  endloop
 endfacet
 facet normal -0.05259 -0.45320 0.88986
  outer loop
   vertex -8.0687 -17.5658 64.9047
   vertex -4.0692 -18.0299 64.9047
   vertex -3.1201 -13.8247 67.1024
  endloop
 endfacet
 facet normal -0.05259 -0.45320 0.88986
  outer loop
   vertex -8.0687 -17.5658 64.9047
   vertex -3.1201 -13.8247 67.1024
   vertex -6.1868 -13.4689 67.1024
  endloop
 endfacet
 facet normal -0.03824 -0.32954 0.94337
  outer loop
   vertex -6.1868 -13.4689 67.1024
   vertex -3.1201 -13.8247 67.1024
   vertex -2.1129 -9.3621 68.7021
  endloop
 endfacet
 facet normal -0.03824 -0.32954 0.94337
  outer loop
   vertex -6.1868 -13.4689 67.1024
   vertex -2.1129 -9.3621 68.7021
   vertex -4.1897 -9.1211 68.7021
  endloop
 endfacet
 facet normal -0.02321 -0.20006 0.97951
  outer loop
   vertex -4.1897 -9.1211 68.7021
   vertex -2.1129 -9.3621 68.7021
   vertex -1.0664 -4.7251 69.6740
  endloop
 endfacet
 facet normal -0.02321 -0.20006 0.97951
  outer loop
   vertex -4.1897 -9.1211 68.7021
   vertex -1.0664 -4.7251 69.6740
   vertex -2.1146 -4.6034 69.6740
  endloop
 endfacet
 facet normal -0.00778 -0.06708 0.99772
  outer loop
   vertex -2.1146 -4.6034 69.6740
   vertex -1.0664 -4.7251 69.6740
   vertex -0.0000 -0.0000 70.0000
  endloop
 endfacet
 facet normal 0.00000 0.00000 0.00000
  outer loop
   vertex -2.1146 -4.6034 69.6740
   vertex -0.0000 -0.0000 70.0000
   vertex -0.0000 -0.0000 70.0000
  endloop
 endfacet
 facet normal 0.00000 0.00000 0.00000
  outer loop
   vertex -0.0000 -0.0000 0.0000
   vertex -0.0000 -0.0000 0.0000
   vertex -0.0000 -4.7658 0.3260
  endloop
 endfacet
 facet normal -0.00261 -0.06824 -0.99767
  outer loop
   vertex -0.0000 -0.0000 0.0000
   vertex -0.0000 -4.7658 0.3260
   vertex -1.0664 -4.7251 0.3260
  endloop
 endfacet
 facet normal -0.00778 -0.20345 -0.97905
  outer loop
   vertex -1.0664 -4.7251 0.3260
   vertex -0.0000 -4.7658 0.3260
   vertex -0.0000 -9.4429 1.2979
  endloop
 endfacet
 facet normal -0.00778 -0.20345 -0.97905
  outer loop
   vertex -1.0664 -4.7251 0.3260
   vertex -0.0000 -9.4429 1.2979
   vertex -2.1129 -9.3621 1.2979
  endloop
 endfacet
 facet normal -0.01280 -0.33485 -0.94218
  outer loop
   vertex -2.1129 -9.3621 1.2979
   vertex -0.0000 -9.4429 1.2979
   vertex -0.0000 -13.9440 2.8976
  endloop
 endfacet
 facet normal -0.01280 -0.33485 -0.94218
  outer loop
   vertex -2.1129 -9.3621 1.2979
   vertex -0.0000 -13.9440 2.8976
   vertex -3.1201 -13.8247 2.8976
  endloop
 endfacet
 facet normal -0.01759 -0.45999 -0.88775
  outer loop
   vertex -3.1201 -13.8247 2.8976
   vertex -0.0000 -13.9440 2.8976
   vertex -0.0000 -18.1854 5.0953
  endloop
 endfacet
 facet normal -0.01759 -0.45999 -0.88775
  outer loop
   vertex -3.1201 -13.8247 2.8976
   vertex -0.0000 -18.1854 5.0953
   vertex -4.0692 -18.0299 5.0953
  endloop
 endfacet
 facet normal -0.02204 -0.57654 -0.81677
  outer loop
   vertex -4.0692 -18.0299 5.0953
   vertex -0.0000 -18.1854 5.0953
   vertex -0.0000 -22.0881 7.8501
  endloop
 endfacet
 facet normal -0.02204 -0.57654 -0.81677
  outer loop
   vertex -4.0692 -18.0299 5.0953
   vertex -0.0000 -22.0881 7.8501
   vertex -4.9424 -21.8991 7.8501
  endloop
 endfacet
 facet normal -0.02609 -0.68232 -0.73059
  outer loop
   vertex -4.9424 -21.8991 7.8501
   vertex -0.0000 -22.0881 7.8501
   vertex -0.0000 -25.5793 11.1106
  endloop
 endfacet
 facet normal -0.02609 -0.68232 -0.73059
  outer loop
   vertex -4.9424 -21.8991 7.8501
   vertex -0.0000 -25.5793 11.1106
   vertex -5.7236 -25.3604 11.1106
  endloop
 endfacet
 facet normal -0.02965 -0.77537 -0.63081
  outer loop
   vertex -5.7236 -25.3604 11.1106
   vertex -0.0000 -25.5793 11.1106
   vertex -0.0000 -28.5939 14.8162
  endloop
 endfacet
 facet normal -0.02965 -0.77537 -0.63081
  outer loop
   vertex -5.7236 -25.3604 11.1106
   vertex -0.0000 -28.5939 14.8162
   vertex -6.3982 -28.3493 14.8162
  endloop
 endfacet
 facet normal -0.03265 -0.85396 -0.51931
  outer loop
   vertex -6.3982 -28.3493 14.8162
   vertex -0.0000 -28.5939 14.8162
   vertex -0.0000 -31.0760 18.8977
  endloop
 endfacet
 facet normal -0.03265 -0.85396 -0.51931
  outer loop
   vertex -6.3982 -28.3493 14.8162
   vertex -0.0000 -31.0760 18.8977
   vertex -6.9535 -30.8101 18.8977
  endloop
 endfacet
 facet normal -0.03505 -0.91665 -0.39816
  outer loop
   vertex -6.9535 -30.8101 18.8977
   vertex -0.0000 -31.0760 18.8977
   vertex -0.0000 -32.9791 23.2792
  endloop
 endfacet
 facet normal -0.03505 -0.91665 -0.39816
  outer loop
   vertex -6.9535 -30.8101 18.8977
   vertex -0.0000 -32.9791 23.2792
   vertex -7.3794 -32.6970 23.2792
  endloop
 endfacet
 facet normal -0.03679 -0.96227 -0.26961
  outer loop
   vertex -7.3794 -32.6970 23.2792
   vertex -0.0000 -32.9791 23.2792
   vertex -0.0000 -34.2679 27.8790
  endloop
 endfacet
 facet normal -0.03679 -0.96227 -0.26961
  outer loop
   vertex -7.3794 -32.6970 23.2792
   vertex -0.0000 -34.2679 27.8790
   vertex -7.6678 -33.9748 27.8790
  endloop
 endfacet
 facet normal -0.03785 -0.98998 -0.13607
  outer loop
   vertex -7.6678 -33.9748 27.8790
   vertex -0.0000 -34.2679 27.8790
   vertex -0.0000 -34.9184 32.6115
  endloop
 endfacet
 facet normal -0.03785 -0.98998 -0.13607
  outer loop
   vertex -7.6678 -33.9748 27.8790
   vertex -0.0000 -34.9184 32.6115
   vertex -7.8133 -34.6197 32.6115
  endloop
 endfacet
 facet normal -0.03821 -0.99927 0.00000
  outer loop
   vertex -7.8133 -34.6197 32.6115
   vertex -0.0000 -34.9184 32.6115
   vertex -0.0000 -34.9184 37.3885
  endloop
 endfacet
 facet normal -0.03821 -0.99927 0.00000
  outer loop
   vertex -7.8133 -34.6197 32.6115
   vertex -0.0000 -34.9184 37.3885
   vertex -7.8133 -34.6197 37.3885
  endloop
 endfacet
 facet normal -0.03785 -0.98998 0.13607
  outer loop
   vertex -7.8133 -34.6197 37.3885
   vertex -0.0000 -34.9184 37.3885
   vertex -0.0000 -34.2679 42.1210
  endloop
 endfacet
 facet normal -0.03785 -0.98998 0.13607
  outer loop
   vertex -7.8133 -34.6197 37.3885
   vertex -0.0000 -34.2679 42.1210
   vertex -7.6678 -33.9748 42.1210
  endloop
 endfacet
 facet normal -0.03679 -0.96227 0.26961
  outer loop
   vertex -7.6678 -33.9748 42.1210
   vertex -0.0000 -34.2679 42.1210
   vertex -0.0000 -32.9791 46.7208
  endloop
 endfacet
 facet normal -0.03679 -0.96227 0.26961
  outer loop
   vertex -7.6678 -33.9748 42.1210
   vertex -0.0000 -32.9791 46.7208
   vertex -7.3794 -32.6970 46.7208
  endloop
 endfacet
 facet normal -0.03505 -0.91665 0.39816
  outer loop
   vertex -7.3794 -32.6970 46.7208
   vertex -0.0000 -32.9791 46.7208
   vertex -0.0000 -31.0760 51.1023
  endloop
 endfacet
 facet normal -0.03505 -0.91665 0.39816
  outer loop
   vertex -7.3794 -32.6970 46.7208
   vertex -0.0000 -31.0760 51.1023
   vertex -6.9535 -30.8101 51.1023
  endloop
 endfacet
 facet normal -0.03265 -0.85396 0.51931
  outer loop
   vertex -6.9535 -30.8101 51.1023
   vertex -0.0000 -31.0760 51.1023
   vertex -0.0000 -28.5939 55.1838
  endloop
 endfacet
 facet normal -0.03265 -0.85396 0.51931
  outer loop
   vertex -6.9535 -30.8101 51.1023
   vertex -0.0000 -28.5939 55.1838
   vertex -6.3982 -28.3493 55.1838
  endloop
 endfacet
 facet normal -0.02965 -0.77537 0.63081
  outer loop
   vertex -6.3982 -28.3493 55.1838
   vertex -0.0000 -28.5939 55.1838
   vertex -0.0000 -25.5793 58.8894
  endloop
 endfacet
 facet normal -0.02965 -0.77537 0.63081
  outer loop
   vertex -6.3982 -28.3493 55.1838
   vertex -0.0000 -25.5793 58.8894
   vertex -5.7236 -25.3604 58.8894
  endloop
 endfacet
 facet normal -0.02609 -0.68232 0.73059
  outer loop
   vertex -5.7236 -25.3604 58.8894
   vertex -0.0000 -25.5793 58.8894
   vertex -0.0000 -22.0881 62.1499
  endloop
 endfacet
 facet normal -0.02609 -0.68232 0.73059
  outer loop
   vertex -5.7236 -25.3604 58.8894
   vertex -0.0000 -22.0881 62.1499
   vertex -4.9424 -21.8991 62.1499
  endloop
 endfacet
 facet normal -0.02204 -0.57654 0.81677
  outer loop
   vertex -4.9424 -21.8991 62.1499
   vertex -0.0000 -22.0881 62.1499
   vertex -0.0000 -18.1854 64.9047
  endloop
 endfacet
 facet normal -0.02204 -0.57654 0.81677
  outer loop
   vertex -4.9424 -21.8991 62.1499
   vertex -0.0000 -18.1854 64.9047
   vertex -4.0692 -18.0299 64.9047
  endloop
 endfacet
 facet normal -0.01759 -0.45999 0.88775
  outer loop
   vertex -4.0692 -18.0299 64.9047
   vertex -0.0000 -18.1854 64.9047
   vertex -0.0000 -13.9440 67.1024
  endloop
 endfacet
 facet normal -0.01759 -0.45999 0.88775
  outer loop
   vertex -4.0692 -18.0299 64.9047
   vertex -0.0000 -13.9440 67.1024
   vertex -3.1201 -13.8247 67.1024
  endloop
 endfacet
 facet normal -0.01280 -0.33485 0.94218
  outer loop
   vertex -3.1201 -13.8247 67.1024
   vertex -0.0000 -13.9440 67.1024
   vertex -0.0000 -9.4429 68.7021
  endloop
 endfacet
 facet normal -0.01280 -0.33485 0.94218
  outer loop
   vertex -3.1201 -13.8247 67.1024
   vertex -0.0000 -9.4429 68.7021
   vertex -2.1129 -9.3621 68.7021
  endloop
 endfacet
 facet normal -0.00778 -0.20345 0.97905
  outer loop
   vertex -2.1129 -9.3621 68.7021
   vertex -0.0000 -9.4429 68.7021
   vertex -0.0000 -4.7658 69.6740
  endloop
 endfacet
 facet normal -0.00778 -0.20345 0.97905
  outer loop
   vertex -2.1129 -9.3621 68.7021
   vertex -0.0000 -4.7658 69.6740
   vertex -1.0664 -4.7251 69.6740
  endloop
 endfacet
 facet normal -0.00261 -0.06824 0.99767
  outer loop
   vertex -1.0664 -4.7251 69.6740
   vertex -0.0000 -4.7658 69.6740
   vertex -0.0000 -0.0000 70.0000
  endloop
 endfacet
 facet normal 0.00000 0.00000 0.00000
  outer loop
   vertex -1.0664 -4.7251 69.6740
   vertex -0.0000 -0.0000 70.0000
   vertex -0.0000 -0.0000 70.0000
  endloop
 endfacet
 facet normal 0.00000 0.00000 0.00000
  outer loop
   vertex -0.0000 -0.0000 0.0000
   vertex 0.0000 -0.0000 0.0000
   vertex 1.0664 -4.7251 0.3260
  endloop
 endfacet
 facet normal 0.00261 -0.06824 -0.99767
  outer loop
   vertex -0.0000 -0.0000 0.0000
   vertex 1.0664 -4.7251 0.3260
   vertex -0.0000 -4.7658 0.3260
  endloop
 endfacet
 facet normal 0.00778 -0.20345 -0.97905
  outer loop
   vertex -0.0000 -4.7658 0.3260
   vertex 1.0664 -4.7251 0.3260
   vertex 2.1129 -9.3621 1.2979
  endloop
 endfacet
 facet normal 0.00778 -0.20345 -0.97905
  outer loop
   vertex -0.0000 -4.7658 0.3260
   vertex 2.1129 -9.3621 1.2979
   vertex -0.0000 -9.4429 1.2979
  endloop
 endfacet
 facet normal 0.01280 -0.33485 -0.94218
  outer loop
   vertex -0.0000 -9.4429 1.2979
   vertex 2.1129 -9.3621 1.2979
   vertex 3.1201 -13.8247 2.8976
  endloop
 endfacet
 facet normal 0.01280 -0.33485 -0.94218
  outer loop
   vertex -0.0000 -9.4429 1.2979
   vertex 3.1201 -13.8247 2.8976
   vertex -0.0000 -13.9440 2.8976
  endloop
 endfacet
 facet normal 0.01759 -0.45999 -0.88775
  outer loop
   vertex -0.0000 -13.9440 2.8976
   vertex 3.1201 -13.8247 2.8976
   vertex 4.0692 -18.0299 5.0953
  endloop
 endfacet
 facet normal 0.01759 -0.45999 -0.88775
  outer loop
   vertex -0.0000 -13.9440 2.8976
   vertex 4.0692 -18.0299 5.0953
   vertex -0.0000 -18.1854 5.0953
  endloop
 endfacet
 facet normal 0.02204 -0.57654 -0.81677
  outer loop
   vertex -0.0000 -18.1854 5.0953
   vertex 4.0692 -18.0299 5.0953
   vertex 4.9424 -21.8991 7.8501
  endloop
 endfacet
 facet normal 0.02204 -0.57654 -0.81677
  outer loop
   vertex -0.0000 -18.1854 5.0953
   vertex 4.9424 -21.8991 7.8501
   vertex -0.0000 -22.0881 7.8501
  endloop
 endfacet
 facet normal 0.02609 -0.68232 -0.73059
  outer loop
   vertex -0.0000 -22.0881 7.8501
   vertex 4.9424 -21.8991 7.8501
   vertex 5.7236 -25.3604 11.1106
  endloop
 endfacet
 facet normal 0.02609 -0.68232 -0.73059
  outer loop
   vertex -0.0000 -22.0881 7.8501
   vertex 5.7236 -25.3604 11.1106
   vertex -0.0000 -25.5793 11.1106
  endloop
 endfacet
 facet normal 0.02965 -0.77537 -0.63081
  outer loop
   vertex -0.0000 -25.5793 11.1106
   vertex 5.7236 -25.3604 11.1106
   vertex 6.3982 -28.3493 14.8162
  endloop
 endfacet
 facet normal 0.02965 -0.77537 -0.63081
  outer loop
   vertex -0.0000 -25.5793 11.1106
   vertex 6.3982 -28.3493 14.8162
   vertex -0.0000 -28.5939 14.8162
  endloop
 endfacet
 facet normal 0.03265 -0.85396 -0.51931
  outer loop
   vertex -0.0000 -28.5939 14.8162
   vertex 6.3982 -28.3493 14.8162
   vertex 6.9535 -30.8101 18.8977
  endloop
 endfacet
 facet normal 0.03265 -0.85396 -0.51931
  outer loop
   vertex -0.0000 -28.5939 14.8162
   vertex 6.9535 -30.8101 18.8977
   vertex -0.0000 -31.0760 18.8977
  endloop
 endfacet
 facet normal 0.03505 -0.91665 -0.39816
  outer loop
   vertex -0.0000 -31.0760 18.8977
   vertex 6.9535 -30.8101 18.8977
   vertex 7.3794 -32.6970 23.2792
  endloop
 endfacet
 facet normal 0.03505 -0.91665 -0.39816
  outer loop
   vertex -0.0000 -31.0760 18.8977
   vertex 7.3794 -32.6970 23.2792
   vertex -0.0000 -32.9791 23.2792
  endloop
 endfacet
 facet normal 0.03679 -0.96227 -0.26961
  outer loop
   vertex -0.0000 -32.9791 23.2792
   vertex 7.3794 -32.6970 23.2792
   vertex 7.6678 -33.9748 27.8790
  endloop
 endfacet
 facet normal 0.03679 -0.96227 -0.26961
  outer loop
   vertex -0.0000 -32.9791 23.2792
   vertex 7.6678 -33.9748 27.8790
   vertex -0.0000 -34.2679 27.8790
  endloop
 endfacet
 facet normal 0.03785 -0.98998 -0.13607
  outer loop
   vertex -0.0000 -34.2679 27.8790
   vertex 7.6678 -33.9748 27.8790
   vertex 7.8133 -34.6197 32.6115
  endloop
 endfacet
 facet normal 0.03785 -0.98998 -0.13607
  outer loop
   vertex -0.0000 -34.2679 27.8790
   vertex 7.8133 -34.6197 32.6115
   vertex -0.0000 -34.9184 32.6115
  endloop
 endfacet
 facet normal 0.03821 -0.99927 0.00000
  outer loop
   vertex -0.0000 -34.9184 32.6115
   vertex 7.8133 -34.6197 32.6115
   vertex 7.8133 -34.6197 37.3885
  endloop
 endfacet
 facet normal 0.03821 -0.99927 0.00000
  outer loop
   vertex -0.0000 -34.9184 32.6115
   vertex 7.8133 -34.6197 37.3885
   vertex -0.0000 -34.9184 37.3885
  endloop
 endfacet
 facet normal 0.03785 -0.98998 0.13607
  outer loop
   vertex -0.0000 -34.9184 37.3885
   vertex 7.8133 -34.6197 37.3885
   vertex 7.6678 -33.9748 42.1210
  endloop
 endfacet
 facet normal 0.03785 -0.98998 0.13607
  outer loop
   vertex -0.0000 -34.9184 37.3885
   vertex 7.6678 -33.9748 42.1210
   vertex -0.0000 -34.2679 42.1210
  endloop
 endfacet
 facet normal 0.03679 -0.96227 0.26961
  outer loop
   vertex -0.0000 -34.2679 42.1210
   vertex 7.6678 -33.9748 42.1210
   vertex 7.3794 -32.6970 46.7208
  endloop
 endfacet
 facet normal 0.03679 -0.96227 0.26961
  outer loop
   vertex -0.0000 -34.2679 42.1210
   vertex 7.3794 -32.6970 46.7208
   vertex -0.0000 -32.9791 46.7208
  endloop
 endfacet
 facet normal 0.03505 -0.91665 0.39816
  outer loop
   vertex -0.0000 -32.9791 46.7208
   vertex 7.3794 -32.6970 46.7208
   vertex 6.9535 -30.8101 51.1023
  endloop
 endfacet
 facet normal 0.03505 -0.91665 0.39816
  outer loop
   vertex -0.0000 -32.9791 46.7208
   vertex 6.9535 -30.8101 51.1023
   vertex -0.0000 -31.0760 51.1023
  endloop
 endfacet
 facet normal 0.03265 -0.85396 0.51931
  outer loop
   vertex -0.0000 -31.0760 51.1023
   vertex 6.9535 -30.8101 51.1023
   vertex 6.3982 -28.3493 55.1838
  endloop
 endfacet
 facet normal 0.03265 -0.85396 0.51931
  outer loop
   vertex -0.0000 -31.0760 51.1023
   vertex 6.3982 -28.3493 55.1838
   vertex -0.0000 -28.5939 55.1838
  endloop
 endfacet
 facet normal 0.02965 -0.77537 0.63081
  outer loop
   vertex -0.0000 -28.5939 55.1838
   vertex 6.3982 -28.3493 55.1838
   vertex 5.7236 -25.3604 58.8894
  endloop
 endfacet
 facet normal 0.02965 -0.77537 0.63081
  outer loop
   vertex -0.0000 -28.5939 55.1838
   vertex 5.7236 -25.3604 58.8894
   vertex -0.0000 -25.5793 58.8894
  endloop
 endfacet
 facet normal 0.02609 -0.68232 0.73059
  outer loop
   vertex -0.0000 -25.5793 58.8894
   vertex 5.7236 -25.3604 58.8894
   vertex 4.9424 -21.8991 62.1499
  endloop
 endfacet
 facet normal 0.02609 -0.68232 0.73059
  outer loop
   vertex -0.0000 -25.5793 58.8894
   vertex 4.9424 -21.8991 62.1499
   vertex -0.0000 -22.0881 62.1499
  endloop
 endfacet
 facet normal 0.02204 -0.57654 0.81677
  outer loop
   vertex -0.0000 -22.0881 62.1499
   vertex 4.9424 -21.8991 62.1499
   vertex 4.0692 -18.0299 64.9047
  endloop
 endfacet
 facet normal 0.02204 -0.57654 0.81677
  outer loop
   vertex -0.0000 -22.0881 62.1499
   vertex 4.0692 -18.0299 64.9047
   vertex -0.0000 -18.1854 64.9047
  endloop
 endfacet
 facet normal 0.01759 -0.45999 0.88775
  outer loop
   vertex -0.0000 -18.1854 64.9047
   vertex 4.0692 -18.0299 64.9047
   vertex 3.1201 -13.8247 67.1024
  endloop
 endfacet
 facet normal 0.01759 -0.45999 0.88775
  outer loop
   vertex -0.0000 -18.1854 64.9047
   vertex 3.1201 -13.8247 67.1024
   vertex -0.0000 -13.9440 67.1024
  endloop
 endfacet
 facet normal 0.01280 -0.33485 0.94218
  outer loop
   vertex -0.0000 -13.9440 67.1024
   vertex 3.1201 -13.8247 67.1024
   vertex 2.1129 -9.3621 68.7021
  endloop
 endfacet
 facet normal 0.01280 -0.33485 0.94218
  outer loop
   vertex -0.0000 -13.9440 67.1024
   vertex 2.1129 -9.3621 68.7021
   vertex -0.0000 -9.4429 68.7021
  endloop
 endfacet
 facet normal 0.00778 -0.20345 0.97905
  outer loop
   vertex -0.0000 -9.4429 68.7021
   vertex 2.1129 -9.3621 68.7021
   vertex 1.0664 -4.7251 69.6740
  endloop
 endfacet
 facet normal 0.00778 -0.20345 0.97905
  outer loop
   vertex -0.0000 -9.4429 68.7021
   vertex 1.0664 -4.7251 69.6740
   vertex -0.0000 -4.7658 69.6740
  endloop
 endfacet
 facet normal 0.00261 -0.06824 0.99767
  outer loop
   vertex -0.0000 -4.7658 69.6740
   vertex 1.0664 -4.7251 69.6740
   vertex 0.0000 -0.0000 70.0000
  endloop
 endfacet
 facet normal 0.00000 0.00000 0.00000
  outer loop
   vertex -0.0000 -4.7658 69.6740
   vertex 0.0000 -0.0000 70.0000
   vertex -0.0000 -0.0000 70.0000
  endloop
 endfacet
 facet normal 0.00000 0.00000 0.00000
  outer loop
   vertex 0.0000 -0.0000 0.0000
   vertex 0.0000 -0.0000 0.0000
   vertex 2.1146 -4.6034 0.3260
  endloop
 endfacet
 facet normal 0.00778 -0.06708 -0.99772
  outer loop
   vertex 0.0000 -0.0000 0.0000
   vertex 2.1146 -4.6034 0.3260
   vertex 1.0664 -4.7251 0.3260
  endloop
 endfacet
 facet normal 0.02321 -0.20006 -0.97951
  outer loop
   vertex 1.0664 -4.7251 0.3260
   vertex 2.1146 -4.6034 0.3260
   vertex 4.1897 -9.1211 1.2979
  endloop
 endfacet
 facet normal 0.02321 -0.20006 -0.97951
  outer loop
   vertex 1.0664 -4.7251 0.3260
   vertex 4.1897 -9.1211 1.2979
   vertex 2.1129 -9.3621 1.2979
  endloop
 endfacet
 facet normal 0.03824 -0.32954 -0.94337
  outer loop
   vertex 2.1129 -9.3621 1.2979
   vertex 4.1897 -9.1211 1.2979
   vertex 6.1868 -13.4689 2.8976
  endloop
 endfacet
 facet normal 0.03824 -0.32954 -0.94337
  outer loop
   vertex 2.1129 -9.3621 1.2979
   vertex 6.1868 -13.4689 2.8976
   vertex 3.1201 -13.8247 2.8976
  endloop
 endfacet
 facet normal 0.05259 -0.45320 -0.88986
  outer loop
   vertex 3.1201 -13.8247 2.8976
   vertex 6.1868 -13.4689 2.8976
   vertex 8.0687 -17.5658 5.0953
  endloop
 endfacet
 facet normal 0.05259 -0.45320 -0.88986
  outer loop
   vertex 3.1201 -13.8247 2.8976
   vertex 8.0687 -17.5658 5.0953
   vertex 4.0692 -18.0299 5.0953
  endloop
 endfacet
 facet normal 0.06600 -0.56880 -0.81983
  outer loop
   vertex 4.0692 -18.0299 5.0953
   vertex 8.0687 -17.5658 5.0953
   vertex 9.8003 -21.3354 7.8501
  endloop
 endfacet
 facet normal 0.06600 -0.56880 -0.81983
  outer loop
   vertex 4.0692 -18.0299 5.0953
   vertex 9.8003 -21.3354 7.8501
   vertex 4.9424 -21.8991 7.8501
  endloop
 endfacet
 facet normal 0.07823 -0.67417 -0.73442
  outer loop
   vertex 4.9424 -21.8991 7.8501
   vertex 9.8003 -21.3354 7.8501
   vertex 11.3493 -24.7077 11.1106
  endloop
 endfacet
 facet normal 0.07823 -0.67417 -0.73442
  outer loop
   vertex 4.9424 -21.8991 7.8501
   vertex 11.3493 -24.7077 11.1106
   vertex 5.7236 -25.3604 11.1106
  endloop
 endfacet
 facet normal 0.08903 -0.76728 -0.63510
  outer loop
   vertex 5.7236 -25.3604 11.1106
   vertex 11.3493 -24.7077 11.1106
   vertex 12.6868 -27.6196 14.8162
  endloop
 endfacet
 facet normal 0.08903 -0.76728 -0.63510
  outer loop
   vertex 5.7236 -25.3604 11.1106
   vertex 12.6868 -27.6196 14.8162
   vertex 6.3982 -28.3493 14.8162
  endloop
 endfacet
 facet normal 0.09820 -0.84629 -0.52360
  outer loop
   vertex 6.3982 -28.3493 14.8162
   vertex 12.6868 -27.6196 14.8162
   vertex 13.7881 -30.0171 18.8977
  endloop
 endfacet
 facet normal 0.09820 -0.84629 -0.52360
  outer loop
   vertex 6.3982 -28.3493 14.8162
   vertex 13.7881 -30.0171 18.8977
   vertex 6.9535 -30.8101 18.8977
  endloop
 endfacet
 facet normal 0.10554 -0.90956 -0.40195
  outer loop
   vertex 6.9535 -30.8101 18.8977
   vertex 13.7881 -30.0171 18.8977
   vertex 14.6325 -31.8554 23.2792
  endloop
 endfacet
 facet normal 0.10554 -0.90956 -0.40195
  outer loop
   vertex 6.9535 -30.8101 18.8977
   vertex 14.6325 -31.8554 23.2792
   vertex 7.3794 -32.6970 23.2792
  endloop
 endfacet
 facet normal 0.11090 -0.95576 -0.27245
  outer loop
   vertex 7.3794 -32.6970 23.2792
   vertex 14.6325 -31.8554 23.2792
   vertex 15.2043 -33.1003 27.8790
  endloop
 endfacet
 facet normal 0.11090 -0.95576 -0.27245
  outer loop
   vertex 7.3794 -32.6970 23.2792
   vertex 15.2043 -33.1003 27.8790
   vertex 7.6678 -33.9748 27.8790
  endloop
 endfacet
 facet normal 0.11416 -0.98389 -0.13759
  outer loop
   vertex 7.6678 -33.9748 27.8790
   vertex 15.2043 -33.1003 27.8790
   vertex 15.4929 -33.7286 32.6115
  endloop
 endfacet
 facet normal 0.11416 -0.98389 -0.13759
  outer loop
   vertex 7.6678 -33.9748 27.8790
   vertex 15.4929 -33.7286 32.6115
   vertex 7.8133 -34.6197 32.6115
  endloop
 endfacet
 facet normal 0.11526 -0.99334 0.00000
  outer loop
   vertex 7.8133 -34.6197 32.6115
   vertex 15.4929 -33.7286 32.6115
   vertex 15.4929 -33.7286 37.3885
  endloop
 endfacet
 facet normal 0.11526 -0.99334 0.00000
  outer loop
   vertex 7.8133 -34.6197 32.6115
   vertex 15.4929 -33.7286 37.3885
   vertex 7.8133 -34.6197 37.3885
  endloop
 endfacet
 facet normal 0.11416 -0.98389 0.13759
  outer loop
   vertex 7.8133 -34.6197 37.3885
   vertex 15.4929 -33.7286 37.3885
   vertex 15.2043 -33.1003 42.1210
  endloop
 endfacet
 facet normal 0.11416 -0.98389 0.13759
  outer loop
   vertex 7.8133 -34.6197 37.3885
   vertex 15.2043 -33.1003 42.1210
   vertex 7.6678 -33.9748 42.1210
  endloop
 endfacet
 facet normal 0.11090 -0.95576 0.27245
  outer loop
   vertex 7.6678 -33.9748 42.1210
   vertex 15.2043 -33.1003 42.1210
   vertex 14.6325 -31.8554 46.7208
  endloop
 endfacet
 facet normal 0.11090 -0.95576 0.27245
  outer loop
   vertex 7.6678 -33.9748 42.1210
   vertex 14.6325 -31.8554 46.7208
   vertex 7.3794 -32.6970 46.7208
  endloop
 endfacet
 facet normal 0.10554 -0.90956 0.40195
  outer loop
   vertex 7.3794 -32.6970 46.7208
   vertex 14.6325 -31.8554 46.7208
   vertex 13.7881 -30.0171 51.1023
  endloop
 endfacet
 facet normal 0.10554 -0.90956 0.40195
  outer loop
   vertex 7.3794 -32.6970 46.7208
   vertex 13.7881 -30.0171 51.1023
   vertex 6.9535 -30.8101 51.1023
  endloop
 endfacet
 facet normal 0.09820 -0.84629 0.52360
  outer loop
   vertex 6.9535 -30.8101 51.1023
   vertex 13.7881 -30.0171 51.1023
   vertex 12.6868 -27.6196 55.1838
  endloop
 endfacet
 facet normal 0.09820 -0.84629 0.52360
  outer loop
   vertex 6.9535 -30.8101 51.1023
   vertex 12.6868 -27.6196 55.1838
   vertex 6.3982 -28.3493 55.1838
  endloop
 endfacet
 facet normal 0.08903 -0.76728 0.63510
  outer loop
   vertex 6.3982 -28.3493 55.1838
   vertex 12.6868 -27.6196 55.1838
   vertex 11.3493 -24.7077 58.8894
  endloop
 endfacet
 facet normal 0.08903 -0.76728 0.63510
  outer loop
   vertex 6.3982 -28.3493 55.1838
   vertex 11.3493 -24.7077 58.8894
   vertex 5.7236 -25.3604 58.8894
  endloop
 endfacet
 facet normal 0.07823 -0.67417 0.73442
  outer loop
   vertex 5.7236 -25.3604 58.8894
   vertex 11.3493 -24.7077 58.8894
   vertex 9.8003 -21.3354 62.1499
  endloop
 endfacet
 facet normal 0.07823 -0.67417 0.73442
  outer loop
   vertex 5.7236 -25.3604 58.8894
   vertex 9.8003 -21.3354 62.1499
   vertex 4.9424 -21.8991 62.1499
  endloop
 endfacet
 facet normal 0.06600 -0.56880 0.81983
  outer loop
   vertex 4.9424 -21.8991 62.1499
   vertex 9.8003 -21.3354 62.1499
   vertex 8.0687 -17.5658 64.9047
  endloop
 endfacet
 facet normal 0.06600 -0.56880 0.81983
  outer loop
   vertex 4.9424 -21.8991 62.1499
   vertex 8.0687 -17.5658 64.9047
   vertex 4.0692 -18.0299 64.9047
  endloop
 endfacet
 facet normal 0.05259 -0.45320 0.88986
  outer loop
   vertex 4.0692 -18.0299 64.9047
   vertex 8.0687 -17.5658 64.9047
   vertex 6.1868 -13.4689 67.1024
  endloop
 endfacet
 facet normal 0.05259 -0.45320 0.88986
  outer loop
   vertex 4.0692 -18.0299 64.9047
   vertex 6.1868 -13.4689 67.1024
   vertex 3.1201 -13.8247 67.1024
  endloop
 endfacet
 facet normal 0.03824 -0.32954 0.94337
  outer loop
   vertex 3.1201 -13.8247 67.1024
   vertex 6.1868 -13.4689 67.1024
   vertex 4.1897 -9.1211 68.7021
  endloop
 endfacet
 facet normal 0.03824 -0.32954 0.94337
  outer loop
   vertex 3.1201 -13.8247 67.1024
   vertex 4.1897 -9.1211 68.7021
   vertex 2.1129 -9.3621 68.7021
  endloop
 endfacet
 facet normal 0.02321 -0.20006 0.97951
  outer loop
   vertex 2.1129 -9.3621 68.7021
   vertex 4.1897 -9.1211 68.7021
   vertex 2.1146 -4.6034 69.6740
  endloop
 endfacet
 facet normal 0.02321 -0.20006 0.97951
  outer loop
   vertex 2.1129 -9.3621 68.7021
   vertex 2.1146 -4.6034 69.6740
   vertex 1.0664 -4.7251 69.6740
  endloop
 endfacet
 facet normal 0.00778 -0.06708 0.99772
  outer loop
   vertex 1.0664 -4.7251 69.6740
   vertex 2.1146 -4.6034 69.6740
   vertex 0.0000 -0.0000 70.0000
  endloop
 endfacet
 facet normal 0.00000 0.00000 0.00000
  outer loop
   vertex 1.0664 -4.7251 69.6740
   vertex 0.0000 -0.0000 70.0000
   vertex 0.0000 -0.0000 70.0000
  endloop
 endfacet
 facet normal 0.00000 0.00000 0.00000
  outer loop
   vertex 0.0000 -0.0000 0.0000
   vertex 0.0000 -0.0000 0.0000
   vertex 3.1265 -4.4031 0.3260
  endloop
 endfacet
 facet normal 0.01283 -0.06477 -0.99782
  outer loop
   vertex 0.0000 -0.0000 0.0000
   vertex 3.1265 -4.4031 0.3260
   vertex 2.1146 -4.6034 0.3260
  endloop
 endfacet
 facet normal 0.03828 -0.19333 -0.98039
  outer loop
   vertex 2.1146 -4.6034 0.3260
   vertex 3.1265 -4.4031 0.3260
   vertex 6.1948 -8.7241 1.2979
  endloop
 endfacet
 facet normal 0.03828 -0.19333 -0.98039
  outer loop
   vertex 2.1146 -4.6034 0.3260
   vertex 6.1948 -8.7241 1.2979
   vertex 4.1897 -9.1211 1.2979
  endloop
 endfacet
 facet normal 0.06315 -0.31894 -0.94567
  outer loop
   vertex 4.1897 -9.1211 1.2979
   vertex 6.1948 -8.7241 1.2979
   vertex 9.1477 -12.8826 2.8976
  endloop
 endfacet
 facet normal 0.06315 -0.31894 -0.94567
  outer loop
   vertex 4.1897 -9.1211 1.2979
   vertex 9.1477 -12.8826 2.8976
   vertex 6.1868 -13.4689 2.8976
  endloop
 endfacet
 facet normal 0.08704 -0.43958 -0.89398
  outer loop
   vertex 6.1868 -13.4689 2.8976
   vertex 9.1477 -12.8826 2.8976
   vertex 11.9302 -16.8012 5.0953
  endloop
 endfacet
 facet normal 0.08704 -0.43958 -0.89398
  outer loop
   vertex 6.1868 -13.4689 2.8976
   vertex 11.9302 -16.8012 5.0953
   vertex 8.0687 -17.5658 5.0953
  endloop
 endfacet
 facet normal 0.10954 -0.55318 -0.82583
  outer loop
   vertex 8.0687 -17.5658 5.0953
   vertex 11.9302 -16.8012 5.0953
   vertex 14.4904 -20.4067 7.8501
  endloop
 endfacet
 facet normal 0.10954 -0.55318 -0.82583
  outer loop
   vertex 8.0687 -17.5658 5.0953
   vertex 14.4904 -20.4067 7.8501
   vertex 9.8003 -21.3354 7.8501
  endloop
 endfacet
 facet normal 0.13022 -0.65762 -0.74201
  outer loop
   vertex 9.8003 -21.3354 7.8501
   vertex 14.4904 -20.4067 7.8501
   vertex 16.7807 -23.6322 11.1106
  endloop
 endfacet
 facet normal 0.13022 -0.65762 -0.74201
  outer loop
   vertex 9.8003 -21.3354 7.8501
   vertex 16.7807 -23.6322 11.1106
   vertex 11.3493 -24.7077 11.1106
  endloop
 endfacet
 facet normal 0.14866 -0.75076 -0.64363
  outer loop
   vertex 11.3493 -24.7077 11.1106
   vertex 16.7807 -23.6322 11.1106
   vertex 18.7585 -26.4174 14.8162
  endloop
 endfacet
 facet normal 0.14866 -0.75076 -0.64363
  outer loop
   vertex 11.3493 -24.7077 11.1106
   vertex 18.7585 -26.4174 14.8162
   vertex 12.6868 -27.6196 14.8162
  endloop
 endfacet
 facet normal 0.16445 -0.83049 -0.53220
  outer loop
   vertex 12.6868 -27.6196 14.8162
   vertex 18.7585 -26.4174 14.8162
   vertex 20.3867 -28.7105 18.8977
  endloop
 endfacet
 facet normal 0.16445 -0.83049 -0.53220
  outer loop
   vertex 12.6868 -27.6196 14.8162
   vertex 20.3867 -28.7105 18.8977
   vertex 13.7881 -30.0171 18.8977
  endloop
 endfacet
 facet normal 0.17720 -0.89489 -0.40961
  outer loop
   vertex 13.7881 -30.0171 18.8977
   vertex 20.3867 -28.7105 18.8977
   vertex 21.6353 -30.4687 23.2792
  endloop
 endfacet
 facet normal 0.17720 -0.89489 -0.40961
  outer loop
   vertex 13.7881 -30.0171 18.8977
   vertex 21.6353 -30.4687 23.2792
   vertex 14.6325 -31.8554 23.2792
  endloop
 endfacet
 facet normal 0.18658 -0.94223 -0.27820
  outer loop
   vertex 14.6325 -31.8554 23.2792
   vertex 21.6353 -30.4687 23.2792
   vertex 22.4808 -31.6595 27.8790
  endloop
 endfacet
 facet normal 0.18658 -0.94223 -0.27820
  outer loop
   vertex 14.6325 -31.8554 23.2792
   vertex 22.4808 -31.6595 27.8790
   vertex 15.2043 -33.1003 27.8790
  endloop
 endfacet
 facet normal 0.19231 -0.97120 -0.14067
  outer loop
   vertex 15.2043 -33.1003 27.8790
   vertex 22.4808 -31.6595 27.8790
   vertex 22.9075 -32.2604 32.6115
  endloop
 endfacet
 facet normal 0.19231 -0.97120 -0.14067
  outer loop
   vertex 15.2043 -33.1003 27.8790
   vertex 22.9075 -32.2604 32.6115
   vertex 15.4929 -33.7286 32.6115
  endloop
 endfacet
 facet normal 0.19424 -0.98095 0.00000
  outer loop
   vertex 15.4929 -33.7286 32.6115
   vertex 22.9075 -32.2604 32.6115
   vertex 22.9075 -32.2604 37.3885
  endloop
 endfacet
 facet normal 0.19424 -0.98095 0.00000
  outer loop
   vertex 15.4929 -33.7286 32.6115
   vertex 22.9075 -32.2604 37.3885
   vertex 15.4929 -33.7286 37.3885
  endloop
 endfacet
 facet normal 0.19231 -0.97120 0.14067
  outer loop
   vertex 15.4929 -33.7286 37.3885
   vertex 22.9075 -32.2604 37.3885
   vertex 22.4808 -31.6595 42.1210
  endloop
 endfacet
 facet normal 0.19231 -0.97120 0.14067
  outer loop
   vertex 15.4929 -33.7286 37.3885
   vertex 22.4808 -31.6595 42.1210
   vertex 15.2043 -33.1003 42.1210
  endloop
 endfacet
 facet normal 0.18658 -0.94223 0.27820
  outer loop
   vertex 15.2043 -33.1003 42.1210
   vertex 22.4808 -31.6595 42.1210
   vertex 21.6353 -30.4687 46.7208
  endloop
 endfacet
 facet normal 0.18658 -0.94223 0.27820
  outer loop
   vertex 15.2043 -33.1003 42.1210
   vertex 21.6353 -30.4687 46.7208
   vertex 14.6325 -31.8554 46.7208
  endloop
 endfacet
 facet normal 0.17720 -0.89489 0.40961
  outer loop
   vertex 14.6325 -31.8554 46.7208
   vertex 21.6353 -30.4687 46.7208
   vertex 20.3867 -28.7105 51.1023
  endloop
 endfacet
 facet normal 0.17720 -0.89489 0.40961
  outer loop
   vertex 14.6325 -31.8554 46.7208
   vertex 20.3867 -28.7105 51.1023
   vertex 13.7881 -30.0171 51.1023
  endloop
 endfacet
 facet normal 0.16445 -0.83049 0.53220
  outer loop
   vertex 13.7881 -30.0171 51.1023
   vertex 20.3867 -28.7105 51.1023
   vertex 18.7585 -26.4174 55.1838
  endloop
 endfacet
 facet normal 0.16445 -0.83049 0.53220
  outer loop
   vertex 13.7881 -30.0171 51.1023
   vertex 18.7585 -26.4174 55.1838
   vertex 12.6868 -27.6196 55.1838
  endloop
 endfacet
 facet normal 0.14866 -0.75076 0.64363
  outer loop
   vertex 12.6868 -27.6196 55.1838
   vertex 18.7585 -26.4174 55.1838
   vertex 16.7807 -23.6322 58.8894
  endloop
 endfacet
 facet normal 0.14866 -0.75076 0.64363
  outer loop
   vertex 12.6868 -27.6196 55.1838
   vertex 16.7807 -23.6322 58.8894
   vertex 11.3493 -24.7077 58.8894
  endloop
 endfacet
 facet normal 0.13022 -0.65762 0.74201
  outer loop
   vertex 11.3493 -24.7077 58.8894
   vertex 16.7807 -23.6322 58.8894
   vertex 14.4904 -20.4067 62.1499
  endloop
 endfacet
 facet normal 0.13022 -0.65762 0.74201
  outer loop
   vertex 11.3493 -24.7077 58.8894
   vertex 14.4904 -20.4067 62.1499
   vertex 9.8003 -21.3354 62.1499
  endloop
 endfacet
 facet normal 0.10954 -0.55318 0.82583
  outer loop
   vertex 9.8003 -21.3354 62.1499
   vertex 14.4904 -20.4067 62.1499
   vertex 11.9302 -16.8012 64.9047
  endloop
 endfacet
 facet normal 0.10954 -0.55318 0.82583
  outer loop
   vertex 9.8003 -21.3354 62.1499
   vertex 11.9302 -16.8012 64.9047
   vertex 8.0687 -17.5658 64.9047
  endloop
 endfacet
 facet normal 0.08704 -0.43958 0.89398
  outer loop
   vertex 8.0687 -17.5658 64.9047
   vertex 11.9302 -16.8012 64.9047
   vertex 9.1477 -12.8826 67.1024
  endloop
 endfacet
 facet normal 0.08704 -0.43958 0.89398
  outer loop
   vertex 8.0687 -17.5658 64.9047
   vertex 9.1477 -12.8826 67.1024
   vertex 6.1868 -13.4689 67.1024
  endloop
 endfacet
 facet normal 0.06315 -0.31894 0.94567
  outer loop
   vertex 6.1868 -13.4689 67.1024
   vertex 9.1477 -12.8826 67.1024
   vertex 6.1948 -8.7241 68.7021
  endloop
 endfacet
 facet normal 0.06315 -0.31894 0.94567
  outer loop
   vertex 6.1868 -13.4689 67.1024
   vertex 6.1948 -8.7241 68.7021
   vertex 4.1897 -9.1211 68.7021
  endloop
 endfacet
 facet normal 0.03828 -0.19333 0.98039
  outer loop
   vertex 4.1897 -9.1211 68.7021
   vertex 6.1948 -8.7241 68.7021
   vertex 3.1265 -4.4031 69.6740
  endloop
 endfacet
 facet normal 0.03828 -0.19333 0.98039
  outer loop
   vertex 4.1897 -9.1211 68.7021
   vertex 3.1265 -4.4031 69.6740
   vertex 2.1146 -4.6034 69.6740
  endloop
 endfacet
 facet normal 0.01283 -0.06477 0.99782
  outer loop
   vertex 2.1146 -4.6034 69.6740
   vertex 3.1265 -4.4031 69.6740
   vertex 0.0000 -0.0000 70.0000
  endloop
 endfacet
 facet normal 0.00000 0.00000 0.00000
  outer loop
   vertex 2.1146 -4.6034 69.6740
   vertex 0.0000 -0.0000 70.0000
   vertex 0.0000 -0.0000 70.0000
  endloop
 endfacet
 facet normal 0.00000 0.00000 0.00000
  outer loop
   vertex 0.0000 -0.0000 0.0000
   vertex 0.0000 -0.0000 0.0000
   vertex 4.0850 -4.1273 0.3260
  endloop
 endfacet
 facet normal 0.01765 -0.06135 -0.99796
  outer loop
   vertex 0.0000 -0.0000 0.0000
   vertex 4.0850 -4.1273 0.3260
   vertex 3.1265 -4.4031 0.3260
  endloop
 endfacet
 facet normal 0.05274 -0.18334 -0.98163
  outer loop
   vertex 3.1265 -4.4031 0.3260
   vertex 4.0850 -4.1273 0.3260
   vertex 8.0939 -8.1778 1.2979
  endloop
 endfacet
 facet normal 0.05274 -0.18334 -0.98163
  outer loop
   vertex 3.1265 -4.4031 0.3260
   vertex 8.0939 -8.1778 1.2979
   vertex 6.1948 -8.7241 1.2979
  endloop
 endfacet
 facet normal 0.08720 -0.30313 -0.94895
  outer loop
   vertex 6.1948 -8.7241 1.2979
   vertex 8.0939 -8.1778 1.2979
   vertex 11.9520 -12.0759 2.8976
  endloop
 endfacet
 facet normal 0.08720 -0.30313 -0.94895
  outer loop
   vertex 6.1948 -8.7241 1.2979
   vertex 11.9520 -12.0759 2.8976
   vertex 9.1477 -12.8826 2.8976
  endloop
 endfacet
 facet normal 0.12056 -0.41910 -0.89990
  outer loop
   vertex 9.1477 -12.8826 2.8976
   vertex 11.9520 -12.0759 2.8976
   vertex 15.5875 -15.7491 5.0953
  endloop
 endfacet
 facet normal 0.12056 -0.41910 -0.89990
  outer loop
   vertex 9.1477 -12.8826 2.8976
   vertex 15.5875 -15.7491 5.0953
   vertex 11.9302 -16.8012 5.0953
  endloop
 endfacet
 facet normal 0.15231 -0.52947 -0.83454
  outer loop
   vertex 11.9302 -16.8012 5.0953
   vertex 15.5875 -15.7491 5.0953
   vertex 18.9326 -19.1288 7.8501
  endloop
 endfacet
 facet normal 0.15231 -0.52947 -0.83454
  outer loop
   vertex 11.9302 -16.8012 5.0953
   vertex 18.9326 -19.1288 7.8501
   vertex 14.4904 -20.4067 7.8501
  endloop
 endfacet
 facet normal 0.18187 -0.63221 -0.75315
  outer loop
   vertex 14.4904 -20.4067 7.8501
   vertex 18.9326 -19.1288 7.8501
   vertex 21.9251 -22.1523 11.1106
  endloop
 endfacet
 facet normal 0.18187 -0.63221 -0.75315
  outer loop
   vertex 14.4904 -20.4067 7.8501
   vertex 21.9251 -22.1523 11.1106
   vertex 16.7807 -23.6322 11.1106
  endloop
 endfacet
 facet normal 0.20858 -0.72508 -0.65632
  outer loop
   vertex 16.7807 -23.6322 11.1106
   vertex 21.9251 -22.1523 11.1106
   vertex 24.5091 -24.7631 14.8162
  endloop
 endfacet
 facet normal 0.20858 -0.72508 -0.65632
  outer loop
   vertex 16.7807 -23.6322 11.1106
   vertex 24.5091 -24.7631 14.8162
   vertex 18.7585 -26.4174 14.8162
  endloop
 endfacet
 facet normal 0.23177 -0.80569 -0.54512
  outer loop
   vertex 18.7585 -26.4174 14.8162
   vertex 24.5091 -24.7631 14.8162
   vertex 26.6366 -26.9126 18.8977
  endloop
 endfacet
 facet normal 0.23177 -0.80569 -0.54512
  outer loop
   vertex 18.7585 -26.4174 14.8162
   vertex 26.6366 -26.9126 18.8977
   vertex 20.3867 -28.7105 18.8977
  endloop
 endfacet
 facet normal 0.25073 -0.87161 -0.42122
  outer loop
   vertex 20.3867 -28.7105 18.8977
   vertex 26.6366 -26.9126 18.8977
   vertex 28.2678 -28.5608 23.2792
  endloop
 endfacet
 facet normal 0.25073 -0.87161 -0.42122
  outer loop
   vertex 20.3867 -28.7105 18.8977
   vertex 28.2678 -28.5608 23.2792
   vertex 21.6353 -30.4687 23.2792
  endloop
 endfacet
 facet normal 0.26483 -0.92060 -0.28698
  outer loop
   vertex 21.6353 -30.4687 23.2792
   vertex 28.2678 -28.5608 23.2792
   vertex 29.3725 -29.6769 27.8790
  endloop
 endfacet
 facet normal 0.26483 -0.92060 -0.28698
  outer loop
   vertex 21.6353 -30.4687 23.2792
   vertex 29.3725 -29.6769 27.8790
   vertex 22.4808 -31.6595 27.8790
  endloop
 endfacet
 facet normal 0.27352 -0.95081 -0.14540
  outer loop
   vertex 22.4808 -31.6595 27.8790
   vertex 29.3725 -29.6769 27.8790
   vertex 29.9301 -30.2402 32.6115
  endloop
 endfacet
 facet normal 0.27352 -0.95081 -0.14540
  outer loop
   vertex 22.4808 -31.6595 27.8790
   vertex 29.9301 -30.2402 32.6115
   vertex 22.9075 -32.2604 32.6115
  endloop
 endfacet
 facet normal 0.27646 -0.96103 0.00000
  outer loop
   vertex 22.9075 -32.2604 32.6115
   vertex 29.9301 -30.2402 32.6115
   vertex 29.9301 -30.2402 37.3885
  endloop
 endfacet
 facet normal 0.27646 -0.96103 0.00000
  outer loop
   vertex 22.9075 -32.2604 32.6115
   vertex 29.9301 -30.2402 37.3885
   vertex 22.9075 -32.2604 37.3885
  endloop
 endfacet
 facet normal 0.27352 -0.95081 0.14540
  outer loop
   vertex 22.9075 -32.2604 37.3885
   vertex 29.9301 -30.2402 37.3885
   vertex 29.3725 -29.6769 42.1210
  endloop
 endfacet
 facet normal 0.27352 -0.95081 0.14540
  outer loop
   vertex 22.9075 -32.2604 37.3885
   vertex 29.3725 -29.6769 42.1210
   vertex 22.4808 -31.6595 42.1210
  endloop
 endfacet
 facet normal 0.26483 -0.92060 0.28698
  outer loop
   vertex 22.4808 -31.6595 42.1210
   vertex 29.3725 -29.6769 42.1210
   vertex 28.2678 -28.5608 46.7208
  endloop
 endfacet
 facet normal 0.26483 -0.92060 0.28698
  outer loop
   vertex 22.4808 -31.6595 42.1210
   vertex 28.2678 -28.5608 46.7208
   vertex 21.6353 -30.4687 46.7208
  endloop
 endfacet
 facet normal 0.25073 -0.87161 0.42122
  outer loop
   vertex 21.6353 -30.4687 46.7208
   vertex 28.2678 -28.5608 46.7208
   vertex 26.6366 -26.9126 51.1023
  endloop
 endfacet
 facet normal 0.25073 -0.87161 0.42122
  outer loop
   vertex 21.6353 -30.4687 46.7208
   vertex 26.6366 -26.9126 51.1023
   vertex 20.3867 -28.7105 51.1023
  endloop
 endfacet
 facet normal 0.23177 -0.80569 0.54512
  outer loop
   vertex 20.3867 -28.7105 51.1023
   vertex 26.6366 -26.9126 51.1023
   vertex 24.5091 -24.7631 55.1838
  endloop
 endfacet
 facet normal 0.23177 -0.80569 0.54512
  outer loop
   vertex 20.3867 -28.7105 51.1023
   vertex 24.5091 -24.7631 55.1838
   vertex 18.7585 -26.4174 55.1838
  endloop
 endfacet
 facet normal 0.20858 -0.72508 0.65632
  outer loop
   vertex 18.7585 -26.4174 55.1838
   vertex 24.5091 -24.7631 55.1838
   vertex 21.9251 -22.1523 58.8894
  endloop
 endfacet
 facet normal 0.20858 -0.72508 0.65632
  outer loop
   vertex 18.7585 -26.4174 55.1838
   vertex 21.9251 -22.1523 58.8894
   vertex 16.7807 -23.6322 58.8894
  endloop
 endfacet
 facet normal 0.18187 -0.63221 0.75315
  outer loop
   vertex 16.7807 -23.6322 58.8894
   vertex 21.9251 -22.1523 58.8894
   vertex 18.9326 -19.1288 62.1499
  endloop
 endfacet
 facet normal 0.18187 -0.63221 0.75315
  outer loop
   vertex 16.7807 -23.6322 58.8894
   vertex 18.9326 -19.1288 62.1499
   vertex 14.4904 -20.4067 62.1499
  endloop
 endfacet
 facet normal 0.15231 -0.52947 0.83454
  outer loop
   vertex 14.4904 -20.4067 62.1499
   vertex 18.9326 -19.1288 62.1499
   vertex 15.5875 -15.7491 64.9047
  endloop
 endfacet
 facet normal 0.15231 -0.52947 0.83454
  outer loop
   vertex 14.4904 -20.4067 62.1499
   vertex 15.5875 -15.7491 64.9047
   vertex 11.9302 -16.8012 64.9047
  endloop
 endfacet
 facet normal 0.12056 -0.41910 0.89990
  outer loop
   vertex 11.9302 -16.8012 64.9047
   vertex 15.5875 -15.7491 64.9047
   vertex 11.9520 -12.0759 67.1024
  endloop
 endfacet
 facet normal 0.12056 -0.41910 0.89990
  outer loop
   vertex 11.9302 -16.8012 64.9047
   vertex 11.9520 -12.0759 67.1024
   vertex 9.1477 -12.8826 67.1024
  endloop
 endfacet
 facet normal 0.08720 -0.30313 0.94895
  outer loop
   vertex 9.1477 -12.8826 67.1024
   vertex 11.9520 -12.0759 67.1024
   vertex 8.0939 -8.1778 68.7021
  endloop
 endfacet
 facet normal 0.08720 -0.30313 0.94895
  outer loop
   vertex 9.1477 -12.8826 67.1024
   vertex 8.0939 -8.1778 68.7021
   vertex 6.1948 -8.7241 68.7021
  endloop
 endfacet
 facet normal 0.05274 -0.18334 0.98163
  outer loop
   vertex 6.1948 -8.7241 68.7021
   vertex 8.0939 -8.1778 68.7021
   vertex 4.0850 -4.1273 69.6740
  endloop
 endfacet
 facet normal 0.05274 -0.18334 0.98163
  outer loop
   vertex 6.1948 -8.7241 68.7021
   vertex 4.0850 -4.1273 69.6740
   vertex 3.1265 -4.4031 69.6740
  endloop
 endfacet
 facet normal 0.01765 -0.06135 0.99796
  outer loop
   vertex 3.1265 -4.4031 69.6740
   vertex 4.0850 -4.1273 69.6740
   vertex 0.0000 -0.0000 70.0000
  endloop
 endfacet
 facet normal 0.00000 0.00000 0.00000
  outer loop
   vertex 3.1265 -4.4031 69.6740
   vertex 0.0000 -0.0000 70.0000
   vertex 0.0000 -0.0000 70.0000
  endloop
 endfacet
 facet normal 0.00000 0.00000 0.00000
  outer loop
   vertex 0.0000 -0.0000 0.0000
   vertex 0.0000 -0.0000 0.0000
   vertex 4.9736 -3.7810 0.3260
  endloop
 endfacet
 facet normal 0.02217 -0.05689 -0.99813
  outer loop
   vertex 0.0000 -0.0000 0.0000
   vertex 4.9736 -3.7810 0.3260
   vertex 4.0850 -4.1273 0.3260
  endloop
 endfacet
 facet normal 0.06635 -0.17024 -0.98317
  outer loop
   vertex 4.0850 -4.1273 0.3260
   vertex 4.9736 -3.7810 0.3260
   vertex 9.8545 -7.4915 1.2979
  endloop
 endfacet
 facet normal 0.06635 -0.17024 -0.98317
  outer loop
   vertex 4.0850 -4.1273 0.3260
   vertex 9.8545 -7.4915 1.2979
   vertex 8.0939 -8.1778 1.2979
  endloop
 endfacet
 facet normal 0.11000 -0.28223 -0.95302
  outer loop
   vertex 8.0939 -8.1778 1.2979
   vertex 9.8545 -7.4915 1.2979
   vertex 14.5519 -11.0625 2.8976
  endloop
 endfacet
 facet normal 0.11000 -0.28223 -0.95302
  outer loop
   vertex 8.0939 -8.1778 1.2979
   vertex 14.5519 -11.0625 2.8976
   vertex 11.9520 -12.0759 2.8976
  endloop
 endfacet
 facet normal 0.15269 -0.39174 -0.90732
  outer loop
   vertex 11.9520 -12.0759 2.8976
   vertex 14.5519 -11.0625 2.8976
   vertex 18.9782 -14.4275 5.0953
  endloop
 endfacet
 facet normal 0.15269 -0.39174 -0.90732
  outer loop
   vertex 11.9520 -12.0759 2.8976
   vertex 18.9782 -14.4275 5.0953
   vertex 15.5875 -15.7491 5.0953
  endloop
 endfacet
 facet normal 0.19386 -0.49736 -0.84561
  outer loop
   vertex 15.5875 -15.7491 5.0953
   vertex 18.9782 -14.4275 5.0953
   vertex 23.0509 -17.5237 7.8501
  endloop
 endfacet
 facet normal 0.19386 -0.49736 -0.84561
  outer loop
   vertex 15.5875 -15.7491 5.0953
   vertex 23.0509 -17.5237 7.8501
   vertex 18.9326 -19.1288 7.8501
  endloop
 endfacet
 facet normal 0.23280 -0.59728 -0.76751
  outer loop
   vertex 18.9326 -19.1288 7.8501
   vertex 23.0509 -17.5237 7.8501
   vertex 26.6943 -20.2934 11.1106
  endloop
 endfacet
 facet normal 0.23280 -0.59728 -0.76751
  outer loop
   vertex 18.9326 -19.1288 7.8501
   vertex 26.6943 -20.2934 11.1106
   vertex 21.9251 -22.1523 11.1106
  endloop
 endfacet
 facet normal 0.26863 -0.68921 -0.67292
  outer loop
   vertex 21.9251 -22.1523 11.1106
   vertex 26.6943 -20.2934 11.1106
   vertex 29.8404 -22.6851 14.8162
  endloop
 endfacet
 facet normal 0.26863 -0.68921 -0.67292
  outer loop
   vertex 21.9251 -22.1523 11.1106
   vertex 29.8404 -22.6851 14.8162
   vertex 24.5091 -24.7631 14.8162
  endloop
 endfacet
 facet normal 0.30031 -0.77048 -0.56230
  outer loop
   vertex 24.5091 -24.7631 14.8162
   vertex 29.8404 -22.6851 14.8162
   vertex 32.4306 -24.6542 18.8977
  endloop
 endfacet
 facet normal 0.30031 -0.77048 -0.56230
  outer loop
   vertex 24.5091 -24.7631 14.8162
   vertex 32.4306 -24.6542 18.8977
   vertex 26.6366 -26.9126 18.8977
  endloop
 endfacet
 facet normal 0.32667 -0.83810 -0.43689
  outer loop
   vertex 26.6366 -26.9126 18.8977
   vertex 32.4306 -24.6542 18.8977
   vertex 34.4167 -26.1641 23.2792
  endloop
 endfacet
 facet normal 0.32667 -0.83810 -0.43689
  outer loop
   vertex 26.6366 -26.9126 18.8977
   vertex 34.4167 -26.1641 23.2792
   vertex 28.2678 -28.5608 23.2792
  endloop
 endfacet
 facet normal 0.34655 -0.88911 -0.29897
  outer loop
   vertex 28.2678 -28.5608 23.2792
   vertex 34.4167 -26.1641 23.2792
   vertex 35.7617 -27.1866 27.8790
  endloop
 endfacet
 facet normal 0.34655 -0.88911 -0.29897
  outer loop
   vertex 28.2678 -28.5608 23.2792
   vertex 35.7617 -27.1866 27.8790
   vertex 29.3725 -29.6769 27.8790
  endloop
 endfacet
 facet normal 0.35895 -0.92091 -0.15191
  outer loop
   vertex 29.3725 -29.6769 27.8790
   vertex 35.7617 -27.1866 27.8790
   vertex 36.4405 -27.7026 32.6115
  endloop
 endfacet
 facet normal 0.35895 -0.92091 -0.15191
  outer loop
   vertex 29.3725 -29.6769 27.8790
   vertex 36.4405 -27.7026 32.6115
   vertex 29.9301 -30.2402 32.6115
  endloop
 endfacet
 facet normal 0.36316 -0.93173 0.00000
  outer loop
   vertex 29.9301 -30.2402 32.6115
   vertex 36.4405 -27.7026 32.6115
   vertex 36.4405 -27.7026 37.3885
  endloop
 endfacet
 facet normal 0.36316 -0.93173 0.00000
  outer loop
   vertex 29.9301 -30.2402 32.6115
   vertex 36.4405 -27.7026 37.3885
   vertex 29.9301 -30.2402 37.3885
  endloop
 endfacet
 facet normal 0.35895 -0.92091 0.15191
  outer loop
   vertex 29.9301 -30.2402 37.3885
   vertex 36.4405 -27.7026 37.3885
   vertex 35.7617 -27.1866 42.1210
  endloop
 endfacet
 facet normal 0.35895 -0.92091 0.15191
  outer loop
   vertex 29.9301 -30.2402 37.3885
   vertex 35.7617 -27.1866 42.1210
   vertex 29.3725 -29.6769 42.1210
  endloop
 endfacet
 facet normal 0.34655 -0.88911 0.29897
  outer loop
   vertex 29.3725 -29.6769 42.1210
   vertex 35.7617 -27.1866 42.1210
   vertex 34.4167 -26.1641 46.7208
  endloop
 endfacet
 facet normal 0.34655 -0.88911 0.29897
  outer loop
   vertex 29.3725 -29.6769 42.1210
   vertex 34.4167 -26.1641 46.7208
   vertex 28.2678 -28.5608 46.7208
  endloop
 endfacet
 facet normal 0.32667 -0.83810 0.43689
  outer loop
   vertex 28.2678 -28.5608 46.7208
   vertex 34.4167 -26.1641 46.7208
   vertex 32.4306 -24.6542 51.1023
  endloop
 endfacet
 facet normal 0.32667 -0.83810 0.43689
  outer loop
   vertex 28.2678 -28.5608 46.7208
   vertex 32.4306 -24.6542 51.1023
   vertex 26.6366 -26.9126 51.1023
  endloop
 endfacet
 facet normal 0.30031 -0.77048 0.56230
  outer loop
   vertex 26.6366 -26.9126 51.1023
   vertex 32.4306 -24.6542 51.1023
   vertex 29.8404 -22.6851 55.1838
  endloop
 endfacet
 facet normal 0.30031 -0.77048 0.56230
  outer loop
   vertex 26.6366 -26.9126 51.1023
   vertex 29.8404 -22.6851 55.1838
   vertex 24.5091 -24.7631 55.1838
  endloop
 endfacet
 facet normal 0.26863 -0.68921 0.67292
  outer loop
   vertex 24.5091 -24.7631 55.1838
   vertex 29.8404 -22.6851 55.1838
   vertex 26.6943 -20.2934 58.8894
  endloop
 endfacet
 facet normal 0.26863 -0.68921 0.67292
  outer loop
   vertex 24.5091 -24.7631 55.1838
   vertex 26.6943 -20.2934 58.8894
   vertex 21.9251 -22.1523 58.8894
  endloop
 endfacet
 facet normal 0.23280 -0.59728 0.76751
  outer loop
   vertex 21.9251 -22.1523 58.8894
   vertex 26.6943 -20.2934 58.8894
   vertex 23.0509 -17.5237 62.1499
  endloop
 endfacet
 facet normal 0.23280 -0.59728 0.76751
  outer loop
   vertex 21.9251 -22.1523 58.8894
   vertex 23.0509 -17.5237 62.1499
   vertex 18.9326 -19.1288 62.1499
  endloop
 endfacet
 facet normal 0.19386 -0.49736 0.84561
  outer loop
   vertex 18.9326 -19.1288 62.1499
   vertex 23.0509 -17.5237 62.1499
   vertex 18.9782 -14.4275 64.9047
  endloop
 endfacet
 facet normal 0.19386 -0.49736 0.84561
  outer loop
   vertex 18.9326 -19.1288 62.1499
   vertex 18.9782 -14.4275 64.9047
   vertex 15.5875 -15.7491 64.9047
  endloop
 endfacet
 facet normal 0.15269 -0.39174 0.90732
  outer loop
   vertex 15.5875 -15.7491 64.9047
   vertex 18.9782 -14.4275 64.9047
   vertex 14.5519 -11.0625 67.1024
  endloop
 endfacet
 facet normal 0.15269 -0.39174 0.90732
  outer loop
   vertex 15.5875 -15.7491 64.9047
   vertex 14.5519 -11.0625 67.1024
   vertex 11.9520 -12.0759 67.1024
  endloop
 endfacet
 facet normal 0.11000 -0.28223 0.95302
  outer loop
   vertex 11.9520 -12.0759 67.1024
   vertex 14.5519 -11.0625 67.1024
   vertex 9.8545 -7.4915 68.7021
  endloop
 endfacet
 facet normal 0.11000 -0.28223 0.95302
  outer loop
   vertex 11.9520 -12.0759 67.1024
   vertex 9.8545 -7.4915 68.7021
   vertex 8.0939 -8.1778 68.7021
  endloop
 endfacet
 facet normal 0.06635 -0.17024 0.98317
  outer loop
   vertex 8.0939 -8.1778 68.7021
   vertex 9.8545 -7.4915 68.7021
   vertex 4.9736 -3.7810 69.6740
  endloop
 endfacet
 facet normal 0.06635 -0.17024 0.98317
  outer loop
   vertex 8.0939 -8.1778 68.7021
   vertex 4.9736 -3.7810 69.6740
   vertex 4.0850 -4.1273 69.6740
  endloop
 endfacet
 facet normal 0.02217 -0.05689 0.99813
  outer loop
   vertex 4.0850 -4.1273 69.6740
   vertex 4.9736 -3.7810 69.6740
   vertex 0.0000 -0.0000 70.0000
  endloop
 endfacet
 facet normal 0.00000 0.00000 0.00000
  outer loop
   vertex 4.0850 -4.1273 69.6740
   vertex 0.0000 -0.0000 70.0000
   vertex 0.0000 -0.0000 70.0000
  endloop
 endfacet
 facet normal 0.00000 0.00000 0.00000
  outer loop
   vertex 0.0000 -0.0000 0.0000
   vertex 0.0000 -0.0000 0.0000
   vertex 5.7771 -3.3700 0.3260
  endloop
 endfacet
 facet normal 0.02632 -0.05145 -0.99833
  outer loop
   vertex 0.0000 -0.0000 0.0000
   vertex 5.7771 -3.3700 0.3260
   vertex 4.9736 -3.7810 0.3260
  endloop
 endfacet
 facet normal 0.07889 -0.15420 -0.98489
  outer loop
   vertex 4.9736 -3.7810 0.3260
   vertex 5.7771 -3.3700 0.3260
   vertex 11.4465 -6.6771 1.2979
  endloop
 endfacet
 facet normal 0.07889 -0.15420 -0.98489
  outer loop
   vertex 4.9736 -3.7810 0.3260
   vertex 11.4465 -6.6771 1.2979
   vertex 9.8545 -7.4915 1.2979
  endloop
 endfacet
 facet normal 0.13118 -0.25643 -0.95762
  outer loop
   vertex 9.8545 -7.4915 1.2979
   vertex 11.4465 -6.6771 1.2979
   vertex 16.9027 -9.8599 2.8976
  endloop
 endfacet
 facet normal 0.13118 -0.25643 -0.95762
  outer loop
   vertex 9.8545 -7.4915 1.2979
   vertex 16.9027 -9.8599 2.8976
   vertex 14.5519 -11.0625 2.8976
  endloop
 endfacet
 facet normal 0.18291 -0.35754 -0.91581
  outer loop
   vertex 14.5519 -11.0625 2.8976
   vertex 16.9027 -9.8599 2.8976
   vertex 22.0441 -12.8590 5.0953
  endloop
 endfacet
 facet normal 0.18291 -0.35754 -0.91581
  outer loop
   vertex 14.5519 -11.0625 2.8976
   vertex 22.0441 -12.8590 5.0953
   vertex 18.9782 -14.4275 5.0953
  endloop
 endfacet
 facet normal 0.23357 -0.45658 -0.85848
  outer loop
   vertex 18.9782 -14.4275 5.0953
   vertex 22.0441 -12.8590 5.0953
   vertex 26.7748 -15.6186 7.8501
  endloop
 endfacet
 facet normal 0.23357 -0.45658 -0.85848
  outer loop
   vertex 18.9782 -14.4275 5.0953
   vertex 26.7748 -15.6186 7.8501
   vertex 23.0509 -17.5237 7.8501
  endloop
 endfacet
 facet normal 0.28241 -0.55205 -0.78453
  outer loop
   vertex 23.0509 -17.5237 7.8501
   vertex 26.7748 -15.6186 7.8501
   vertex 31.0067 -18.0873 11.1106
  endloop
 endfacet
 facet normal 0.28241 -0.55205 -0.78453
  outer loop
   vertex 23.0509 -17.5237 7.8501
   vertex 31.0067 -18.0873 11.1106
   vertex 26.6943 -20.2934 11.1106
  endloop
 endfacet
 facet normal 0.32833 -0.64181 -0.69302
  outer loop
   vertex 26.6943 -20.2934 11.1106
   vertex 31.0067 -18.0873 11.1106
   vertex 34.6611 -20.2190 14.8162
  endloop
 endfacet
 facet normal 0.32833 -0.64181 -0.69302
  outer loop
   vertex 26.6943 -20.2934 11.1106
   vertex 34.6611 -20.2190 14.8162
   vertex 29.8404 -22.6851 14.8162
  endloop
 endfacet
 facet normal 0.36986 -0.72298 -0.58352
  outer loop
   vertex 29.8404 -22.6851 14.8162
   vertex 34.6611 -20.2190 14.8162
   vertex 37.6698 -21.9740 18.8977
  endloop
 endfacet
 facet normal 0.36986 -0.72298 -0.58352
  outer loop
   vertex 29.8404 -22.6851 14.8162
   vertex 37.6698 -21.9740 18.8977
   vertex 32.4306 -24.6542 18.8977
  endloop
 endfacet
 facet normal 0.40519 -0.79204 -0.45661
  outer loop
   vertex 32.4306 -24.6542 18.8977
   vertex 37.6698 -21.9740 18.8977
   vertex 39.9767 -23.3198 23.2792
  endloop
 endfacet
 facet normal 0.40519 -0.79204 -0.45661
  outer loop
   vertex 32.4306 -24.6542 18.8977
   vertex 39.9767 -23.3198 23.2792
   vertex 34.4167 -26.1641 23.2792
  endloop
 endfacet
 facet normal 0.43236 -0.84516 -0.31429
  outer loop
   vertex 34.4167 -26.1641 23.2792
   vertex 39.9767 -23.3198 23.2792
   vertex 41.5390 -24.2311 27.8790
  endloop
 endfacet
 facet normal 0.43236 -0.84516 -0.31429
  outer loop
   vertex 34.4167 -26.1641 23.2792
   vertex 41.5390 -24.2311 27.8790
   vertex 35.7617 -27.1866 27.8790
  endloop
 endfacet
 facet normal 0.44954 -0.87876 -0.16030
  outer loop
   vertex 35.7617 -27.1866 27.8790
   vertex 41.5390 -24.2311 27.8790
   vertex 42.3275 -24.6910 32.6115
  endloop
 endfacet
 facet normal 0.44954 -0.87876 -0.16030
  outer loop
   vertex 35.7617 -27.1866 27.8790
   vertex 42.3275 -24.6910 32.6115
   vertex 36.4405 -27.7026 32.6115
  endloop
 endfacet
 facet normal 0.45543 -0.89027 0.00000
  outer loop
   vertex 36.4405 -27.7026 32.6115
   vertex 42.3275 -24.6910 32.6115
   vertex 42.3275 -24.6910 37.3885
  endloop
 endfacet
 facet normal 0.45543 -0.89027 0.00000
  outer loop
   vertex 36.4405 -27.7026 32.6115
   vertex 42.3275 -24.6910 37.3885
   vertex 36.4405 -27.7026 37.3885
  endloop
 endfacet
 facet normal 0.44954 -0.87876 0.16030
  outer loop
   vertex 36.4405 -27.7026 37.3885
   vertex 42.3275 -24.6910 37.3885
   vertex 41.5390 -24.2311 42.1210
  endloop
 endfacet
 facet normal 0.44954 -0.87876 0.16030
  outer loop
   vertex 36.4405 -27.7026 37.3885
   vertex 41.5390 -24.2311 42.1210
   vertex 35.7617 -27.1866 42.1210
  endloop
 endfacet
 facet normal 0.43236 -0.84516 0.31429
  outer loop
   vertex 35.7617 -27.1866 42.1210
   vertex 41.5390 -24.2311 42.1210
   vertex 39.9767 -23.3198 46.7208
  endloop
 endfacet
 facet normal 0.43236 -0.84516 0.31429
  outer loop
   vertex 35.7617 -27.1866 42.1210
   vertex 39.9767 -23.3198 46.7208
   vertex 34.4167 -26.1641 46.7208
  endloop
 endfacet
 facet normal 0.40519 -0.79204 0.45661
  outer loop
   vertex 34.4167 -26.1641 46.7208
   vertex 39.9767 -23.3198 46.7208
   vertex 37.6698 -21.9740 51.1023
  endloop
 endfacet
 facet normal 0.40519 -0.79204 0.45661
  outer loop
   vertex 34.4167 -26.1641 46.7208
   vertex 37.6698 -21.9740 51.1023
   vertex 32.4306 -24.6542 51.1023
  endloop
 endfacet
 facet normal 0.36986 -0.72298 0.58352
  outer loop
   vertex 32.4306 -24.6542 51.1023
   vertex 37.6698 -21.9740 51.1023
   vertex 34.6611 -20.2190 55.1838
  endloop
 endfacet
 facet normal 0.36986 -0.72298 0.58352
  outer loop
   vertex 32.4306 -24.6542 51.1023
   vertex 34.6611 -20.2190 55.1838
   vertex 29.8404 -22.6851 55.1838
  endloop
 endfacet
 facet normal 0.32833 -0.64181 0.69302
  outer loop
   vertex 29.8404 -22.6851 55.1838
   vertex 34.6611 -20.2190 55.1838
   vertex 31.0067 -18.0873 58.8894
  endloop
 endfacet
 facet normal 0.32833 -0.64181 0.69302
  outer loop
   vertex 29.8404 -22.6851 55.1838
   vertex 31.0067 -18.0873 58.8894
   vertex 26.6943 -20.2934 58.8894
  endloop
 endfacet
 facet normal 0.28241 -0.55205 0.78453
  outer loop
   vertex 26.6943 -20.2934 58.8894
   vertex 31.0067 -18.0873 58.8894
   vertex 26.7748 -15.6186 62.1499
  endloop
 endfacet
 facet normal 0.28241 -0.55205 0.78453
  outer loop
   vertex 26.6943 -20.2934 58.8894
   vertex 26.7748 -15.6186 62.1499
   vertex 23.0509 -17.5237 62.1499
  endloop
 endfacet
 facet normal 0.23357 -0.45658 0.85848
  outer loop
   vertex 23.0509 -17.5237 62.1499
   vertex 26.7748 -15.6186 62.1499
   vertex 22.0441 -12.8590 64.9047
  endloop
 endfacet
 facet normal 0.23357 -0.45658 0.85848
  outer loop
   vertex 23.0509 -17.5237 62.1499
   vertex 22.0441 -12.8590 64.9047
   vertex 18.9782 -14.4275 64.9047
  endloop
 endfacet
 facet normal 0.18291 -0.35754 0.91581
  outer loop
   vertex 18.9782 -14.4275 64.9047
   vertex 22.0441 -12.8590 64.9047
   vertex 16.9027 -9.8599 67.1024
  endloop
 endfacet
 facet normal 0.18291 -0.35754 0.91581
  outer loop
   vertex 18.9782 -14.4275 64.9047
   vertex 16.9027 -9.8599 67.1024
   vertex 14.5519 -11.0625 67.1024
  endloop
 endfacet
 facet normal 0.13118 -0.25643 0.95762
  outer loop
   vertex 14.5519 -11.0625 67.1024
   vertex 16.9027 -9.8599 67.1024
   vertex 11.4465 -6.6771 68.7021
  endloop
 endfacet
 facet normal 0.13118 -0.25643 0.95762
  outer loop
   vertex 14.5519 -11.0625 67.1024
   vertex 11.4465 -6.6771 68.7021
   vertex 9.8545 -7.4915 68.7021
  endloop
 endfacet
 facet normal 0.07889 -0.15420 0.98489
  outer loop
   vertex 9.8545 -7.4915 68.7021
   vertex 11.4465 -6.6771 68.7021
   vertex 5.7771 -3.3700 69.6740
  endloop
 endfacet
 facet normal 0.07889 -0.15420 0.98489
  outer loop
   vertex 9.8545 -7.4915 68.7021
   vertex 5.7771 -3.3700 69.6740
   vertex 4.9736 -3.7810 69.6740
  endloop
 endfacet
 facet normal 0.02632 -0.05145 0.99833
  outer loop
   vertex 4.9736 -3.7810 69.6740
   vertex 5.7771 -3.3700 69.6740
   vertex 0.0000 -0.0000 70.0000
  endloop
 endfacet
 facet normal 0.00000 0.00000 0.00000
  outer loop
   vertex 4.9736 -3.7810 69.6740
   vertex 0.0000 -0.0000 70.0000
   vertex 0.0000 -0.0000 70.0000
  endloop
 endfacet
 facet normal 0.00000 0.00000 0.00000
  outer loop
   vertex 0.0000 -0.0000 0.0000
   vertex 0.0000 -0.0000 0.0000
   vertex 6.4817 -2.9013 0.3260
  endloop
 endfacet
 facet normal 0.03002 -0.04513 -0.99853
  outer loop
   vertex 0.0000 -0.0000 0.0000
   vertex 6.4817 -2.9013 0.3260
   vertex 5.7771 -3.3700 0.3260
  endloop
 endfacet
 facet normal 0.09011 -0.13548 -0.98667
  outer loop
   vertex 5.7771 -3.3700 0.3260
   vertex 6.4817 -2.9013 0.3260
   vertex 12.8427 -5.7485 1.2979
  endloop
 endfacet
 facet normal 0.09011 -0.13548 -0.98667
  outer loop
   vertex 5.7771 -3.3700 0.3260
   vertex 12.8427 -5.7485 1.2979
   vertex 11.4465 -6.6771 1.2979
  endloop
 endfacet
 facet normal 0.15034 -0.22602 -0.96245
  outer loop
   vertex 11.4465 -6.6771 1.2979
   vertex 12.8427 -5.7485 1.2979
   vertex 18.9644 -8.4886 2.8976
  endloop
 endfacet
 facet normal 0.15034 -0.22602 -0.96245
  outer loop
   vertex 11.4465 -6.6771 1.2979
   vertex 18.9644 -8.4886 2.8976
   vertex 16.9027 -9.8599 2.8976
  endloop
 endfacet
 facet normal 0.21063 -0.31665 -0.92486
  outer loop
   vertex 16.9027 -9.8599 2.8976
   vertex 18.9644 -8.4886 2.8976
   vertex 24.7328 -11.0706 5.0953
  endloop
 endfacet
 facet normal 0.21063 -0.31665 -0.92486
  outer loop
   vertex 16.9027 -9.8599 2.8976
   vertex 24.7328 -11.0706 5.0953
   vertex 22.0441 -12.8590 5.0953
  endloop
 endfacet
 facet normal 0.27067 -0.40692 -0.87244
  outer loop
   vertex 22.0441 -12.8590 5.0953
   vertex 24.7328 -11.0706 5.0953
   vertex 30.0405 -13.4464 7.8501
  endloop
 endfacet
 facet normal 0.27067 -0.40692 -0.87244
  outer loop
   vertex 22.0441 -12.8590 5.0953
   vertex 30.0405 -13.4464 7.8501
   vertex 26.7748 -15.6186 7.8501
  endloop
 endfacet
 facet normal 0.32978 -0.49578 -0.80340
  outer loop
   vertex 26.7748 -15.6186 7.8501
   vertex 30.0405 -13.4464 7.8501
   vertex 34.7887 -15.5717 11.1106
  endloop
 endfacet
 facet normal 0.32978 -0.49578 -0.80340
  outer loop
   vertex 26.7748 -15.6186 7.8501
   vertex 34.7887 -15.5717 11.1106
   vertex 31.0067 -18.0873 11.1106
  endloop
 endfacet
 facet normal 0.38672 -0.58139 -0.71584
  outer loop
   vertex 31.0067 -18.0873 11.1106
   vertex 34.7887 -15.5717 11.1106
   vertex 38.8887 -17.4069 14.8162
  endloop
 endfacet
 facet normal 0.38672 -0.58139 -0.71584
  outer loop
   vertex 31.0067 -18.0873 11.1106
   vertex 38.8887 -17.4069 14.8162
   vertex 34.6611 -20.2190 14.8162
  endloop
 endfacet
 facet normal 0.43961 -0.66090 -0.60824
  outer loop
   vertex 34.6611 -20.2190 14.8162
   vertex 38.8887 -17.4069 14.8162
   vertex 42.2644 -18.9179 18.8977
  endloop
 endfacet
 facet normal 0.43961 -0.66090 -0.60824
  outer loop
   vertex 34.6611 -20.2190 14.8162
   vertex 42.2644 -18.9179 18.8977
   vertex 37.6698 -21.9740 18.8977
  endloop
 endfacet
 facet normal 0.48582 -0.73038 -0.48013
  outer loop
   vertex 37.6698 -21.9740 18.8977
   vertex 42.2644 -18.9179 18.8977
   vertex 44.8528 -20.0764 23.2792
  endloop
 endfacet
 facet normal 0.48582 -0.73038 -0.48013
  outer loop
   vertex 37.6698 -21.9740 18.8977
   vertex 44.8528 -20.0764 23.2792
   vertex 39.9767 -23.3198 23.2792
  endloop
 endfacet
 facet normal 0.52224 -0.78513 -0.33292
  outer loop
   vertex 39.9767 -23.3198 23.2792
   vertex 44.8528 -20.0764 23.2792
   vertex 46.6056 -20.8610 27.8790
  endloop
 endfacet
 facet normal 0.52224 -0.78513 -0.33292
  outer loop
   vertex 39.9767 -23.3198 23.2792
   vertex 46.6056 -20.8610 27.8790
   vertex 41.5390 -24.2311 27.8790
  endloop
 endfacet
 facet normal 0.54571 -0.82041 -0.17066
  outer loop
   vertex 41.5390 -24.2311 27.8790
   vertex 46.6056 -20.8610 27.8790
   vertex 47.4902 -21.2570 32.6115
  endloop
 endfacet
 facet normal 0.54571 -0.82041 -0.17066
  outer loop
   vertex 41.5390 -24.2311 27.8790
   vertex 47.4902 -21.2570 32.6115
   vertex 42.3275 -24.6910 32.6115
  endloop
 endfacet
 facet normal 0.55383 -0.83263 0.00000
  outer loop
   vertex 42.3275 -24.6910 32.6115
   vertex 47.4902 -21.2570 32.6115
   vertex 47.4902 -21.2570 37.3885
  endloop
 endfacet
 facet normal 0.55383 -0.83263 0.00000
  outer loop
   vertex 42.3275 -24.6910 32.6115
   vertex 47.4902 -21.2570 37.3885
   vertex 42.3275 -24.6910 37.3885
  endloop
 endfacet
 facet normal 0.54571 -0.82041 0.17066
  outer loop
   vertex 42.3275 -24.6910 37.3885
   vertex 47.4902 -21.2570 37.3885
   vertex 46.6056 -20.8610 42.1210
  endloop
 endfacet
 facet normal 0.54571 -0.82041 0.17066
  outer loop
   vertex 42.3275 -24.6910 37.3885
   vertex 46.6056 -20.8610 42.1210
   vertex 41.5390 -24.2311 42.1210
  endloop
 endfacet
 facet normal 0.52224 -0.78513 0.33292
  outer loop
   vertex 41.5390 -24.2311 42.1210
   vertex 46.6056 -20.8610 42.1210
   vertex 44.8528 -20.0764 46.7208
  endloop
 endfacet
 facet normal 0.52224 -0.78513 0.33292
  outer loop
   vertex 41.5390 -24.2311 42.1210
   vertex 44.8528 -20.0764 46.7208
   vertex 39.9767 -23.3198 46.7208
  endloop
 endfacet
 facet normal 0.48582 -0.73038 0.48013
  outer loop
   vertex 39.9767 -23.3198 46.7208
   vertex 44.8528 -20.0764 46.7208
   vertex 42.2644 -18.9179 51.1023
  endloop
 endfacet
 facet normal 0.48582 -0.73038 0.48013
  outer loop
   vertex 39.9767 -23.3198 46.7208
   vertex 42.2644 -18.9179 51.1023
   vertex 37.6698 -21.9740 51.1023
  endloop
 endfacet
 facet normal 0.43961 -0.66090 0.60824
  outer loop
   vertex 37.6698 -21.9740 51.1023
   vertex 42.2644 -18.9179 51.1023
   vertex 38.8887 -17.4069 55.1838
  endloop
 endfacet
 facet normal 0.43961 -0.66090 0.60824
  outer loop
   vertex 37.6698 -21.9740 51.1023
   vertex 38.8887 -17.4069 55.1838
   vertex 34.6611 -20.2190 55.1838
  endloop
 endfacet
 facet normal 0.38672 -0.58139 0.71584
  outer loop
   vertex 34.6611 -20.2190 55.1838
   vertex 38.8887 -17.4069 55.1838
   vertex 34.7887 -15.5717 58.8894
  endloop
 endfacet
 facet normal 0.38672 -0.58139 0.71584
  outer loop
   vertex 34.6611 -20.2190 55.1838
   vertex 34.7887 -15.5717 58.8894
   vertex 31.0067 -18.0873 58.8894
  endloop
 endfacet
 facet normal 0.32978 -0.49578 0.80340
  outer loop
   vertex 31.0067 -18.0873 58.8894
   vertex 34.7887 -15.5717 58.8894
   vertex 30.0405 -13.4464 62.1499
  endloop
 endfacet
 facet normal 0.32978 -0.49578 0.80340
  outer loop
   vertex 31.0067 -18.0873 58.8894
   vertex 30.0405 -13.4464 62.1499
   vertex 26.7748 -15.6186 62.1499
  endloop
 endfacet
 facet normal 0.27067 -0.40692 0.87244
  outer loop
   vertex 26.7748 -15.6186 62.1499
   vertex 30.0405 -13.4464 62.1499
   vertex 24.7328 -11.0706 64.9047
  endloop
 endfacet
 facet normal 0.27067 -0.40692 0.87244
  outer loop
   vertex 26.7748 -15.6186 62.1499
   vertex 24.7328 -11.0706 64.9047
   vertex 22.0441 -12.8590 64.9047
  endloop
 endfacet
 facet normal 0.21063 -0.31665 0.92486
  outer loop
   vertex 22.0441 -12.8590 64.9047
   vertex 24.7328 -11.0706 64.9047
   vertex 18.9644 -8.4886 67.1024
  endloop
 endfacet
 facet normal 0.21063 -0.31665 0.92486
  outer loop
   vertex 22.0441 -12.8590 64.9047
   vertex 18.9644 -8.4886 67.1024
   vertex 16.9027 -9.8599 67.1024
  endloop
 endfacet
 facet normal 0.15034 -0.22602 0.96245
  outer loop
   vertex 16.9027 -9.8599 67.1024
   vertex 18.9644 -8.4886 67.1024
   vertex 12.8427 -5.7485 68.7021
  endloop
 endfacet
 facet normal 0.15034 -0.22602 0.96245
  outer loop
   vertex 16.9027 -9.8599 67.1024
   vertex 12.8427 -5.7485 68.7021
   vertex 11.4465 -6.6771 68.7021
  endloop
 endfacet
 facet normal 0.09011 -0.13548 0.98667
  outer loop
   vertex 11.4465 -6.6771 68.7021
   vertex 12.8427 -5.7485 68.7021
   vertex 6.4817 -2.9013 69.6740
  endloop
 endfacet
 facet normal 0.09011 -0.13548 0.98667
  outer loop
   vertex 11.4465 -6.6771 68.7021
   vertex 6.4817 -2.9013 69.6740
   vertex 5.7771 -3.3700 69.6740
  endloop
 endfacet
 facet normal 0.03002 -0.04513 0.99853
  outer loop
   vertex 5.7771 -3.3700 69.6740
   vertex 6.4817 -2.9013 69.6740
   vertex 0.0000 -0.0000 70.0000
  endloop
 endfacet
 facet normal 0.00000 0.00000 0.00000
  outer loop
   vertex 5.7771 -3.3700 69.6740
   vertex 0.0000 -0.0000 70.0000
   vertex 0.0000 -0.0000 70.0000
  endloop
 endfacet
 facet normal 0.00000 0.00000 0.00000
  outer loop
   vertex 0.0000 -0.0000 0.0000
   vertex 0.0000 -0.0000 0.0000
   vertex 7.0754 -2.3829 0.3260
  endloop
 endfacet
 facet normal 0.03321 -0.03804 -0.99872
  outer loop
   vertex 0.0000 -0.0000 0.0000
   vertex 7.0754 -2.3829 0.3260
   vertex 6.4817 -2.9013 0.3260
  endloop
 endfacet
 facet normal 0.09983 -0.11436 -0.98841
  outer loop
   vertex 6.4817 -2.9013 0.3260
   vertex 7.0754 -2.3829 0.3260
   vertex 14.0191 -4.7214 1.2979
  endloop
 endfacet
 facet normal 0.09983 -0.11436 -0.98841
  outer loop
   vertex 6.4817 -2.9013 0.3260
   vertex 14.0191 -4.7214 1.2979
   vertex 12.8427 -5.7485 1.2979
  endloop
 endfacet
 facet normal 0.16708 -0.19138 -0.96719
  outer loop
   vertex 12.8427 -5.7485 1.2979
   vertex 14.0191 -4.7214 1.2979
   vertex 20.7015 -6.9720 2.8976
  endloop
 endfacet
 facet normal 0.16708 -0.19138 -0.96719
  outer loop
   vertex 12.8427 -5.7485 1.2979
   vertex 20.7015 -6.9720 2.8976
   vertex 18.9644 -8.4886 2.8976
  endloop
 endfacet
 facet normal 0.23520 -0.26941 -0.93386
  outer loop
   vertex 18.9644 -8.4886 2.8976
   vertex 20.7015 -6.9720 2.8976
   vertex 26.9984 -9.0927 5.0953
  endloop
 endfacet
 facet normal 0.23520 -0.26941 -0.93386
  outer loop
   vertex 18.9644 -8.4886 2.8976
   vertex 26.9984 -9.0927 5.0953
   vertex 24.7328 -11.0706 5.0953
  endloop
 endfacet
 facet normal 0.30419 -0.34844 -0.88660
  outer loop
   vertex 24.7328 -11.0706 5.0953
   vertex 26.9984 -9.0927 5.0953
   vertex 32.7923 -11.0440 7.8501
  endloop
 endfacet
 facet normal 0.30419 -0.34844 -0.88660
  outer loop
   vertex 24.7328 -11.0706 5.0953
   vertex 32.7923 -11.0440 7.8501
   vertex 30.0405 -13.4464 7.8501
  endloop
 endfacet
 facet normal 0.37359 -0.42793 -0.82298
  outer loop
   vertex 30.0405 -13.4464 7.8501
   vertex 32.7923 -11.0440 7.8501
   vertex 37.9754 -12.7896 11.1106
  endloop
 endfacet
 facet normal 0.37359 -0.42793 -0.82298
  outer loop
   vertex 30.0405 -13.4464 7.8501
   vertex 37.9754 -12.7896 11.1106
   vertex 34.7887 -15.5717 11.1106
  endloop
 endfacet
 facet normal 0.44222 -0.50654 -0.74017
  outer loop
   vertex 34.7887 -15.5717 11.1106
   vertex 37.9754 -12.7896 11.1106
   vertex 42.4510 -14.2970 14.8162
  endloop
 endfacet
 facet normal 0.44222 -0.50654 -0.74017
  outer loop
   vertex 34.7887 -15.5717 11.1106
   vertex 42.4510 -14.2970 14.8162
   vertex 38.8887 -17.4069 14.8162
  endloop
 endfacet
 facet normal 0.50785 -0.58172 -0.63537
  outer loop
   vertex 38.8887 -17.4069 14.8162
   vertex 42.4510 -14.2970 14.8162
   vertex 46.1359 -15.5380 18.8977
  endloop
 endfacet
 facet normal 0.50785 -0.58172 -0.63537
  outer loop
   vertex 38.8887 -17.4069 14.8162
   vertex 46.1359 -15.5380 18.8977
   vertex 42.2644 -18.9179 18.8977
  endloop
 endfacet
 facet normal 0.56699 -0.64946 -0.50668
  outer loop
   vertex 42.2644 -18.9179 18.8977
   vertex 46.1359 -15.5380 18.8977
   vertex 48.9613 -16.4896 23.2792
  endloop
 endfacet
 facet normal 0.56699 -0.64946 -0.50668
  outer loop
   vertex 42.2644 -18.9179 18.8977
   vertex 48.9613 -16.4896 23.2792
   vertex 44.8528 -20.0764 23.2792
  endloop
 endfacet
 facet normal 0.61495 -0.70440 -0.35448
  outer loop
   vertex 44.8528 -20.0764 23.2792
   vertex 48.9613 -16.4896 23.2792
   vertex 50.8747 -17.1340 27.8790
  endloop
 endfacet
 facet normal 0.61495 -0.70440 -0.35448
  outer loop
   vertex 44.8528 -20.0764 23.2792
   vertex 50.8747 -17.1340 27.8790
   vertex 46.6056 -20.8610 27.8790
  endloop
 endfacet
 facet normal 0.64657 -0.74062 -0.18283
  outer loop
   vertex 46.6056 -20.8610 27.8790
   vertex 50.8747 -17.1340 27.8790
   vertex 51.8404 -17.4592 32.6115
  endloop
 endfacet
 facet normal 0.64657 -0.74062 -0.18283
  outer loop
   vertex 46.6056 -20.8610 27.8790
   vertex 51.8404 -17.4592 32.6115
   vertex 47.4902 -21.2570 32.6115
  endloop
 endfacet
 facet normal 0.65766 -0.75332 0.00000
  outer loop
   vertex 47.4902 -21.2570 32.6115
   vertex 51.8404 -17.4592 32.6115
   vertex 51.8404 -17.4592 37.3885
  endloop
 endfacet
 facet normal 0.65766 -0.75332 0.00000
  outer loop
   vertex 47.4902 -21.2570 32.6115
   vertex 51.8404 -17.4592 37.3885
   vertex 47.4902 -21.2570 37.3885
  endloop
 endfacet
 facet normal 0.64657 -0.74062 0.18283
  outer loop
   vertex 47.4902 -21.2570 37.3885
   vertex 51.8404 -17.4592 37.3885
   vertex 50.8747 -17.1340 42.1210
  endloop
 endfacet
 facet normal 0.64657 -0.74062 0.18283
  outer loop
   vertex 47.4902 -21.2570 37.3885
   vertex 50.8747 -17.1340 42.1210
   vertex 46.6056 -20.8610 42.1210
  endloop
 endfacet
 facet normal 0.61495 -0.70440 0.35448
  outer loop
   vertex 46.6056 -20.8610 42.1210
   vertex 50.8747 -17.1340 42.1210
   vertex 48.9613 -16.4896 46.7208
  endloop
 endfacet
 facet normal 0.61495 -0.70440 0.35448
  outer loop
   vertex 46.6056 -20.8610 42.1210
   vertex 48.9613 -16.4896 46.7208
   vertex 44.8528 -20.0764 46.7208
  endloop
 endfacet
 facet normal 0.56699 -0.64946 0.50668
  outer loop
   vertex 44.8528 -20.0764 46.7208
   vertex 48.9613 -16.4896 46.7208
   vertex 46.1359 -15.5380 51.1023
  endloop
 endfacet
 facet normal 0.56699 -0.64946 0.50668
  outer loop
   vertex 44.8528 -20.0764 46.7208
   vertex 46.1359 -15.5380 51.1023
   vertex 42.2644 -18.9179 51.1023
  endloop
 endfacet
 facet normal 0.50785 -0.58172 0.63537
  outer loop
   vertex 42.2644 -18.9179 51.1023
   vertex 46.1359 -15.5380 51.1023
   vertex 42.4510 -14.2970 55.1838
  endloop
 endfacet
 facet normal 0.50785 -0.58172 0.63537
  outer loop
   vertex 42.2644 -18.9179 51.1023
   vertex 42.4510 -14.2970 55.1838
   vertex 38.8887 -17.4069 55.1838
  endloop
 endfacet
 facet normal 0.44222 -0.50654 0.74017
  outer loop
   vertex 38.8887 -17.4069 55.1838
   vertex 42.4510 -14.2970 55.1838
   vertex 37.9754 -12.7896 58.8894
  endloop
 endfacet
 facet normal 0.44222 -0.50654 0.74017
  outer loop
   vertex 38.8887 -17.4069 55.1838
   vertex 37.9754 -12.7896 58.8894
   vertex 34.7887 -15.5717 58.8894
  endloop
 endfacet
 facet normal 0.37359 -0.42793 0.82298
  outer loop
   vertex 34.7887 -15.5717 58.8894
   vertex 37.9754 -12.7896 58.8894
   vertex 32.7923 -11.0440 62.1499
  endloop
 endfacet
 facet normal 0.37359 -0.42793 0.82298
  outer loop
   vertex 34.7887 -15.5717 58.8894
   vertex 32.7923 -11.0440 62.1499
   vertex 30.0405 -13.4464 62.1499
  endloop
 endfacet
 facet normal 0.30419 -0.34844 0.88660
  outer loop
   vertex 30.0405 -13.4464 62.1499
   vertex 32.7923 -11.0440 62.1499
   vertex 26.9984 -9.0927 64.9047
  endloop
 endfacet
 facet normal 0.30419 -0.34844 0.88660
  outer loop
   vertex 30.0405 -13.4464 62.1499
   vertex 26.9984 -9.0927 64.9047
   vertex 24.7328 -11.0706 64.9047
  endloop
 endfacet
 facet normal 0.23520 -0.26941 0.93386
  outer loop
   vertex 24.7328 -11.0706 64.9047
   vertex 26.9984 -9.0927 64.9047
   vertex 20.7015 -6.9720 67.1024
  endloop
 endfacet
 facet normal 0.23520 -0.26941 0.93386
  outer loop
   vertex 24.7328 -11.0706 64.9047
   vertex 20.7015 -6.9720 67.1024
   vertex 18.9644 -8.4886 67.1024
  endloop
 endfacet
 facet normal 0.16708 -0.19138 0.96719
  outer loop
   vertex 18.9644 -8.4886 67.1024
   vertex 20.7015 -6.9720 67.1024
   vertex 14.0191 -4.7214 68.7021
  endloop
 endfacet
 facet normal 0.16708 -0.19138 0.96719
  outer loop
   vertex 18.9644 -8.4886 67.1024
   vertex 14.0191 -4.7214 68.7021
   vertex 12.8427 -5.7485 68.7021
  endloop
 endfacet
 facet normal 0.09983 -0.11436 0.98841
  outer loop
   vertex 12.8427 -5.7485 68.7021
   vertex 14.0191 -4.7214 68.7021
   vertex 7.0754 -2.3829 69.6740
  endloop
 endfacet
 facet normal 0.09983 -0.11436 0.98841
  outer loop
   vertex 12.8427 -5.7485 68.7021
   vertex 7.0754 -2.3829 69.6740
   vertex 6.4817 -2.9013 69.6740
  endloop
 endfacet
 facet normal 0.03321 -0.03804 0.99872
  outer loop
   vertex 6.4817 -2.9013 69.6740
   vertex 7.0754 -2.3829 69.6740
   vertex 0.0000 -0.0000 70.0000
  endloop
 endfacet
 facet normal 0.00000 0.00000 0.00000
  outer loop
   vertex 6.4817 -2.9013 69.6740
   vertex 0.0000 -0.0000 70.0000
   vertex 0.0000 -0.0000 70.0000
  endloop
 endfacet
 facet normal 0.00000 0.00000 0.00000
  outer loop
   vertex 0.0000 -0.0000 0.0000
   vertex 0.0000 -0.0000 0.0000
   vertex 7.5481 -1.8238 0.3260
  endloop
 endfacet
 facet normal 0.03582 -0.03028 -0.99890
  outer loop
   vertex 0.0000 -0.0000 0.0000
   vertex 7.5481 -1.8238 0.3260
   vertex 7.0754 -2.3829 0.3260
  endloop
 endfacet
 facet normal 0.10786 -0.09118 -0.98998
  outer loop
   vertex 7.0754 -2.3829 0.3260
   vertex 7.5481 -1.8238 0.3260
   vertex 14.9556 -3.6136 1.2979
  endloop
 endfacet
 facet normal 0.10786 -0.09118 -0.98998
  outer loop
   vertex 7.0754 -2.3829 0.3260
   vertex 14.9556 -3.6136 1.2979
   vertex 14.0191 -4.7214 1.2979
  endloop
 endfacet
 facet normal 0.18102 -0.15304 -0.97150
  outer loop
   vertex 14.0191 -4.7214 1.2979
   vertex 14.9556 -3.6136 1.2979
   vertex 22.0845 -5.3362 2.8976
  endloop
 endfacet
 facet normal 0.18102 -0.15304 -0.97150
  outer loop
   vertex 14.0191 -4.7214 1.2979
   vertex 22.0845 -5.3362 2.8976
   vertex 20.7015 -6.9720 2.8976
  endloop
 endfacet
 facet normal 0.25596 -0.21638 -0.94216
  outer loop
   vertex 20.7015 -6.9720 2.8976
   vertex 22.0845 -5.3362 2.8976
   vertex 28.8020 -6.9593 5.0953
  endloop
 endfacet
 facet normal 0.25596 -0.21638 -0.94216
  outer loop
   vertex 20.7015 -6.9720 2.8976
   vertex 28.8020 -6.9593 5.0953
   vertex 26.9984 -9.0927 5.0953
  endloop
 endfacet
 facet normal 0.33304 -0.28155 -0.89990
  outer loop
   vertex 26.9984 -9.0927 5.0953
   vertex 28.8020 -6.9593 5.0953
   vertex 34.9830 -8.4527 7.8501
  endloop
 endfacet
 facet normal 0.33304 -0.28155 -0.89990
  outer loop
   vertex 26.9984 -9.0927 5.0953
   vertex 34.9830 -8.4527 7.8501
   vertex 32.7923 -11.0440 7.8501
  endloop
 endfacet
 facet normal 0.41220 -0.34847 -0.84182
  outer loop
   vertex 32.7923 -11.0440 7.8501
   vertex 34.9830 -8.4527 7.8501
   vertex 40.5123 -9.7888 11.1106
  endloop
 endfacet
 facet normal 0.41220 -0.34847 -0.84182
  outer loop
   vertex 32.7923 -11.0440 7.8501
   vertex 40.5123 -9.7888 11.1106
   vertex 37.9754 -12.7896 11.1106
  endloop
 endfacet
 facet normal 0.49252 -0.41637 -0.76424
  outer loop
   vertex 37.9754 -12.7896 11.1106
   vertex 40.5123 -9.7888 11.1106
   vertex 45.2869 -10.9424 14.8162
  endloop
 endfacet
 facet normal 0.49252 -0.41637 -0.76424
  outer loop
   vertex 37.9754 -12.7896 11.1106
   vertex 45.2869 -10.9424 14.8162
   vertex 42.4510 -14.2970 14.8162
  endloop
 endfacet
 facet normal 0.57167 -0.48328 -0.66305
  outer loop
   vertex 42.4510 -14.2970 14.8162
   vertex 45.2869 -10.9424 14.8162
   vertex 49.2179 -11.8923 18.8977
  endloop
 endfacet
 facet normal 0.57167 -0.48328 -0.66305
  outer loop
   vertex 42.4510 -14.2970 14.8162
   vertex 49.2179 -11.8923 18.8977
   vertex 46.1359 -15.5380 18.8977
  endloop
 endfacet
 facet normal 0.64536 -0.54558 -0.53465
  outer loop
   vertex 46.1359 -15.5380 18.8977
   vertex 49.2179 -11.8923 18.8977
   vertex 52.2321 -12.6206 23.2792
  endloop
 endfacet
 facet normal 0.64536 -0.54558 -0.53465
  outer loop
   vertex 46.1359 -15.5380 18.8977
   vertex 52.2321 -12.6206 23.2792
   vertex 48.9613 -16.4896 23.2792
  endloop
 endfacet
 facet normal 0.70706 -0.59774 -0.37785
  outer loop
   vertex 48.9613 -16.4896 23.2792
   vertex 52.2321 -12.6206 23.2792
   vertex 54.2733 -13.1138 27.8790
  endloop
 endfacet
 facet normal 0.70706 -0.59774 -0.37785
  outer loop
   vertex 48.9613 -16.4896 23.2792
   vertex 54.2733 -13.1138 27.8790
   vertex 50.8747 -17.1340 27.8790
  endloop
 endfacet
 facet normal 0.74881 -0.63304 -0.19630
  outer loop
   vertex 50.8747 -17.1340 27.8790
   vertex 54.2733 -13.1138 27.8790
   vertex 55.3035 -13.3627 32.6115
  endloop
 endfacet
 facet normal 0.74881 -0.63304 -0.19630
  outer loop
   vertex 50.8747 -17.1340 27.8790
   vertex 55.3035 -13.3627 32.6115
   vertex 51.8404 -17.4592 32.6115
  endloop
 endfacet
 facet normal 0.76367 -0.64560 0.00000
  outer loop
   vertex 51.8404 -17.4592 32.6115
   vertex 55.3035 -13.3627 32.6115
   vertex 55.3035 -13.3627 37.3885
  endloop
 endfacet
 facet normal 0.76367 -0.64560 0.00000
  outer loop
   vertex 51.8404 -17.4592 32.6115
   vertex 55.3035 -13.3627 37.3885
   vertex 51.8404 -17.4592 37.3885
  endloop
 endfacet
 facet normal 0.74881 -0.63304 0.19630
  outer loop
   vertex 51.8404 -17.4592 37.3885
   vertex 55.3035 -13.3627 37.3885
   vertex 54.2733 -13.1138 42.1210
  endloop
 endfacet
 facet normal 0.74881 -0.63304 0.19630
  outer loop
   vertex 51.8404 -17.4592 37.3885
   vertex 54.2733 -13.1138 42.1210
   vertex 50.8747 -17.1340 42.1210
  endloop
 endfacet
 facet normal 0.70706 -0.59774 0.37785
  outer loop
   vertex 50.8747 -17.1340 42.1210
   vertex 54.2733 -13.1138 42.1210
   vertex 52.2321 -12.6206 46.7208
  endloop
 endfacet
 facet normal 0.70706 -0.59774 0.37785
  outer loop
   vertex 50.8747 -17.1340 42.1210
   vertex 52.2321 -12.6206 46.7208
   vertex 48.9613 -16.4896 46.7208
  endloop
 endfacet
 facet normal 0.64536 -0.54558 0.53465
  outer loop
   vertex 48.9613 -16.4896 46.7208
   vertex 52.2321 -12.6206 46.7208
   vertex 49.2179 -11.8923 51.1023
  endloop
 endfacet
 facet normal 0.64536 -0.54558 0.53465
  outer loop
   vertex 48.9613 -16.4896 46.7208
   vertex 49.2179 -11.8923 51.1023
   vertex 46.1359 -15.5380 51.1023
  endloop
 endfacet
 facet normal 0.57167 -0.48328 0.66305
  outer loop
   vertex 46.1359 -15.5380 51.1023
   vertex 49.2179 -11.8923 51.1023
   vertex 45.2869 -10.9424 55.1838
  endloop
 endfacet
 facet normal 0.57167 -0.48328 0.66305
  outer loop
   vertex 46.1359 -15.5380 51.1023
   vertex 45.2869 -10.9424 55.1838
   vertex 42.4510 -14.2970 55.1838
  endloop
 endfacet
 facet normal 0.49252 -0.41637 0.76424
  outer loop
   vertex 42.4510 -14.2970 55.1838
   vertex 45.2869 -10.9424 55.1838
   vertex 40.5123 -9.7888 58.8894
  endloop
 endfacet
 facet normal 0.49252 -0.41637 0.76424
  outer loop
   vertex 42.4510 -14.2970 55.1838
   vertex 40.5123 -9.7888 58.8894
   vertex 37.9754 -12.7896 58.8894
  endloop
 endfacet
 facet normal 0.41220 -0.34847 0.84182
  outer loop
   vertex 37.9754 -12.7896 58.8894
   vertex 40.5123 -9.7888 58.8894
   vertex 34.9830 -8.4527 62.1499
  endloop
 endfacet
 facet normal 0.41220 -0.34847 0.84182
  outer loop
   vertex 37.9754 -12.7896 58.8894
   vertex 34.9830 -8.4527 62.1499
   vertex 32.7923 -11.0440 62.1499
  endloop
 endfacet
 facet normal 0.33304 -0.28155 0.89990
  outer loop
   vertex 32.7923 -11.0440 62.1499
   vertex 34.9830 -8.4527 62.1499
   vertex 28.8020 -6.9593 64.9047
  endloop
 endfacet
 facet normal 0.33304 -0.28155 0.89990
  outer loop
   vertex 32.7923 -11.0440 62.1499
   vertex 28.8020 -6.9593 64.9047
   vertex 26.9984 -9.0927 64.9047
  endloop
 endfacet
 facet normal 0.25596 -0.21638 0.94216
  outer loop
   vertex 26.9984 -9.0927 64.9047
   vertex 28.8020 -6.9593 64.9047
   vertex 22.0845 -5.3362 67.1024
  endloop
 endfacet
 facet normal 0.25596 -0.21638 0.94216
  outer loop
   vertex 26.9984 -9.0927 64.9047
   vertex 22.0845 -5.3362 67.1024
   vertex 20.7015 -6.9720 67.1024
  endloop
 endfacet
 facet normal 0.18102 -0.15304 0.97150
  outer loop
   vertex 20.7015 -6.9720 67.1024
   vertex 22.0845 -5.3362 67.1024
   vertex 14.9556 -3.6136 68.7021
  endloop
 endfacet
 facet normal 0.18102 -0.15304 0.97150
  outer loop
   vertex 20.7015 -6.9720 67.1024
   vertex 14.9556 -3.6136 68.7021
   vertex 14.0191 -4.7214 68.7021
  endloop
 endfacet
 facet normal 0.10786 -0.09118 0.98998
  outer loop
   vertex 14.0191 -4.7214 68.7021
   vertex 14.9556 -3.6136 68.7021
   vertex 7.5481 -1.8238 69.6740
  endloop
 endfacet
 facet normal 0.10786 -0.09118 0.98998
  outer loop
   vertex 14.0191 -4.7214 68.7021
   vertex 7.5481 -1.8238 69.6740
   vertex 7.0754 -2.3829 69.6740
  endloop
 endfacet
 facet normal 0.03582 -0.03028 0.99890
  outer loop
   vertex 7.0754 -2.3829 69.6740
   vertex 7.5481 -1.8238 69.6740
   vertex 0.0000 -0.0000 70.0000
  endloop
 endfacet
 facet normal 0.00000 0.00000 0.00000
  outer loop
   vertex 7.0754 -2.3829 69.6740
   vertex 0.0000 -0.0000 70.0000
   vertex 0.0000 -0.0000 70.0000
  endloop
 endfacet
 facet normal 0.00000 0.00000 0.00000
  outer loop
   vertex 0.0000 -0.0000 0.0000
   vertex 0.0000 -0.0000 0.0000
   vertex 7.8916 -1.2335 0.3260
  endloop
 endfacet
 facet normal 0.03783 -0.02201 -0.99904
  outer loop
   vertex 0.0000 -0.0000 0.0000
   vertex 7.8916 -1.2335 0.3260
   vertex 7.5481 -1.8238 0.3260
  endloop
 endfacet
 facet normal 0.11403 -0.06635 -0.99126
  outer loop
   vertex 7.5481 -1.8238 0.3260
   vertex 7.8916 -1.2335 0.3260
   vertex 15.6362 -2.4440 1.2979
  endloop
 endfacet
 facet normal 0.11403 -0.06635 -0.99126
  outer loop
   vertex 7.5481 -1.8238 0.3260
   vertex 15.6362 -2.4440 1.2979
   vertex 14.9556 -3.6136 1.2979
  endloop
 endfacet
 facet normal 0.19183 -0.11163 -0.97506
  outer loop
   vertex 14.9556 -3.6136 1.2979
   vertex 15.6362 -2.4440 1.2979
   vertex 23.0896 -3.6090 2.8976
  endloop
 endfacet
 facet normal 0.19183 -0.11163 -0.97506
  outer loop
   vertex 14.9556 -3.6136 1.2979
   vertex 23.0896 -3.6090 2.8976
   vertex 22.0845 -5.3362 2.8976
  endloop
 endfacet
 facet normal 0.27223 -0.15842 -0.94910
  outer loop
   vertex 22.0845 -5.3362 2.8976
   vertex 23.0896 -3.6090 2.8976
   vertex 30.1128 -4.7067 5.0953
  endloop
 endfacet
 facet normal 0.27223 -0.15842 -0.94910
  outer loop
   vertex 22.0845 -5.3362 2.8976
   vertex 30.1128 -4.7067 5.0953
   vertex 28.8020 -6.9593 5.0953
  endloop
 endfacet
 facet normal 0.35605 -0.20719 -0.91121
  outer loop
   vertex 28.8020 -6.9593 5.0953
   vertex 30.1128 -4.7067 5.0953
   vertex 36.5750 -5.7168 7.8501
  endloop
 endfacet
 facet normal 0.35605 -0.20719 -0.91121
  outer loop
   vertex 28.8020 -6.9593 5.0953
   vertex 36.5750 -5.7168 7.8501
   vertex 34.9830 -8.4527 7.8501
  endloop
 endfacet
 facet normal 0.44368 -0.25818 -0.85819
  outer loop
   vertex 34.9830 -8.4527 7.8501
   vertex 36.5750 -5.7168 7.8501
   vertex 42.3560 -6.6204 11.1106
  endloop
 endfacet
 facet normal 0.44368 -0.25818 -0.85819
  outer loop
   vertex 34.9830 -8.4527 7.8501
   vertex 42.3560 -6.6204 11.1106
   vertex 40.5123 -9.7888 11.1106
  endloop
 endfacet
 facet normal 0.53463 -0.31111 -0.78574
  outer loop
   vertex 40.5123 -9.7888 11.1106
   vertex 42.3560 -6.6204 11.1106
   vertex 47.3479 -7.4007 14.8162
  endloop
 endfacet
 facet normal 0.53463 -0.31111 -0.78574
  outer loop
   vertex 40.5123 -9.7888 11.1106
   vertex 47.3479 -7.4007 14.8162
   vertex 45.2869 -10.9424 14.8162
  endloop
 endfacet
 facet normal 0.62678 -0.36474 -0.68855
  outer loop
   vertex 45.2869 -10.9424 14.8162
   vertex 47.3479 -7.4007 14.8162
   vertex 51.4579 -8.0431 18.8977
  endloop
 endfacet
 facet normal 0.62678 -0.36474 -0.68855
  outer loop
   vertex 45.2869 -10.9424 14.8162
   vertex 51.4579 -8.0431 18.8977
   vertex 49.2179 -11.8923 18.8977
  endloop
 endfacet
 facet normal 0.71532 -0.41626 -0.56129
  outer loop
   vertex 49.2179 -11.8923 18.8977
   vertex 51.4579 -8.0431 18.8977
   vertex 54.6092 -8.5356 23.2792
  endloop
 endfacet
 facet normal 0.71532 -0.41626 -0.56129
  outer loop
   vertex 49.2179 -11.8923 18.8977
   vertex 54.6092 -8.5356 23.2792
   vertex 52.2321 -12.6206 23.2792
  endloop
 endfacet
 facet normal 0.79185 -0.46080 -0.40080
  outer loop
   vertex 52.2321 -12.6206 23.2792
   vertex 54.6092 -8.5356 23.2792
   vertex 56.7434 -8.8692 27.8790
  endloop
 endfacet
 facet normal 0.79185 -0.46080 -0.40080
  outer loop
   vertex 52.2321 -12.6206 23.2792
   vertex 56.7434 -8.8692 27.8790
   vertex 54.2733 -13.1138 27.8790
  endloop
 endfacet
 facet normal 0.84507 -0.49176 -0.20983
  outer loop
   vertex 54.2733 -13.1138 27.8790
   vertex 56.7434 -8.8692 27.8790
   vertex 57.8204 -9.0375 32.6115
  endloop
 endfacet
 facet normal 0.84507 -0.49176 -0.20983
  outer loop
   vertex 54.2733 -13.1138 27.8790
   vertex 57.8204 -9.0375 32.6115
   vertex 55.3035 -13.3627 32.6115
  endloop
 endfacet
 facet normal 0.86431 -0.50296 0.00000
  outer loop
   vertex 55.3035 -13.3627 32.6115
   vertex 57.8204 -9.0375 32.6115
   vertex 57.8204 -9.0375 37.3885
  endloop
 endfacet
 facet normal 0.86431 -0.50296 0.00000
  outer loop
   vertex 55.3035 -13.3627 32.6115
   vertex 57.8204 -9.0375 37.3885
   vertex 55.3035 -13.3627 37.3885
  endloop
 endfacet
 facet normal 0.84507 -0.49176 0.20983
  outer loop
   vertex 55.3035 -13.3627 37.3885
   vertex 57.8204 -9.0375 37.3885
   vertex 56.7434 -8.8692 42.1210
  endloop
 endfacet
 facet normal 0.84507 -0.49176 0.20983
  outer loop
   vertex 55.3035 -13.3627 37.3885
   vertex 56.7434 -8.8692 42.1210
   vertex 54.2733 -13.1138 42.1210
  endloop
 endfacet
 facet normal 0.79185 -0.46080 0.40080
  outer loop
   vertex 54.2733 -13.1138 42.1210
   vertex 56.7434 -8.8692 42.1210
   vertex 54.6092 -8.5356 46.7208
  endloop
 endfacet
 facet normal 0.79185 -0.46080 0.40080
  outer loop
   vertex 54.2733 -13.1138 42.1210
   vertex 54.6092 -8.5356 46.7208
   vertex 52.2321 -12.6206 46.7208
  endloop
 endfacet
 facet normal 0.71532 -0.41626 0.56129
  outer loop
   vertex 52.2321 -12.6206 46.7208
   vertex 54.6092 -8.5356 46.7208
   vertex 51.4579 -8.0431 51.1023
  endloop
 endfacet
 facet normal 0.71532 -0.41626 0.56129
  outer loop
   vertex 52.2321 -12.6206 46.7208
   vertex 51.4579 -8.0431 51.1023
   vertex 49.2179 -11.8923 51.1023
  endloop
 endfacet
 facet normal 0.62678 -0.36474 0.68855
  outer loop
   vertex 49.2179 -11.8923 51.1023
   vertex 51.4579 -8.0431 51.1023
   vertex 47.3479 -7.4007 55.1838
  endloop
 endfacet
 facet normal 0.62678 -0.36474 0.68855
  outer loop
   vertex 49.2179 -11.8923 51.1023
   vertex 47.3479 -7.4007 55.1838
   vertex 45.2869 -10.9424 55.1838
  endloop
 endfacet
 facet normal 0.53463 -0.31111 0.78574
  outer loop
   vertex 45.2869 -10.9424 55.1838
   vertex 47.3479 -7.4007 55.1838
   vertex 42.3560 -6.6204 58.8894
  endloop
 endfacet
 facet normal 0.53463 -0.31111 0.78574
  outer loop
   vertex 45.2869 -10.9424 55.1838
   vertex 42.3560 -6.6204 58.8894
   vertex 40.5123 -9.7888 58.8894
  endloop
 endfacet
 facet normal 0.44368 -0.25818 0.85819
  outer loop
   vertex 40.5123 -9.7888 58.8894
   vertex 42.3560 -6.6204 58.8894
   vertex 36.5750 -5.7168 62.1499
  endloop
 endfacet
 facet normal 0.44368 -0.25818 0.85819
  outer loop
   vertex 40.5123 -9.7888 58.8894
   vertex 36.5750 -5.7168 62.1499
   vertex 34.9830 -8.4527 62.1499
  endloop
 endfacet
 facet normal 0.35605 -0.20719 0.91121
  outer loop
   vertex 34.9830 -8.4527 62.1499
   vertex 36.5750 -5.7168 62.1499
   vertex 30.1128 -4.7067 64.9047
  endloop
 endfacet
 facet normal 0.35605 -0.20719 0.91121
  outer loop
   vertex 34.9830 -8.4527 62.1499
   vertex 30.1128 -4.7067 64.9047
   vertex 28.8020 -6.9593 64.9047
  endloop
 endfacet
 facet normal 0.27223 -0.15842 0.94910
  outer loop
   vertex 28.8020 -6.9593 64.9047
   vertex 30.1128 -4.7067 64.9047
   vertex 23.0896 -3.6090 67.1024
  endloop
 endfacet
 facet normal 0.27223 -0.15842 0.94910
  outer loop
   vertex 28.8020 -6.9593 64.9047
   vertex 23.0896 -3.6090 67.1024
   vertex 22.0845 -5.3362 67.1024
  endloop
 endfacet
 facet normal 0.19183 -0.11163 0.97506
  outer loop
   vertex 22.0845 -5.3362 67.1024
   vertex 23.0896 -3.6090 67.1024
   vertex 15.6362 -2.4440 68.7021
  endloop
 endfacet
 facet normal 0.19183 -0.11163 0.97506
  outer loop
   vertex 22.0845 -5.3362 67.1024
   vertex 15.6362 -2.4440 68.7021
   vertex 14.9556 -3.6136 68.7021
  endloop
 endfacet
 facet normal 0.11403 -0.06635 0.99126
  outer loop
   vertex 14.9556 -3.6136 68.7021
   vertex 15.6362 -2.4440 68.7021
   vertex 7.8916 -1.2335 69.6740
  endloop
 endfacet
 facet normal 0.11403 -0.06635 0.99126
  outer loop
   vertex 14.9556 -3.6136 68.7021
   vertex 7.8916 -1.2335 69.6740
   vertex 7.5481 -1.8238 69.6740
  endloop
 endfacet
 facet normal 0.03783 -0.02201 0.99904
  outer loop
   vertex 7.5481 -1.8238 69.6740
   vertex 7.8916 -1.2335 69.6740
   vertex 0.0000 -0.0000 70.0000
  endloop
 endfacet
 facet normal 0.00000 0.00000 0.00000
  outer loop
   vertex 7.5481 -1.8238 69.6740
   vertex 0.0000 -0.0000 70.0000
   vertex 0.0000 -0.0000 70.0000
  endloop
 endfacet
 facet normal 0.00000 0.00000 0.00000
  outer loop
   vertex 0.0000 -0.0000 0.0000
   vertex 0.0000 -0.0000 0.0000
   vertex 8.1001 -0.6221 0.3260
  endloop
 endfacet
 facet normal 0.03918 -0.01336 -0.99914
  outer loop
   vertex 0.0000 -0.0000 0.0000
   vertex 8.1001 -0.6221 0.3260
   vertex 7.8916 -1.2335 0.3260
  endloop
 endfacet
 facet normal 0.11821 -0.04031 -0.99217
  outer loop
   vertex 7.8916 -1.2335 0.3260
   vertex 8.1001 -0.6221 0.3260
   vertex 16.0493 -1.2325 1.2979
  endloop
 endfacet
 facet normal 0.11821 -0.04031 -0.99217
  outer loop
   vertex 7.8916 -1.2335 0.3260
   vertex 16.0493 -1.2325 1.2979
   vertex 15.6362 -2.4440 1.2979
  endloop
 endfacet
 facet normal 0.19921 -0.06793 -0.97760
  outer loop
   vertex 15.6362 -2.4440 1.2979
   vertex 16.0493 -1.2325 1.2979
   vertex 23.6996 -1.8201 2.8976
  endloop
 endfacet
 facet normal 0.19921 -0.06793 -0.97760
  outer loop
   vertex 15.6362 -2.4440 1.2979
   vertex 23.6996 -1.8201 2.8976
   vertex 23.0896 -3.6090 2.8976
  endloop
 endfacet
 facet normal 0.28345 -0.09665 -0.95410
  outer loop
   vertex 23.0896 -3.6090 2.8976
   vertex 23.6996 -1.8201 2.8976
   vertex 30.9083 -2.3737 5.0953
  endloop
 endfacet
 facet normal 0.28345 -0.09665 -0.95410
  outer loop
   vertex 23.0896 -3.6090 2.8976
   vertex 30.9083 -2.3737 5.0953
   vertex 30.1128 -4.7067 5.0953
  endloop
 endfacet
 facet normal 0.37212 -0.12689 -0.91947
  outer loop
   vertex 30.1128 -4.7067 5.0953
   vertex 30.9083 -2.3737 5.0953
   vertex 37.5413 -2.8831 7.8501
  endloop
 endfacet
 facet normal 0.37212 -0.12689 -0.91947
  outer loop
   vertex 30.1128 -4.7067 5.0953
   vertex 37.5413 -2.8831 7.8501
   vertex 36.5750 -5.7168 7.8501
  endloop
 endfacet
 facet normal 0.46606 -0.15892 -0.87036
  outer loop
   vertex 36.5750 -5.7168 7.8501
   vertex 37.5413 -2.8831 7.8501
   vertex 43.4750 -3.3388 11.1106
  endloop
 endfacet
 facet normal 0.46606 -0.15892 -0.87036
  outer loop
   vertex 36.5750 -5.7168 7.8501
   vertex 43.4750 -3.3388 11.1106
   vertex 42.3560 -6.6204 11.1106
  endloop
 endfacet
 facet normal 0.56526 -0.19275 -0.80208
  outer loop
   vertex 42.3560 -6.6204 11.1106
   vertex 43.4750 -3.3388 11.1106
   vertex 48.5988 -3.7323 14.8162
  endloop
 endfacet
 facet normal 0.56526 -0.19275 -0.80208
  outer loop
   vertex 42.3560 -6.6204 11.1106
   vertex 48.5988 -3.7323 14.8162
   vertex 47.3479 -7.4007 14.8162
  endloop
 endfacet
 facet normal 0.66797 -0.22777 -0.70847
  outer loop
   vertex 47.3479 -7.4007 14.8162
   vertex 48.5988 -3.7323 14.8162
   vertex 52.8174 -4.0562 18.8977
  endloop
 endfacet
 facet normal 0.66797 -0.22777 -0.70847
  outer loop
   vertex 47.3479 -7.4007 14.8162
   vertex 52.8174 -4.0562 18.8977
   vertex 51.4579 -8.0431 18.8977
  endloop
 endfacet
 facet normal 0.76918 -0.26229 -0.58272
  outer loop
   vertex 51.4579 -8.0431 18.8977
   vertex 52.8174 -4.0562 18.8977
   vertex 56.0520 -4.3046 23.2792
  endloop
 endfacet
 facet normal 0.76918 -0.26229 -0.58272
  outer loop
   vertex 51.4579 -8.0431 18.8977
   vertex 56.0520 -4.3046 23.2792
   vertex 54.6092 -8.5356 23.2792
  endloop
 endfacet
 facet normal 0.85905 -0.29293 -0.41980
  outer loop
   vertex 54.6092 -8.5356 23.2792
   vertex 56.0520 -4.3046 23.2792
   vertex 58.2425 -4.4729 27.8790
  endloop
 endfacet
 facet normal 0.85905 -0.29293 -0.41980
  outer loop
   vertex 54.6092 -8.5356 23.2792
   vertex 58.2425 -4.4729 27.8790
   vertex 56.7434 -8.8692 27.8790
  endloop
 endfacet
 facet normal 0.92302 -0.31474 -0.22127
  outer loop
   vertex 56.7434 -8.8692 27.8790
   vertex 58.2425 -4.4729 27.8790
   vertex 59.3480 -4.5578 32.6115
  endloop
 endfacet
 facet normal 0.92302 -0.31474 -0.22127
  outer loop
   vertex 56.7434 -8.8692 27.8790
   vertex 59.3480 -4.5578 32.6115
   vertex 57.8204 -9.0375 32.6115
  endloop
 endfacet
 facet normal 0.94649 -0.32274 0.00000
  outer loop
   vertex 57.8204 -9.0375 32.6115
   vertex 59.3480 -4.5578 32.6115
   vertex 59.3480 -4.5578 37.3885
  endloop
 endfacet
 facet normal 0.94649 -0.32274 0.00000
  outer loop
   vertex 57.8204 -9.0375 32.6115
   vertex 59.3480 -4.5578 37.3885
   vertex 57.8204 -9.0375 37.3885
  endloop
 endfacet
 facet normal 0.92302 -0.31474 0.22127
  outer loop
   vertex 57.8204 -9.0375 37.3885
   vertex 59.3480 -4.5578 37.3885
   vertex 58.2425 -4.4729 42.1210
  endloop
 endfacet
 facet normal 0.92302 -0.31474 0.22127
  outer loop
   vertex 57.8204 -9.0375 37.3885
   vertex 58.2425 -4.4729 42.1210
   vertex 56.7434 -8.8692 42.1210
  endloop
 endfacet
 facet normal 0.85905 -0.29293 0.41980
  outer loop
   vertex 56.7434 -8.8692 42.1210
   vertex 58.2425 -4.4729 42.1210
   vertex 56.0520 -4.3046 46.7208
  endloop
 endfacet
 facet normal 0.85905 -0.29293 0.41980
  outer loop
   vertex 56.7434 -8.8692 42.1210
   vertex 56.0520 -4.3046 46.7208
   vertex 54.6092 -8.5356 46.7208
  endloop
 endfacet
 facet normal 0.76918 -0.26229 0.58272
  outer loop
   vertex 54.6092 -8.5356 46.7208
   vertex 56.0520 -4.3046 46.7208
   vertex 52.8174 -4.0562 51.1023
  endloop
 endfacet
 facet normal 0.76918 -0.26229 0.58272
  outer loop
   vertex 54.6092 -8.5356 46.7208
   vertex 52.8174 -4.0562 51.1023
   vertex 51.4579 -8.0431 51.1023
  endloop
 endfacet
 facet normal 0.66797 -0.22777 0.70847
  outer loop
   vertex 51.4579 -8.0431 51.1023
   vertex 52.8174 -4.0562 51.1023
   vertex 48.5988 -3.7323 55.1838
  endloop
 endfacet
 facet normal 0.66797 -0.22777 0.70847
  outer loop
   vertex 51.4579 -8.0431 51.1023
   vertex 48.5988 -3.7323 55.1838
   vertex 47.3479 -7.4007 55.1838
  endloop
 endfacet
 facet normal 0.56526 -0.19275 0.80208
  outer loop
   vertex 47.3479 -7.4007 55.1838
   vertex 48.5988 -3.7323 55.1838
   vertex 43.4750 -3.3388 58.8894
  endloop
 endfacet
 facet normal 0.56526 -0.19275 0.80208
  outer loop
   vertex 47.3479 -7.4007 55.1838
   vertex 43.4750 -3.3388 58.8894
   vertex 42.3560 -6.6204 58.8894
  endloop
 endfacet
 facet normal 0.46606 -0.15892 0.87036
  outer loop
   vertex 42.3560 -6.6204 58.8894
   vertex 43.4750 -3.3388 58.8894
   vertex 37.5413 -2.8831 62.1499
  endloop
 endfacet
 facet normal 0.46606 -0.15892 0.87036
  outer loop
   vertex 42.3560 -6.6204 58.8894
   vertex 37.5413 -2.8831 62.1499
   vertex 36.5750 -5.7168 62.1499
  endloop
 endfacet
 facet normal 0.37212 -0.12689 0.91947
  outer loop
   vertex 36.5750 -5.7168 62.1499
   vertex 37.5413 -2.8831 62.1499
   vertex 30.9083 -2.3737 64.9047
  endloop
 endfacet
 facet normal 0.37212 -0.12689 0.91947
  outer loop
   vertex 36.5750 -5.7168 62.1499
   vertex 30.9083 -2.3737 64.9047
   vertex 30.1128 -4.7067 64.9047
  endloop
 endfacet
 facet normal 0.28345 -0.09665 0.95410
  outer loop
   vertex 30.1128 -4.7067 64.9047
   vertex 30.9083 -2.3737 64.9047
   vertex 23.6996 -1.8201 67.1024
  endloop
 endfacet
 facet normal 0.28345 -0.09665 0.95410
  outer loop
   vertex 30.1128 -4.7067 64.9047
   vertex 23.6996 -1.8201 67.1024
   vertex 23.0896 -3.6090 67.1024
  endloop
 endfacet
 facet normal 0.19921 -0.06793 0.97760
  outer loop
   vertex 23.0896 -3.6090 67.1024
   vertex 23.6996 -1.8201 67.1024
   vertex 16.0493 -1.2325 68.7021
  endloop
 endfacet
 facet normal 0.19921 -0.06793 0.97760
  outer loop
   vertex 23.0896 -3.6090 67.1024
   vertex 16.0493 -1.2325 68.7021
   vertex 15.6362 -2.4440 68.7021
  endloop
 endfacet
 facet normal 0.11821 -0.04031 0.99217
  outer loop
   vertex 15.6362 -2.4440 68.7021
   vertex 16.0493 -1.2325 68.7021
   vertex 8.1001 -0.6221 69.6740
  endloop
 endfacet
 facet normal 0.11821 -0.04031 0.99217
  outer loop
   vertex 15.6362 -2.4440 68.7021
   vertex 8.1001 -0.6221 69.6740
   vertex 7.8916 -1.2335 69.6740
  endloop
 endfacet
 facet normal 0.03918 -0.01336 0.99914
  outer loop
   vertex 7.8916 -1.2335 69.6740
   vertex 8.1001 -0.6221 69.6740
   vertex 0.0000 -0.0000 70.0000
  endloop
 endfacet
 facet normal 0.00000 0.00000 0.00000
  outer loop
   vertex 7.8916 -1.2335 69.6740
   vertex 0.0000 -0.0000 70.0000
   vertex 0.0000 -0.0000 70.0000
  endloop
 endfacet
 facet normal 0.00000 0.00000 0.00000
  outer loop
   vertex 0.0000 -0.0000 0.0000
   vertex 0.0000 0.0000 0.0000
   vertex 8.1700 0.0000 0.3260
  endloop
 endfacet
 facet normal 0.03987 -0.00448 -0.99919
  outer loop
   vertex 0.0000 -0.0000 0.0000
   vertex 8.1700 0.0000 0.3260
   vertex 8.1001 -0.6221 0.3260
  endloop
 endfacet
 facet normal 0.12033 -0.01352 -0.99264
  outer loop
   vertex 8.1001 -0.6221 0.3260
   vertex 8.1700 0.0000 0.3260
   vertex 16.1878 0.0000 1.2979
  endloop
 endfacet
 facet normal 0.12033 -0.01352 -0.99264
  outer loop
   vertex 8.1001 -0.6221 0.3260
   vertex 16.1878 0.0000 1.2979
   vertex 16.0493 -1.2325 1.2979
  endloop
 endfacet
 facet normal 0.20295 -0.02280 -0.97892
  outer loop
   vertex 16.0493 -1.2325 1.2979
   vertex 16.1878 0.0000 1.2979
   vertex 23.9041 0.0000 2.8976
  endloop
 endfacet
 facet normal 0.20295 -0.02280 -0.97892
  outer loop
   vertex 16.0493 -1.2325 1.2979
   vertex 23.9041 0.0000 2.8976
   vertex 23.6996 -1.8201 2.8976
  endloop
 endfacet
 facet normal 0.28918 -0.03249 -0.95672
  outer loop
   vertex 23.6996 -1.8201 2.8976
   vertex 23.9041 0.0000 2.8976
   vertex 31.1750 0.0000 5.0953
  endloop
 endfacet
 facet normal 0.28918 -0.03249 -0.95672
  outer loop
   vertex 23.6996 -1.8201 2.8976
   vertex 31.1750 0.0000 5.0953
   vertex 30.9083 -2.3737 5.0953
  endloop
 endfacet
 facet normal 0.38040 -0.04274 -0.92383
  outer loop
   vertex 30.9083 -2.3737 5.0953
   vertex 31.1750 0.0000 5.0953
   vertex 37.8653 0.0000 7.8501
  endloop
 endfacet
 facet normal 0.38040 -0.04274 -0.92383
  outer loop
   vertex 30.9083 -2.3737 5.0953
   vertex 37.8653 0.0000 7.8501
   vertex 37.5413 -2.8831 7.8501
  endloop
 endfacet
 facet normal 0.47772 -0.05368 -0.87687
  outer loop
   vertex 37.5413 -2.8831 7.8501
   vertex 37.8653 0.0000 7.8501
   vertex 43.8502 0.0000 11.1106
  endloop
 endfacet
 facet normal 0.47772 -0.05368 -0.87687
  outer loop
   vertex 37.5413 -2.8831 7.8501
   vertex 43.8502 0.0000 11.1106
   vertex 43.4750 -3.3388 11.1106
  endloop
 endfacet
 facet normal 0.58146 -0.06533 -0.81095
  outer loop
   vertex 43.4750 -3.3388 11.1106
   vertex 43.8502 0.0000 11.1106
   vertex 49.0182 0.0000 14.8162
  endloop
 endfacet
 facet normal 0.58146 -0.06533 -0.81095
  outer loop
   vertex 43.4750 -3.3388 11.1106
   vertex 49.0182 0.0000 14.8162
   vertex 48.5988 -3.7323 14.8162
  endloop
 endfacet
 facet normal 0.69017 -0.07755 -0.71948
  outer loop
   vertex 48.5988 -3.7323 14.8162
   vertex 49.0182 0.0000 14.8162
   vertex 53.2731 0.0000 18.8977
  endloop
 endfacet
 facet normal 0.69017 -0.07755 -0.71948
  outer loop
   vertex 48.5988 -3.7323 14.8162
   vertex 53.2731 0.0000 18.8977
   vertex 52.8174 -4.0562 18.8977
  endloop
 endfacet
 facet normal 0.79883 -0.08976 -0.59482
  outer loop
   vertex 52.8174 -4.0562 18.8977
   vertex 53.2731 0.0000 18.8977
   vertex 56.5357 0.0000 23.2792
  endloop
 endfacet
 facet normal 0.79883 -0.08976 -0.59482
  outer loop
   vertex 52.8174 -4.0562 18.8977
   vertex 56.5357 0.0000 23.2792
   vertex 56.0520 -4.3046 23.2792
  endloop
 endfacet
 facet normal 0.89682 -0.10077 -0.43076
  outer loop
   vertex 56.0520 -4.3046 23.2792
   vertex 56.5357 0.0000 23.2792
   vertex 58.7450 0.0000 27.8790
  endloop
 endfacet
 facet normal 0.89682 -0.10077 -0.43076
  outer loop
   vertex 56.0520 -4.3046 23.2792
   vertex 58.7450 0.0000 27.8790
   vertex 58.2425 -4.4729 27.8790
  endloop
 endfacet
 facet normal 0.96758 -0.10872 -0.22798
  outer loop
   vertex 58.2425 -4.4729 27.8790
   vertex 58.7450 0.0000 27.8790
   vertex 59.8601 0.0000 32.6115
  endloop
 endfacet
 facet normal 0.96758 -0.10872 -0.22798
  outer loop
   vertex 58.2425 -4.4729 27.8790
   vertex 59.8601 0.0000 32.6115
   vertex 59.3480 -4.5578 32.6115
  endloop
 endfacet
 facet normal 0.99375 -0.11166 0.00000
  outer loop
   vertex 59.3480 -4.5578 32.6115
   vertex 59.8601 0.0000 32.6115
   vertex 59.8601 0.0000 37.3885
  endloop
 endfacet
 facet normal 0.99375 -0.11166 0.00000
  outer loop
   vertex 59.3480 -4.5578 32.6115
   vertex 59.8601 0.0000 37.3885
   vertex 59.3480 -4.5578 37.3885
  endloop
 endfacet
 facet normal 0.96758 -0.10872 0.22798
  outer loop
   vertex 59.3480 -4.5578 37.3885
   vertex 59.8601 0.0000 37.3885
   vertex 58.7450 0.0000 42.1210
  endloop
 endfacet
 facet normal 0.96758 -0.10872 0.22798
  outer loop
   vertex 59.3480 -4.5578 37.3885
   vertex 58.7450 0.0000 42.1210
   vertex 58.2425 -4.4729 42.1210
  endloop
 endfacet
 facet normal 0.89682 -0.10077 0.43076
  outer loop
   vertex 58.2425 -4.4729 42.1210
   vertex 58.7450 0.0000 42.1210
   vertex 56.5357 0.0000 46.7208
  endloop
 endfacet
 facet normal 0.89682 -0.10077 0.43076
  outer loop
   vertex 58.2425 -4.4729 42.1210
   vertex 56.5357 0.0000 46.7208
   vertex 56.0520 -4.3046 46.7208
  endloop
 endfacet
 facet normal 0.79883 -0.08976 0.59482
  outer loop
   vertex 56.0520 -4.3046 46.7208
   vertex 56.5357 0.0000 46.7208
   vertex 53.2731 0.0000 51.1023
  endloop
 endfacet
 facet normal 0.79883 -0.08976 0.59482
  outer loop
   vertex 56.0520 -4.3046 46.7208
   vertex 53.2731 0.0000 51.1023
   vertex 52.8174 -4.0562 51.1023
  endloop
 endfacet
 facet normal 0.69017 -0.07755 0.71948
  outer loop
   vertex 52.8174 -4.0562 51.1023
   vertex 53.2731 0.0000 51.1023
   vertex 49.0182 0.0000 55.1838
  endloop
 endfacet
 facet normal 0.69017 -0.07755 0.71948
  outer loop
   vertex 52.8174 -4.0562 51.1023
   vertex 49.0182 0.0000 55.1838
   vertex 48.5988 -3.7323 55.1838
  endloop
 endfacet
 facet normal 0.58146 -0.06533 0.81095
  outer loop
   vertex 48.5988 -3.7323 55.1838
   vertex 49.0182 0.0000 55.1838
   vertex 43.8502 0.0000 58.8894
  endloop
 endfacet
 facet normal 0.58146 -0.06533 0.81095
  outer loop
   vertex 48.5988 -3.7323 55.1838
   vertex 43.8502 0.0000 58.8894
   vertex 43.4750 -3.3388 58.8894
  endloop
 endfacet
 facet normal 0.47772 -0.05368 0.87687
  outer loop
   vertex 43.4750 -3.3388 58.8894
   vertex 43.8502 0.0000 58.8894
   vertex 37.8653 0.0000 62.1499
  endloop
 endfacet
 facet normal 0.47772 -0.05368 0.87687
  outer loop
   vertex 43.4750 -3.3388 58.8894
   vertex 37.8653 0.0000 62.1499
   vertex 37.5413 -2.8831 62.1499
  endloop
 endfacet
 facet normal 0.38040 -0.04274 0.92383
  outer loop
   vertex 37.5413 -2.8831 62.1499
   vertex 37.8653 0.0000 62.1499
   vertex 31.1750 0.0000 64.9047
  endloop
 endfacet
 facet normal 0.38040 -0.04274 0.92383
  outer loop
   vertex 37.5413 -2.8831 62.1499
   vertex 31.1750 0.0000 64.9047
   vertex 30.9083 -2.3737 64.9047
  endloop
 endfacet
 facet normal 0.28918 -0.03249 0.95672
  outer loop
   vertex 30.9083 -2.3737 64.9047
   vertex 31.1750 0.0000 64.9047
   vertex 23.9041 0.0000 67.1024
  endloop
 endfacet
 facet normal 0.28918 -0.03249 0.95672
  outer loop
   vertex 30.9083 -2.3737 64.9047
   vertex 23.9041 0.0000 67.1024
   vertex 23.6996 -1.8201 67.1024
  endloop
 endfacet
 facet normal 0.20295 -0.02280 0.97892
  outer loop
   vertex 23.6996 -1.8201 67.1024
   vertex 23.9041 0.0000 67.1024
   vertex 16.1878 0.0000 68.7021
  endloop
 endfacet
 facet normal 0.20295 -0.02280 0.97892
  outer loop
   vertex 23.6996 -1.8201 67.1024
   vertex 16.1878 0.0000 68.7021
   vertex 16.0493 -1.2325 68.7021
  endloop
 endfacet
 facet normal 0.12033 -0.01352 0.99264
  outer loop
   vertex 16.0493 -1.2325 68.7021
   vertex 16.1878 0.0000 68.7021
   vertex 8.1700 0.0000 69.6740
  endloop
 endfacet
 facet normal 0.12033 -0.01352 0.99264
  outer loop
   vertex 16.0493 -1.2325 68.7021
   vertex 8.1700 0.0000 69.6740
   vertex 8.1001 -0.6221 69.6740
  endloop
 endfacet
 facet normal 0.03987 -0.00448 0.99919
  outer loop
   vertex 8.1001 -0.6221 69.6740
   vertex 8.1700 0.0000 69.6740
   vertex 0.0000 0.0000 70.0000
  endloop
 endfacet
 facet normal 0.00000 0.00000 0.00000
  outer loop
   vertex 8.1001 -0.6221 69.6740
   vertex 0.0000 0.0000 70.0000
   vertex 0.0000 -0.0000 70.0000
  endloop
 endfacet
endsolid 타원
